a	63977
in	19051
the	18453
on	10804
dog	10284
is	9353
and	8877
with	7784
man	7292
of	6739
two	5660
boy	4256
girl	4190
woman	4059
white	3966
black	3853
are	3525
to	3192
wearing	3057
at	2912
people	2905
water	2869
child	2711
red	2708
young	2641
brown	2581
an	2435
his	2355
blue	2288
shirt	2097
running	2075
through	2035
playing	2020
while	1971
ball	1884
down	1849
standing	1792
little	1776
grass	1625
snow	1600
person	1543
jumping	1474
over	1423
three	1395
stand	1394
jump	1387
front	1387
sitting	1370
up	1343
it	1326
holding	1323
field	1294
run	1293
play	1281
small	1279
by	1248
large	1239
green	1236
group	1227
one	1225
yellow	1222
air	1212
her	1176
walking	1165
men	1120
into	1066
beach	1053
mouth	1027
near	1025
player	1019
rock	1016
street	976
bike	973
another	958
for	951
from	920
riding	911
walk	884
outside	792
hat	787
mountain	776
other	776
look	774
off	768
out	767
next	751
looking	748
orange	748
jacket	747
pink	741
ride	715
camera	712
their	699
pool	691
tree	688
around	648
behind	633
toy	630
some	629
hand	606
dirt	591
background	591
soccer	584
building	582
sits	577
dressed	571
wall	567
ha	562
face	561
hold	560
crowd	537
stick	530
along	529
kid	528
watch	518
top	516
climbing	509
park	508
swing	502
four	501
car	494
catch	491
trick	487
football	484
picture	483
across	476
hill	475
grassy	474
bicycle	471
sand	470
skateboard	468
smiling	464
ocean	464
wave	459
head	458
race	455
back	455
short	455
swimming	446
doing	435
carrying	434
baby	434
dress	431
each	431
tennis	429
snowy	421
together	414
hair	413
him	405
area	399
road	399
helmet	398
arm	398
that	397
slide	395
tan	395
bench	394
uniform	385
basketball	381
game	375
covered	370
sidewalk	369
ground	361
sit	361
pose	360
suit	352
track	349
side	346
something	346
frisbee	345
fence	344
being	338
lake	333
ramp	328
boat	326
horse	325
path	325
skateboarder	321
city	319
several	317
long	315
purple	312
there	304
coat	301
smile	297
baseball	296
sign	294
high	294
rope	294
climb	292
posing	291
guy	289
wood	286
wooden	284
big	279
table	278
motorcycle	277
lady	273
sunglass	273
glass	272
dark	269
them	261
pant	260
couple	256
under	255
grey	253
take	251
jean	251
watching	251
team	247
towards	247
beside	247
bird	245
rocky	245
river	238
leap	237
snowboarder	234
doe	233
above	228
adult	228
older	226
racing	226
skier	225
colored	225
outfit	223
ice	222
striped	220
colorful	218
bag	217
yard	217
rider	217
who	216
board	215
get	214
flower	213
surfer	213
swim	212
onto	212
light	212
wet	211
cap	210
he	210
collar	210
pole	209
chair	206
costume	205
open	205
taking	204
haired	204
asian	203
against	203
cliff	202
blonde	201
playground	200
performing	196
body	196
hockey	195
blond	194
ski	194
leg	193
fountain	193
laying	189
chasing	187
many	186
after	185
step	184
backpack	183
toddler	182
surrounded	178
flag	178
brick	178
guitar	177
inside	175
mid	175
old	174
flying	174
during	174
outdoors	174
biker	173
shore	173
others	172
edge	171
away	170
make	170
drink	169
line	167
five	167
hanging	165
middle	165
floor	164
night	164
trying	164
wear	164
very	163
forest	162
someone	162
sky	162
object	160
bed	160
gray	158
bar	158
talking	157
nearby	156
puppy	155
making	155
leaf	155
trail	152
about	152
whilst	152
t	151
climber	150
window	150
house	150
going	149
past	149
go	149
leash	149
skate	148
carry	148
toward	147
surf	147
swinging	146
tall	146
dancing	146
try	145
eating	144
this	142
animal	142
kick	142
fly	142
phone	142
bridge	142
jersey	140
all	140
leaping	139
chase	139
stone	138
day	138
outdoor	137
room	135
course	134
clothes	134
obstacle	134
shallow	134
fighting	134
bubble	133
set	133
sweater	133
lot	133
foot	132
skiing	131
clothing	131
plastic	131
splashing	130
male	130
sled	127
throw	127
ready	126
railing	125
dance	125
between	125
bright	124
trunk	124
stair	124
tire	124
store	124
scarf	123
sliding	123
getting	123
greyhound	122
fire	122
sun	122
number	121
surfboard	121
they	120
vest	120
waiting	120
concrete	119
hit	119
bathing	119
female	119
trampoline	118
tongue	118
eye	118
train	118
winter	117
lawn	117
gear	117
rail	117
mud	117
flip	116
splash	115
hiker	115
metal	114
tent	112
stream	112
skateboarding	111
ear	111
golden	110
sandy	110
throwing	109
pulling	109
distance	109
upside	109
catching	109
shoe	108
fishing	107
couch	106
like	104
shirtless	104
skirt	103
kayak	103
photo	102
cart	102
nose	102
cross	102
wooded	101
stage	101
truck	101
busy	100
american	100
vehicle	100
puddle	100
drinking	100
overlooking	99
lying	99
surfing	98
umbrella	98
cyclist	98
performs	97
right	96
mask	96
leaning	96
stunt	96
reading	96
laughing	95
bat	95
hurdle	95
pond	95
dock	94
close	94
shopping	94
food	93
she	93
huge	93
wheel	92
sport	92
hoop	92
talk	92
harness	92
life	91
hang	91
snowboard	91
skating	91
turn	91
left	90
paper	89
show	89
deep	89
coming	89
book	89
equipment	88
no	88
bicyclist	88
view	88
sunset	87
family	87
waterfall	87
bull	87
goal	86
wait	86
fall	86
restaurant	86
bus	86
lean	86
cell	85
or	85
canoe	84
both	84
biting	84
shoulder	83
elderly	83
lone	83
bottle	83
structure	83
setting	83
slope	83
cigarette	83
falling	82
ring	82
raft	82
muddy	82
court	82
fight	81
bikini	81
lay	80
dry	80
pile	79
sweatshirt	79
be	78
bucket	78
crowded	78
ledge	78
cow	77
tank	77
bmx	77
german	76
six	76
tube	75
door	75
cat	75
airborne	75
kicking	75
have	75
driving	75
cement	75
diving	74
band	74
inflatable	74
box	74
paint	74
paddle	74
subway	73
graffiti	73
goggles	73
sprinkler	73
piece	73
attempt	73
parking	73
point	73
blanket	72
balloon	72
teenage	72
parade	71
shaking	71
motorcyclist	71
statue	71
blow	71
art	71
scooter	70
microphone	70
seat	70
fish	70
fallen	70
roller	69
log	69
boot	69
pull	68
swimsuit	68
gathered	68
block	68
silver	67
full	67
leather	67
low	67
smoking	67
duck	67
tunnel	67
finger	67
smaller	67
pushing	67
push	66
racer	66
smoke	66
held	66
event	66
beard	66
surface	66
cowboy	66
wrestler	66
shepherd	66
bite	65
sunny	65
fluffy	65
reach	65
blowing	64
hiking	64
using	64
shot	64
cup	64
midair	64
wrestle	64
painted	64
branch	64
stuffed	63
pointing	63
corner	63
rugby	63
glove	63
steep	62
bald	62
gold	62
end	62
drive	61
net	61
laugh	61
read	60
put	60
sleeping	60
muzzle	60
teenager	60
plant	59
police	59
hugging	59
furry	59
wrestling	59
crossing	58
shop	58
same	58
gather	58
attempting	58
hind	58
runner	57
kissing	57
staring	57
can	57
african	57
spectator	57
sheep	56
wading	56
photograph	56
party	56
bunch	56
basket	56
row	56
few	56
instrument	55
way	55
base	55
clear	55
beige	55
wetsuit	55
facing	55
desert	55
below	55
bottom	54
volleyball	54
garden	54
round	54
fenced	54
wide	54
bush	53
onlooker	53
beautiful	53
rain	53
bride	53
gym	53
attached	53
filled	53
racket	53
competition	53
sticking	53
softball	53
waving	52
poodle	52
backyard	52
friend	52
fast	52
eats	52
hug	52
naked	52
snowboarding	52
rolling	51
gravel	51
seated	51
cone	51
lit	51
empty	51
neck	51
which	51
motocross	50
gun	50
market	50
stop	50
kite	50
beer	50
tie	50
hula	50
wing	49
mohawk	49
kiss	49
tattoo	49
help	49
display	49
headband	49
plaid	49
pavement	48
paddling	48
having	48
painting	48
drum	48
bank	48
do	48
spray	48
pack	48
cloud	48
just	48
public	48
prepares	48
platform	48
rest	47
traffic	47
chewing	47
scene	47
rough	47
float	47
lie	47
carnival	47
tug	47
among	47
school	47
say	46
cream	46
hose	46
bearded	46
different	46
raise	46
plate	45
purse	45
dirty	45
land	45
video	45
lap	45
kitchen	45
rural	45
landscape	45
teeth	45
urban	45
barefoot	45
thrown	45
underwater	45
pipe	45
spot	44
newspaper	44
resting	44
handstand	44
wire	44
goalie	44
half	44
cricket	44
give	44
before	44
balance	44
mother	44
rapid	44
headphone	44
creek	43
chain	43
move	43
carpet	43
indoor	43
paw	43
downhill	43
lined	43
match	43
paved	43
wedding	43
younger	43
flight	43
stadium	42
santa	42
owner	42
speed	42
showing	42
third	42
opposing	42
formation	42
bend	42
moving	42
war	41
parked	41
reaching	41
stroller	41
where	40
singing	40
shake	40
seen	40
tackle	40
foreground	40
martial	40
jeep	40
bandanna	40
lift	39
shadow	39
parachute	39
pulled	39
funny	39
break	39
covering	39
curly	39
amusement	39
deck	39
skater	39
matching	39
giant	39
fetch	39
retriever	39
shooting	39
bowl	39
cheerleader	39
machine	38
atv	38
fair	38
country	38
hay	38
tail	38
hitting	38
staircase	38
unicycle	38
spotted	38
clown	38
grinding	38
floating	38
audience	38
hole	38
officer	38
christmas	38
brightly	38
lead	38
roll	37
wheelie	37
preparing	37
atop	37
chew	37
alongside	37
terrier	37
bear	37
outstretched	37
direction	37
necklace	37
appears	36
cold	36
touch	36
muzzled	36
terrain	36
computer	36
hooded	36
first	36
cut	36
follows	36
grab	36
larger	36
music	35
worker	35
alone	35
knee	35
enjoys	35
hike	35
perform	35
station	35
rodeo	35
hoodie	35
putting	35
denim	35
swimmer	35
pit	35
gate	35
rowing	35
come	35
camel	35
spinning	34
tricycle	34
indoors	34
digging	34
pier	34
balancing	34
dune	34
shaggy	34
string	34
ribbon	34
giving	34
backwards	34
color	34
mound	34
picnic	34
dive	34
member	34
jumped	33
sea	33
counter	33
frame	33
closeup	33
competing	33
himself	33
boarding	33
pigeon	33
kneeling	33
fan	33
made	33
crouch	32
playfully	32
boarder	32
patch	32
violin	32
robe	32
cover	32
sniffing	32
construction	32
ladder	32
barrier	32
safety	32
sword	32
home	32
seven	32
item	32
sooner	32
enjoying	32
shoot	32
writing	32
licking	32
driver	32
referee	32
cloth	32
collie	31
kneel	31
stare	31
doorway	31
camouflage	31
bikers	31
jungle	31
skinned	31
hard	31
fur	31
passing	31
underneath	31
motor	31
military	30
rink	30
time	30
plane	30
begin	30
professional	30
these	30
taken	30
stump	30
chest	30
decorated	30
jockey	30
splashed	30
quickly	30
policeman	30
hot	29
thumb	29
opposite	29
homeless	29
see	29
work	29
photographer	29
caught	29
karate	29
kayaking	29
bouncing	29
mat	29
walkway	29
hillside	29
straw	29
screen	28
watched	28
practicing	28
handle	28
post	28
shown	28
peak	28
heavy	28
biking	28
formal	28
father	28
coffee	28
mirror	28
monkey	28
plain	28
handrail	28
wagon	28
without	28
peace	28
motorbike	28
wind	27
square	27
teen	27
banner	27
cry	27
fetching	27
us	27
indian	27
blurry	27
lab	27
grocery	27
sized	27
eat	27
star	27
cardboard	27
landing	27
suspended	27
strip	27
forward	27
coaster	27
barking	27
but	27
medium	27
shaped	27
range	27
helping	27
knit	26
raised	26
crashing	26
courtyard	26
happily	26
spread	26
boxer	26
bound	26
asleep	26
neon	26
headed	26
overall	26
well	26
balcony	26
swan	26
jogging	26
bow	26
touching	26
multi	26
petting	26
place	26
rubber	26
flowered	26
bending	26
frozen	26
cheek	26
tutu	26
musician	26
miami	26
pirate	25
training	25
sprayed	25
action	25
barrel	25
bounce	25
dusk	25
dead	25
only	25
racetrack	25
grind	25
turning	25
sail	25
pas	25
candle	25
boxing	25
surrounding	25
puck	25
corn	25
coach	25
dribble	25
leaving	25
student	25
brush	25
cake	25
fake	24
working	24
wheelchair	24
2	24
stretch	24
image	24
racquet	24
pick	24
jet	24
wheeler	24
sandal	24
athlete	24
tackled	24
goose	24
embrace	24
ahead	24
shoreline	24
rollerblading	24
town	24
stripe	24
curb	24
almost	24
cast	24
towel	24
curve	24
disc	24
shade	24
attire	24
porch	24
boardwalk	24
eastern	23
scuba	23
wade	23
snowball	23
airplane	23
sheet	23
crouching	23
type	23
makeup	23
pine	23
pair	23
dancer	23
sumo	23
pet	23
kayaker	23
themselves	23
beam	23
free	23
wrapped	23
valley	23
golf	23
shovel	23
class	23
closed	23
crawl	22
following	22
groom	22
desk	22
gathering	22
lip	22
rollerblade	22
warm	22
woodland	22
boulder	22
chicken	22
guard	22
though	22
cloudy	22
silhouette	22
spiderman	22
tee	22
part	22
rainbow	22
pajama	22
wine	21
apron	21
pass	21
patio	21
stomach	21
obama	21
wheeled	21
palm	21
device	21
dust	21
cape	21
pitcher	21
leading	21
catcher	21
cave	21
rug	21
kiddie	21
toss	21
pitch	21
speaking	21
lick	21
spraying	21
wake	21
sharp	21
flop	21
topless	21
sleep	21
enjoy	21
sparkler	21
soda	21
performer	21
figure	21
merry	21
tiger	21
apple	21
tag	21
marching	20
shower	20
happy	20
also	20
church	20
feather	20
pillow	20
scaling	20
mountainside	20
foam	20
marking	20
listening	20
fancy	20
circle	20
booth	20
gesture	20
sniff	20
protest	20
turned	20
living	20
4	20
stool	20
huddle	20
itself	20
bead	20
center	20
sofa	20
case	20
pony	20
bare	20
sculpture	20
carriage	20
boogie	19
played	19
elephant	19
tulip	19
artist	19
snowsuit	19
advertisement	19
brunette	19
doberman	19
crosswalk	19
poster	19
protective	19
tackling	19
foggy	19
ship	19
inline	19
hallway	19
skull	19
farm	19
herself	19
japanese	19
rafting	19
print	19
aged	19
individual	19
opponent	19
chased	19
ridden	19
sings	19
birthday	19
motion	19
5	19
chinese	19
what	19
various	19
raising	19
practice	19
agility	19
how	18
spin	18
natural	18
bowling	18
retrieving	18
alley	18
followed	18
thin	18
compete	18
daughter	18
flock	18
not	18
card	18
mostly	18
3	18
fruit	18
rear	18
you	18
multicolored	18
cellphone	18
treat	18
dot	18
picking	18
dig	18
sideways	18
pad	18
money	18
railroad	18
neighborhood	18
fun	18
scale	18
single	18
cafe	18
headscarf	18
skinny	18
pouring	18
feeding	18
approach	18
bathroom	18
icy	18
bath	18
oklahoma	18
teammate	18
goat	18
bark	18
jog	18
wand	17
fabric	17
teal	17
meadow	17
tight	17
seagull	17
pedestrian	17
barren	17
sleeved	17
beneath	17
gentleman	17
magazine	17
pumpkin	17
concert	17
start	17
bleacher	17
wig	17
control	17
gallery	17
chalk	17
reflection	17
i	17
footballer	17
emerges	17
new	17
foliage	17
silly	17
human	17
narrow	17
8	17
pen	17
eight	17
partially	17
stuck	17
toilet	17
trash	17
cheer	17
crawling	17
van	17
second	16
travel	16
participate	16
slightly	16
so	16
expression	16
autumn	16
sleeve	16
pale	16
monument	16
athletic	16
marker	16
flipping	16
sheer	16
waist	16
polka	16
distant	16
roof	16
hood	16
position	16
plaza	16
sneaker	16
deer	16
husky	16
starting	16
infant	16
mural	16
jack	16
firework	16
been	16
laptop	16
casting	16
khaki	16
check	16
brother	16
speaks	16
floral	16
hut	16
breaking	16
style	16
overlook	16
amidst	16
traveling	16
crash	16
weather	16
midst	15
fisherman	15
buried	15
diver	15
jumper	15
approaching	15
straight	15
helmeted	15
tied	15
festival	15
drawing	15
stairway	15
arena	15
relaxing	15
musical	15
appear	15
marked	15
space	15
sledding	15
return	15
crossed	15
attack	15
driveway	15
murky	15
bay	15
shaved	15
tossing	15
skyline	15
tub	15
beagle	15
broken	15
tripod	15
crouched	15
jewelry	15
retrieves	15
binoculars	15
bagpipe	15
luggage	15
leafy	15
chocolate	15
arcade	15
flat	15
grabbing	15
electric	15
whistle	15
candy	15
crane	15
split	14
parasail	14
clad	14
meal	14
beverage	14
lounge	14
link	14
tri	14
slip	14
cage	14
scenic	14
photographed	14
horizon	14
dimly	14
horseback	14
uphill	14
club	14
still	14
breed	14
business	14
earring	14
advertising	14
pug	14
dusty	14
mountaintop	14
uniformed	14
strange	14
intersection	14
navy	14
watermelon	14
belly	14
shoveling	14
tugging	14
parent	14
pacifier	14
either	14
stretching	14
snowmobile	14
numbered	14
strap	14
visible	14
flame	14
tuxedo	14
multiple	14
follow	14
suv	14
traditional	14
bungee	14
campfire	14
crown	13
gown	13
container	13
silhouetted	13
checkered	13
gliding	13
tv	13
mall	13
floaties	13
dandelion	13
belt	13
sprint	13
aerial	13
lane	13
enclosed	13
bathtub	13
hiding	13
official	13
oriental	13
bundled	13
office	13
peek	13
capped	13
squirt	13
pushed	13
launch	13
drag	13
broom	13
hardwood	13
museum	13
inner	13
struggle	13
tile	13
pointed	13
camping	13
mom	13
hound	13
growling	13
clapping	13
excited	13
costumed	13
sing	13
soft	13
ridge	13
descending	13
pop	13
far	13
lighting	13
rollerblader	13
barn	13
vendor	13
cartwheel	13
rally	13
sort	13
opening	13
wild	13
identical	13
trotting	13
limb	13
soaked	12
cooking	12
cushion	12
skimpy	12
reflective	12
summer	12
power	12
burning	12
countryside	12
#	12
dreadlock	12
relaxes	12
graffitied	12
bale	12
bearing	12
logo	12
wa	12
bunny	12
billboard	12
frolic	12
bridesmaid	12
cannon	12
tropical	12
dribbling	12
trainer	12
selling	12
leotard	12
mobile	12
march	12
bee	12
colourful	12
wakeboard	12
sideline	12
tiny	12
tattooed	12
batman	12
pathway	12
underwear	12
thing	12
stretched	12
tourist	12
pan	12
fellow	12
squirted	12
flute	12
dropping	12
pigtail	12
parka	12
dolphin	12
tool	12
ran	12
fuzzy	12
glider	12
redheaded	12
pot	12
helicopter	12
weed	12
ticket	12
youth	12
wakeboarding	12
elaborate	11
blade	11
letter	11
tights	11
score	11
canyon	11
o	11
passenger	11
bicycler	11
pretend	11
floppy	11
sat	11
pitching	11
sell	11
bouncy	11
zip	11
cobblestone	11
snake	11
steer	11
pause	11
site	11
leashed	11
horn	11
blocking	11
bread	11
observes	11
waering	11
heart	11
flowery	11
carpeted	11
similar	11
halloween	11
including	11
keep	11
aqua	11
army	11
overhead	11
calm	11
descends	11
bone	11
sporting	11
character	11
share	11
folding	11
rag	11
jumpsuit	11
choppy	11
native	11
sack	11
injured	11
backpacker	11
kicked	11
studio	11
mess	11
sunlight	11
rod	11
trot	11
dish	11
maneuver	11
heavily	11
canal	11
bounding	11
seaweed	11
facial	11
incline	11
own	11
record	11
singer	10
saying	10
rolled	10
european	10
son	10
marathon	10
playpen	10
everywhere	10
darkened	10
accordion	10
priest	10
vertical	10
6	10
plank	10
warmly	10
sock	10
flannel	10
great	10
bent	10
checking	10
garage	10
sister	10
whist	10
ambulance	10
lifted	10
electronic	10
target	10
hilly	10
peer	10
trophy	10
diner	10
battle	10
jogger	10
chip	10
chin	10
product	10
lifting	10
size	10
progress	10
religious	10
fairy	10
cheering	10
pretending	10
love	10
shine	10
within	10
nap	10
university	10
oar	10
library	10
hydrant	10
mini	10
artificial	10
mouse	10
diaper	10
pizza	10
blurred	10
tractor	10
squat	10
grin	10
doll	10
examine	10
operating	10
cutout	10
lacrosse	10
exercise	10
beak	10
heel	10
fireplace	10
hide	10
punching	10
hospital	10
parallel	10
mug	10
herding	10
turquoise	10
alike	10
college	10
turkey	10
driven	10
furniture	10
belonging	10
fat	10
bigger	10
feed	10
storm	10
uncut	10
patterned	10
attention	10
firing	10
nice	10
carried	10
parasailing	10
pours	10
conversation	10
stove	10
rocket	10
dangling	10
column	10
rowboat	10
guitarist	10
boston	9
escalator	9
camp	9
padded	9
shirted	9
watercraft	9
ballet	9
st	9
retrieve	9
backdrop	9
dragging	9
act	9
telescope	9
highway	9
rack	9
castle	9
movie	9
squirrel	9
cigar	9
garbage	9
labrador	9
fighter	9
scenery	9
robot	9
mountainous	9
mustache	9
tape	9
yawning	9
interacting	9
tossed	9
placed	9
ponytail	9
award	9
word	9
cob	9
aim	9
security	9
asking	9
muscular	9
pinata	9
hall	9
television	9
mountaineer	9
snack	9
theater	9
pitbull	9
skeleton	9
gymnast	9
soldier	9
horizontal	9
evening	9
ninja	9
juice	9
sponsored	9
clean	9
badminton	9
button	9
strapped	9
meet	9
chunk	9
border	9
emerging	9
fireman	9
awning	9
shed	9
fencing	9
squirting	9
quarterback	9
folded	9
tiled	9
sailing	9
romp	9
forested	9
pail	9
yelling	9
handed	9
potato	9
skiiers	9
transportation	9
cute	9
interesting	9
eyed	9
performance	9
extended	9
aiming	9
knife	9
buggy	9
peeking	9
juggling	9
film	9
suburban	9
dachshund	9
marble	9
dragon	9
good	9
fist	9
batter	9
firetruck	9
extreme	9
squatting	9
marsh	9
popping	9
coloring	9
gaze	9
rise	9
spout	9
celebrating	9
industrial	9
participating	9
craft	9
cord	9
dinner	9
dried	9
overpass	9
blocked	9
juggle	9
polo	9
telephone	9
kilt	9
garb	9
amongst	9
disk	9
sleeveless	9
stall	9
asphalt	9
hip	9
village	9
guarding	9
lower	9
sweat	9
tray	9
piano	9
joy	9
prize	8
herd	8
strewn	8
strike	8
paperwork	8
blader	8
rusty	8
camo	8
lasso	8
support	8
spring	8
claus	8
listens	8
bucking	8
potted	8
note	8
handing	8
printed	8
twin	8
teddy	8
legged	8
cable	8
chopstick	8
surprised	8
bracelet	8
hawaiian	8
nighttime	8
tarp	8
punch	8
trumpet	8
steering	8
jar	8
lush	8
residential	8
headdress	8
baseman	8
handbag	8
test	8
fairground	8
kitten	8
change	8
starring	8
seashore	8
playful	8
overhang	8
distorted	8
pattern	8
skyscraper	8
cycling	8
backstroke	8
embracing	8
dunk	8
tussle	8
kayakers	8
cleaning	8
poke	8
examining	8
located	8
corgi	8
florida	8
exhibit	8
tread	8
rafter	8
medieval	8
hi	8
clothed	8
handlebar	8
ascending	8
ditch	8
stepping	8
reddish	8
seattle	8
sale	8
fashioned	8
skip	8
sharing	8
monster	8
order	8
unusual	8
mark	8
raincoat	8
stoop	8
milk	8
beret	8
vine	8
newborn	8
gas	8
beanie	8
cutting	8
rockwall	8
clearing	8
buy	8
domino	8
pig	8
slalom	8
drummer	8
amid	8
enter	8
dalmation	8
pounce	8
tow	8
too	8
toe	8
ceiling	8
serve	8
pyramid	8
containing	8
forehead	8
dalmatian	8
tip	8
serious	8
port	8
flapping	8
sailboat	8
cling	8
feathered	8
eagle	8
pelican	8
towed	8
saxophone	8
sucking	8
teach	8
circuit	8
hotel	8
rifle	8
creating	8
self	8
submerged	8
use	8
york	8
reflecting	8
present	8
maroon	8
waterskiing	8
locker	7
colorfully	7
checked	7
bitten	7
crossbones	7
traverse	7
brindle	7
canoeing	7
smelling	7
parachuting	7
quarter	7
chubby	7
rival	7
sad	7
butterfly	7
seating	7
rush	7
hello	7
viz	7
really	7
attacking	7
writes	7
community	7
stack	7
chat	7
jagged	7
soar	7
medal	7
packed	7
gymnastics	7
droplet	7
festive	7
thick	7
elevator	7
dj	7
cop	7
speak	7
hopping	7
somthing	7
haircut	7
galloping	7
striking	7
finish	7
hell	7
outcropping	7
mickey	7
flaming	7
vault	7
guide	7
overweight	7
signal	7
kitty	7
formally	7
upward	7
ankle	7
written	7
sari	7
league	7
unseen	7
marketplace	7
teaching	7
rescue	7
soaking	7
enclosure	7
seed	7
pointy	7
carving	7
form	7
digital	7
themed	7
french	7
map	7
monitor	7
participates	7
butt	7
pump	7
dollar	7
puffy	7
storefront	7
airport	7
para	7
meeting	7
bill	7
horseshoe	7
bridal	7
bin	7
bit	7
framed	7
possession	7
lens	7
watery	7
dad	7
eyebrow	7
turban	7
material	7
firefighter	7
bug	7
u	7
ceremony	7
gymnasium	7
evil	7
donkey	7
melting	7
hear	7
focus	7
soaring	7
batting	7
superman	7
begging	7
deflated	7
lipstick	7
apartment	7
lining	7
presentation	7
song	7
trench	7
ten	7
observing	7
beginning	7
challenging	7
backpacking	7
speeding	7
glide	7
resort	7
interact	7
necked	7
dump	7
recently	7
moustache	7
rollerskating	7
noodle	7
peach	7
spoon	7
bouquet	7
potty	7
shephard	7
carrier	7
trailing	7
sash	7
caution	6
hop	6
playhouse	6
series	6
rv	6
scream	6
menu	6
piggy	6
nature	6
wheelbarrow	6
union	6
posed	6
fog	6
wrap	6
tournament	6
glacier	6
protester	6
greenery	6
ollie	6
current	6
mascot	6
pulley	6
canvas	6
bumpy	6
shawl	6
saw	6
celebrate	6
navigates	6
flipped	6
period	6
world	6
clap	6
complete	6
walker	6
dyed	6
carefully	6
campsite	6
creature	6
twisting	6
lantern	6
slipper	6
mossy	6
model	6
defender	6
location	6
age	6
summit	6
scratch	6
harbor	6
streamer	6
tightrope	6
halter	6
paintball	6
profile	6
jesus	6
defending	6
greenhouse	6
stuff	6
gondola	6
much	6
smooth	6
int	6
whitewater	6
pierced	6
collide	6
motorized	6
mitten	6
aid	6
upper	6
explosion	6
entrance	6
outstreached	6
bowler	6
quad	6
angel	6
offering	6
stroll	6
armenian	6
waterway	6
volley	6
prepare	6
suited	6
messy	6
egg	6
beyond	6
cowgirl	6
pretty	6
makeshift	6
used	6
rub	6
fencer	6
shiny	6
windsurfer	6
michael	6
circular	6
hooping	6
portrait	6
crate	6
contest	6
whose	6
onstage	6
calf	6
lunge	6
mean	6
backlit	6
height	6
cane	6
if	6
dunking	6
afternoon	6
classic	6
jacked	6
dim	6
boa	6
somersault	6
lunch	6
jackson	6
arch	6
pebble	6
multicolor	6
drain	6
pasture	6
drenched	6
strawberry	6
swampy	6
hamburger	6
goofy	6
scantily	6
built	6
repels	6
perched	6
sparring	6
decoration	6
snap	6
easter	6
bib	6
cameraman	6
graduation	6
stripped	6
sink	6
lime	6
lamb	6
lamp	6
blindfolded	6
gazing	6
windsurfing	6
balck	6
bulldog	6
sidecar	6
beat	6
curtain	6
tumbling	6
shrub	6
misty	6
confetti	6
shining	6
filling	6
frying	6
cycle	6
snowman	6
apart	6
surround	6
backward	6
cook	6
ferry	6
wakeboarder	6
liquid	6
pro	6
rottweiler	6
state	6
trip	6
except	6
grasp	6
camcorder	6
flap	6
kind	6
hairy	6
numerous	6
rocking	6
kimono	6
called	6
rainy	6
insect	6
kangaroo	6
rabbit	6
shelf	6
braid	6
canopy	6
gnawing	6
pedal	6
twirl	6
innertube	6
twirling	6
saddle	6
wilderness	6
screaming	5
clover	5
snowing	5
browse	5
relax	5
straddle	5
feature	5
bringing	5
spider	5
speedo	5
atm	5
master	5
plushie	5
trek	5
elegant	5
pocket	5
sheepdog	5
had	5
unique	5
offer	5
bathrobe	5
somebody	5
crocodile	5
headset	5
badge	5
wicker	5
poking	5
drilling	5
punk	5
zoo	5
twig	5
breath	5
observe	5
pillar	5
wristband	5
arrow	5
package	5
ad	5
roadway	5
paying	5
baton	5
ridding	5
more	5
batsman	5
fleece	5
freshly	5
mexican	5
lego	5
ballerina	5
closely	5
devil	5
ornate	5
harnessed	5
gloved	5
concerned	5
wipe	5
flowing	5
derby	5
capri	5
customer	5
lock	5
hawk	5
scary	5
viewer	5
jug	5
bedroom	5
runway	5
upon	5
icicle	5
avoid	5
irish	5
wrapping	5
protection	5
crest	5
worn	5
acrobatic	5
interview	5
popsicle	5
lollipop	5
blading	5
observed	5
cot	5
nip	5
upturned	5
converse	5
crystal	5
interested	5
reception	5
igloo	5
woven	5
incoming	5
intently	5
produce	5
tiara	5
drop	5
british	5
than	5
sledge	5
stained	5
learning	5
taxi	5
sunshade	5
conversing	5
sling	5
wolf	5
inflated	5
podium	5
pooh	5
casual	5
real	5
stopped	5
elder	5
mist	5
miss	5
banana	5
inground	5
partly	5
loop	5
docked	5
massage	5
alleyway	5
placing	5
draw	5
becomes	5
donut	5
fatigue	5
youngster	5
special	5
hopscotch	5
pursued	5
sewing	5
connected	5
unfinished	5
spaniel	5
sheltie	5
skill	5
twilight	5
extends	5
washington	5
congregate	5
stay	5
heading	5
active	5
piercing	5
watering	5
blindfold	5
massive	5
suspender	5
content	5
modern	5
chess	5
threw	5
clinging	5
butter	5
nude	5
burn	5
mouthed	5
leafless	5
fell	5
skin	5
brownish	5
downtown	5
main	5
waiter	5
winding	5
pain	5
nearly	5
morning	5
seal	5
ornament	5
oversized	5
marx	5
geyser	5
sound	5
rubbing	5
gated	5
carring	5
chainsaw	5
groomsman	5
island	5
shelter	5
surfboarder	5
coal	5
chairlift	5
acting	5
jetty	5
lease	5
refrigerator	5
find	5
ruin	5
unhappy	5
merchandise	5
tracksuit	5
scruffy	5
lion	5
archway	5
moment	5
shape	5
&	5
homemade	5
adjusting	5
peanut	5
huddled	5
corndogs	5
bluff	5
mate	5
tide	5
overcoat	5
chatting	5
campus	5
guiding	5
nail	5
spiky	5
spike	5
limousine	5
saber	5
join	5
decorative	5
snarling	5
croquet	5
victory	5
laid	5
hovering	5
fashion	5
earth	5
plush	5
multicolour	5
n	5
judge	5
gift	5
sponge	5
upset	5
displaying	5
prey	5
streak	5
earphone	5
stroke	5
genocide	5
farmer	5
skydiver	5
cheerleading	5
powder	5
dining	5
equestrian	5
beaded	5
23	5
engine	5
pilot	5
footprint	5
when	5
rose	5
tower	5
moon	5
tethered	5
abandoned	5
miniature	5
milkshake	5
scratching	5
cookie	5
sailor	5
double	5
teacher	5
whom	5
instructor	5
higher	5
loading	5
litter	5
prop	5
upraised	5
parlor	5
squeezing	5
frog	5
tap	5
legging	5
wrist	5
gymnastic	5
inspecting	5
dumpster	5
bonnet	5
combat	5
handgun	5
press	5
pasta	5
squeeze	5
china	4
climbed	4
brings	4
beauty	4
fit	4
carying	4
re	4
shopper	4
wash	4
causing	4
dummy	4
touched	4
hammer	4
incense	4
skatepark	4
toboggan	4
gigolo	4
rushing	4
elevation	4
casually	4
overturned	4
trashcan	4
leave	4
admires	4
torn	4
turtle	4
entering	4
rounding	4
roadside	4
cloak	4
wielding	4
dome	4
spark	4
spotlight	4
shepard	4
monk	4
barbed	4
hummingbird	4
bandage	4
clay	4
auditorium	4
lounging	4
peaking	4
admiring	4
yoga	4
fresh	4
nurse	4
company	4
riverbank	4
defends	4
condom	4
pickup	4
sundress	4
barely	4
bluejeans	4
admire	4
flooded	4
alert	4
pouncing	4
curious	4
obscured	4
spar	4
faded	4
chap	4
walked	4
mixing	4
odd	4
led	4
engage	4
casino	4
theme	4
drill	4
nears	4
demonstrating	4
directs	4
steel	4
floatation	4
astride	4
soap	4
socializing	4
mechanical	4
raceway	4
puff	4
windsurfs	4
mannequin	4
grinning	4
mets	4
bump	4
chained	4
veil	4
chef	4
bra	4
alligator	4
bares	4
bared	4
greet	4
salon	4
ascends	4
embankment	4
puppet	4
standard	4
ancient	4
involving	4
frowning	4
slack	4
steam	4
drawn	4
we	4
receives	4
skipping	4
arab	4
wintry	4
collared	4
hovers	4
cargo	4
assistance	4
countertop	4
tagged	4
serving	4
displayed	4
rooftop	4
fling	4
navigating	4
directly	4
steady	4
zombie	4
lioness	4
propped	4
early	4
downward	4
chop	4
curiously	4
drift	4
louis	4
amount	4
ejected	4
nine	4
trailer	4
blossom	4
pinned	4
hundred	4
passed	4
kart	4
celebrates	4
missing	4
praying	4
sleigh	4
feild	4
reed	4
electrical	4
department	4
ballplayer	4
backgroud	4
picket	4
crab	4
arched	4
wharf	4
crevasse	4
suds	4
seesaw	4
littered	4
completely	4
route	4
stride	4
winner	4
dodge	4
poem	4
controller	4
speaker	4
underground	4
barefooted	4
competitor	4
goatee	4
nightclub	4
showgirl	4
greenish	4
quilt	4
parasailer	4
waterfront	4
workout	4
acoustic	4
velvet	4
assisting	4
uno	4
winnie	4
ollies	4
sequined	4
grown	4
vegetable	4
bedspread	4
repelling	4
tinkerbell	4
centipede	4
mill	4
swoop	4
dip	4
battling	4
groucho	4
scrambling	4
terrace	4
coaching	4
mesh	4
streaked	4
13	4
12	4
curled	4
those	4
bathe	4
cotton	4
assist	4
vending	4
spigot	4
spreading	4
bookstore	4
suitcase	4
file	4
washing	4
portable	4
canon	4
struggling	4
faucet	4
retreiver	4
needle	4
recording	4
rower	4
build	4
most	4
moss	4
chested	4
spiked	4
patiently	4
cluster	4
corridor	4
stripy	4
bamboo	4
impeach	4
piled	4
curl	4
depicting	4
limo	4
sip	4
gesturing	4
meter	4
hugged	4
reached	4
cabin	4
curved	4
supporter	4
bernard	4
routine	4
ravine	4
muscle	4
floored	4
masked	4
vuitton	4
smartly	4
pin	4
garter	4
yell	4
liberty	4
billowing	4
returning	4
charging	4
nike	4
executes	4
poncho	4
newly	4
bandaged	4
flowering	4
hairstyle	4
cracker	4
cracked	4
sundown	4
rodent	4
pharmacy	4
hung	4
wildflower	4
trim	4
looked	4
dappled	4
artwork	4
russell	4
australian	4
classroom	4
name	4
sunrise	4
flyer	4
register	4
gull	4
pom	4
howling	4
cash	4
seems	4
shrine	4
poised	4
slice	4
ok	4
ox	4
wife	4
curvy	4
lack	4
sparkling	4
tea	4
design	4
swung	4
shady	4
call	4
tilted	4
unknown	4
story	4
activity	4
political	4
attractive	4
siting	4
barricade	4
waterside	4
competitive	4
nipple	4
mock	4
vaulting	4
dragged	4
peering	4
dramatically	4
ladle	4
hopper	4
shaded	4
united	4
easel	4
blacktop	4
tabby	4
ipod	4
manicured	4
snowcapped	4
shell	4
angle	4
vegetation	4
balding	4
local	4
unison	4
will	4
supply	4
headlight	4
whale	4
lobby	4
scottish	4
searching	4
spiral	4
upwards	4
ornamental	3
tether	3
sledder	3
locked	3
leaped	3
sippy	3
wink	3
fix	3
doghouse	3
whit	3
similarly	3
tired	3
lavender	3
paddled	3
retaining	3
hero	3
pre	3
lighthouse	3
fry	3
paraglider	3
damaged	3
disguise	3
bushy	3
defensive	3
facility	3
mambo	3
sox	3
polaris	3
cliffside	3
dotted	3
smell	3
tear	3
prevent	3
forefront	3
oregon	3
interracial	3
suck	3
dove	3
solitary	3
attraction	3
parrot	3
clause	3
spanish	3
draft	3
trekking	3
grilling	3
awaiting	3
s	3
snowbank	3
barber	3
vacant	3
rover	3
haystack	3
kennel	3
lobster	3
substance	3
exit	3
tussling	3
favorite	3
stony	3
buying	3
torso	3
darker	3
carves	3
passerby	3
obscuring	3
hooking	3
handicapped	3
section	3
revealing	3
pearl	3
learn	3
gallop	3
schoolgirl	3
adorned	3
locking	3
trade	3
travelling	3
iced	3
penske	3
missed	3
fedora	3
interviewed	3
determined	3
spaghetti	3
yawn	3
colliding	3
lolly	3
baring	3
bell	3
extravagant	3
raced	3
elevated	3
wasteland	3
falcon	3
shoeless	3
sight	3
novelty	3
temple	3
cheered	3
wrinkled	3
inspects	3
backbend	3
raging	3
fixing	3
amish	3
waterwings	3
panting	3
llama	3
apparatus	3
let	3
web	3
nibbling	3
certificate	3
dragsters	3
pencil	3
challenge	3
establishment	3
contraption	3
accompanied	3
goalkeeper	3
length	3
blown	3
straining	3
labradoodle	3
collecting	3
hope	3
squinting	3
pistol	3
whispering	3
chalkboard	3
vw	3
afghan	3
flailing	3
housing	3
rubble	3
ink	3
chili	3
waring	3
paperback	3
plow	3
elbow	3
piercings	3
flung	3
india	3
memorial	3
law	3
carton	3
bang	3
crocs	3
thorugh	3
burlap	3
shrubbery	3
created	3
licked	3
oppose	3
tackler	3
iron	3
manner	3
henna	3
toast	3
dc	3
lemonade	3
overgrown	3
tone	3
royal	3
demonstration	3
kept	3
ragged	3
mingle	3
flooring	3
basset	3
sparse	3
beating	3
balanced	3
umpire	3
musher	3
topped	3
tugboat	3
flash	3
sunbathe	3
p	3
prairie	3
setter	3
muslim	3
exiting	3
matador	3
labeled	3
cam	3
wetsuits	3
non	3
opened	3
marina	3
care	3
tangled	3
carousel	3
rugged	3
slam	3
slab	3
america	3
greyish	3
sprinting	3
tooth	3
notice	3
language	3
shouting	3
colander	3
breeze	3
otherwise	3
livestock	3
mingling	3
wheat	3
youn	3
removing	3
antenna	3
bystander	3
segway	3
loose	3
dogsled	3
thatched	3
phrase	3
headfirst	3
heron	3
fully	3
cooky	3
fingerpaint	3
7	3
smock	3
bass	3
coastline	3
obedience	3
tunic	3
identically	3
speckled	3
protector	3
crack	3
else	3
spelunker	3
bearer	3
afro	3
sprawled	3
shack	3
flinging	3
waking	3
vampire	3
egret	3
prance	3
basement	3
auto	3
showering	3
laundry	3
cricketer	3
newlywed	3
need	3
sandbox	3
purchasing	3
visor	3
camper	3
biplane	3
arabian	3
crumbling	3
sipping	3
graz	3
gras	3
motorboat	3
spotter	3
hurrying	3
spandex	3
examines	3
parachutist	3
energizer	3
taller	3
taping	3
scuffle	3
husk	3
demonstrates	3
coated	3
dug	3
recorder	3
gain	3
rappelling	3
offstage	3
kissed	3
vast	3
sveral	3
ignoring	3
taped	3
mime	3
facepaint	3
root	3
purchase	3
keyboard	3
meat	3
leaned	3
aisle	3
hollywood	3
stocking	3
seem	3
bounced	3
visitor	3
olympics	3
loaded	3
sunshine	3
lizard	3
melted	3
growl	3
occupied	3
renaissance	3
sunflower	3
daytime	3
keeper	3
super	3
fort	3
zara	3
warehouse	3
happening	3
dinghy	3
hummer	3
tandem	3
effort	3
confused	3
sample	3
drapped	3
safari	3
hardhat	3
goth	3
crib	3
fiery	3
crevice	3
19	3
were	3
shocked	3
zigzag	3
gyro	3
leapfrog	3
frolicking	3
bmw	3
tour	3
exhaust	3
companion	3
weave	3
roughly	3
grip	3
mop	3
served	3
mixed	3
quietly	3
redbull	3
wiping	3
flamboyant	3
fill	3
personnel	3
awkwardly	3
remote	3
scout	3
perspective	3
wrecked	3
mule	3
search	3
lassie	3
landed	3
varying	3
dew	3
specialized	3
comfort	3
blood	3
25	3
28	3
late	3
speech	3
oxford	3
everyone	3
comic	3
backed	3
blossoming	3
copper	3
done	3
campground	3
draped	3
cardigan	3
scrubby	3
extremely	3
cramped	3
remove	3
fang	3
foothill	3
submerges	3
gap	3
laden	3
rundown	3
source	3
overhanging	3
fed	3
god	3
restaraunt	3
amused	3
mowed	3
crow	3
tattered	3
swooping	3
closing	3
collection	3
minivan	3
la	3
winning	3
spell	3
blazing	3
tubing	3
moped	3
einstein	3
messenger	3
lecture	3
electronics	3
waitress	3
sloped	3
foamy	3
completes	3
nuzzling	3
mix	3
prisoner	3
prancing	3
emitting	3
beachgoers	3
intertube	3
boundary	3
highland	3
aquarium	3
applies	3
finished	3
carved	3
onward	3
conference	3
panel	3
adolescent	3
bum	3
bookshelf	3
messily	3
dresser	3
pride	3
blur	3
reacts	3
kicker	3
mr	3
bunk	3
ultimate	3
signing	3
railed	3
dinosaur	3
washed	3
got	3
accent	3
encouraging	3
western	3
pylon	3
glow	3
queen	3
radio	3
chewed	3
lodge	3
toothbrush	3
protect	3
pedaling	3
shadowed	3
transit	3
escape	3
engaged	3
gin	3
environment	3
keeping	3
filmed	3
weird	3
touchdown	3
smeared	3
nursing	3
secured	3
1	3
lagoon	3
hilltop	3
cooling	3
serf	3
atvs	3
lighter	3
dye	3
region	3
railway	3
hunched	3
cobbled	3
peaceful	3
desolate	3
guided	3
captured	3
humping	3
engulfed	3
patrick	3
buddha	3
rising	3
applying	3
winking	3
symbol	3
rimmed	3
abseiling	3
piggyback	3
protects	3
earpiece	3
helment	3
mattress	3
bout	3
weight	3
garment	3
feel	3
churning	3
automobile	3
syrup	3
photographing	3
dane	3
investigate	3
bodyboard	3
strapless	3
collect	3
streaming	3
prom	3
intense	3
completing	3
crank	3
upright	3
penguin	3
mardi	3
windy	3
dumbbell	3
weimaraner	3
heard	3
spilled	3
ethnic	3
jukebox	3
tram	3
trimmed	3
looker	3
clutching	3
married	3
safely	3
reindeer	3
ringing	3
vintage	3
rocker	3
because	3
tumble	3
scared	3
mitt	3
shipping	3
owl	3
yankee	3
protesting	3
yorkie	3
sloping	3
junk	3
raining	2
treading	2
sinking	2
shielding	2
satchel	2
piling	2
blouse	2
dangles	2
hers	2
spoke	2
tying	2
reviewing	2
hod	2
hoe	2
hidden	2
timeout	2
windmill	2
whip	2
smirk	2
smu	2
exposing	2
dodgeball	2
exploring	2
election	2
paddler	2
metallic	2
paintbrush	2
looming	2
videotaping	2
thriller	2
barechested	2
grove	2
gauge	2
recliner	2
reclines	2
bust	2
rice	2
nicely	2
boarded	2
best	2
sombrero	2
accident	2
bodysuit	2
spit	2
contemplates	2
armband	2
moonwalk	2
duffel	2
eldery	2
possible	2
possibly	2
grasping	2
amuseument	2
snowmobiling	2
actor	2
flood	2
sniffed	2
bonfire	2
collage	2
melt	2
funeral	2
brilliant	2
whiel	2
bloody	2
traversing	2
angry	2
tightly	2
wicket	2
topples	2
schoolchildren	2
vega	2
nascar	2
divided	2
latte	2
speedos	2
snowed	2
nation	2
amnesty	2
bursting	2
sponsor	2
swordsman	2
blower	2
sightseeing	2
backside	2
punt	2
poling	2
ripping	2
san	2
downwards	2
fashionably	2
axe	2
salt	2
accented	2
aggressive	2
carolina	2
guarded	2
worried	2
concentrate	2
flipper	2
west	2
formed	2
tatoos	2
tribal	2
brow	2
grounded	2
snarl	2
snowmobiler	2
shutter	2
tote	2
slender	2
curling	2
pinwheel	2
pedestal	2
nutcracker	2
midget	2
birdcage	2
debris	2
startled	2
puzzled	2
lawnmower	2
adjust	2
burgundy	2
rummaging	2
brimmed	2
vie	2
coyote	2
bladers	2
knocked	2
scramble	2
information	2
speedboat	2
glowing	2
refuse	2
pane	2
broadway	2
rapidly	2
found	2
drifting	2
cockpit	2
outfitted	2
unmanned	2
clump	2
florist	2
threatening	2
artistic	2
cruiser	2
session	2
ritz	2
sparsely	2
load	2
loan	2
frosty	2
handling	2
receive	2
shorter	2
teeter	2
viewing	2
walmart	2
canned	2
marquee	2
continue	2
partying	2
bi	2
fern	2
eleven	2
uw	2
un	2
coasting	2
tuft	2
swirl	2
trouser	2
grownup	2
knotted	2
windowsill	2
outwards	2
gettin	2
disheveled	2
aerodynamic	2
technical	2
involved	2
whipping	2
zig	2
bullhorn	2
pour	2
rollerskater	2
process	2
rollerskates	2
earmuff	2
lunchbox	2
await	2
notebook	2
transparent	2
presidential	2
graze	2
backless	2
spill	2
david	2
pudding	2
motorbiker	2
waterspout	2
system	2
enforcement	2
trike	2
rollercoaster	2
punctured	2
false	2
demolished	2
hoodies	2
jaw	2
terminal	2
gnaws	2
lucky	2
rappel	2
hosed	2
packer	2
astroturf	2
tented	2
tantrum	2
drug	2
powered	2
genetic	2
poured	2
commuter	2
uggs	2
surfboarding	2
overcast	2
footbridge	2
wed	2
clipped	2
hissing	2
fedex	2
snuggling	2
frolicks	2
excitement	2
ing	2
antler	2
buoy	2
nursery	2
regalia	2
whack	2
urinating	2
celebration	2
study	2
glance	2
recreational	2
mushing	2
versus	2
baggage	2
dumping	2
creates	2
totter	2
albert	2
navigate	2
salvar	2
indescript	2
chandelier	2
firehose	2
pursuing	2
headlong	2
rung	2
steal	2
cattle	2
pastel	2
swimwear	2
ill	2
homebase	2
flexible	2
attacked	2
hoist	2
launcher	2
aig	2
launched	2
cylinder	2
brake	2
descent	2
grapple	2
descend	2
stuntman	2
antique	2
filming	2
illustration	2
architectural	2
accepts	2
anime	2
mantle	2
prayer	2
welcome	2
hump	2
flopping	2
supporting	2
sending	2
trial	2
confrontation	2
tartan	2
slinky	2
skydiving	2
rotweiler	2
burrowing	2
jousting	2
fireball	2
punting	2
holing	2
barrow	2
roading	2
album	2
receiving	2
grimacing	2
marine	2
expanse	2
extinguish	2
veteran	2
stain	2
paneled	2
cannot	2
israeli	2
staffordshire	2
soil	2
shit	2
document	2
foal	2
investigates	2
bagpiper	2
thinking	2
mirrored	2
struck	2
frown	2
greeting	2
thrower	2
dancefloor	2
uncrowded	2
kickflip	2
chow	2
recoil	2
bucked	2
impersonator	2
showerhead	2
nerf	2
poor	2
squint	2
mp3	2
vert	2
robed	2
darkness	2
strong	2
aimed	2
mounted	2
tried	2
daisy	2
dread	2
ghostbusters	2
wiener	2
mcdonalds	2
peeing	2
slicker	2
steered	2
outrun	2
pup	2
drooling	2
bowed	2
trapped	2
concentration	2
snapping	2
waterproof	2
x	2
won	2
readying	2
sailboard	2
buzy	2
vessel	2
daschund	2
coarse	2
collected	2
canadian	2
petal	2
overlooked	2
madly	2
pyrotechnic	2
hazmat	2
barack	2
enthusiastically	2
banjo	2
toyota	2
minimal	2
aman	2
outcrop	2
rummage	2
accross	2
kickboxing	2
zooming	2
avrovulcancom	2
wizard	2
mosque	2
wavy	2
pristine	2
stance	2
commercial	2
arrangement	2
corral	2
scoop	2
soggy	2
snorkel	2
placid	2
darkly	2
attending	2
princess	2
farmland	2
yong	2
final	2
snowfield	2
pursues	2
employee	2
widow	2
harvested	2
marshy	2
tend	2
sole	2
headlamp	2
digger	2
piloting	2
capture	2
fierce	2
flexing	2
scrubland	2
grappling	2
flashing	2
propelled	2
historic	2
palying	2
fanny	2
utility	2
backhand	2
north	2
triangular	2
cello	2
twist	2
diego	2
stab	2
samsung	2
portion	2
simpson	2
swam	2
guardrail	2
asia	2
104	2
buckled	2
flees	2
campaign	2
tell	2
setup	2
amazing	2
goodbye	2
scoring	2
harmonica	2
crew	2
better	2
taught	2
hook	2
hoof	2
twisted	2
boating	2
consumed	2
icing	2
scrubbing	2
coast	2
rockstar	2
subject	2
eastpak	2
buddist	2
website	2
mushroom	2
piste	2
mexico	2
bottled	2
entitled	2
kit	2
mouthguards	2
contestant	2
save	2
dirtbikers	2
oncoming	2
scrimmage	2
poolside	2
dear	2
wintertime	2
ralley	2
wintery	2
frightened	2
weathered	2
fork	2
sweatsuit	2
vista	2
handicap	2
jacker	2
skid	2
me	2
grimace	2
olympic	2
international	2
gazebo	2
frosting	2
nylon	2
discus	2
freestyle	2
mouthing	2
thermos	2
avoiding	2
soup	2
crazy	2
tilt	2
accessory	2
designed	2
cascade	2
permed	2
longsleeve	2
peterson	2
pointer	2
yorkshire	2
swimmies	2
canada	2
3rd	2
advance	2
exotic	2
cheese	2
dwelling	2
11	2
victorian	2
stubby	2
pastry	2
squad	2
interior	2
grassland	2
grayhound	2
enough	2
puma	2
tux	2
jr	2
sunbather	2
stretcher	2
freak	2
undershirt	2
attaching	2
workshop	2
stacked	2
aerobics	2
stepped	2
crock	2
drainage	2
propel	2
doggy	2
fringe	2
mart	2
planeta	2
again	2
pensive	2
binocular	2
stiped	2
hooker	2
knitted	2
stood	2
affectionately	2
tortoise	2
caravan	2
wiped	2
texting	2
pawing	2
controlling	2
escorted	2
abandon	2
synchronized	2
fame	2
stir	2
frilly	2
florescent	2
bloom	2
chute	2
21	2
handheld	2
dolly	2
pregnant	2
energy	2
engaging	2
portland	2
trooper	2
sarong	2
innertubes	2
netted	2
precariously	2
twenty	2
least	2
bellbottoms	2
john	2
bohemian	2
treated	2
swerve	2
backseat	2
salmon	2
chart	2
took	2
sparrow	2
breast	2
silk	2
waterskiier	2
meandering	2
bongo	2
pamphlet	2
weaving	2
gay	2
gal	2
italy	2
ray	2
dart	2
knock	2
semi	2
sequin	2
google	2
gardening	2
cannonball	2
pee	2
eyeglass	2
portrate	2
crag	2
calico	2
playgroud	2
finley	2
prepared	2
fisher	2
roping	2
colonial	2
amplifier	2
wrangle	2
brochure	2
golfer	2
sombody	2
recreation	2
mottled	2
chicago	2
exchange	2
intercept	2
oval	2
excitedly	2
kiosk	2
ace	2
smear	2
varied	2
furnace	2
chief	2
straddling	2
tubular	2
defend	2
bullfighter	2
ref	2
approached	2
retrieved	2
yarn	2
retail	2
mit	2
quilted	2
occasion	2
text	2
supported	2
staff	2
photography	2
cruise	2
mown	2
buster	2
joke	2
longhaired	2
ac	2
partner	2
spitting	2
penzance	2
citizen	2
281	2
crazily	2
goaltender	2
muff	2
snuggle	2
recieving	2
outline	2
bun	2
inverted	2
dangerous	2
heavyset	2
coverall	2
bundle	2
baked	2
sleek	2
hate	2
poorly	2
sheperd	2
throught	2
headwrap	2
donning	2
dressing	2
pouch	2
entertainer	2
parasailors	2
lump	2
daredevil	2
underside	2
mallard	2
condition	2
sheltered	2
reenactment	2
choir	2
tumbleweed	2
stringed	2
arizona	2
wildly	2
reclining	2
handkerchief	2
adhd	2
broadly	2
policewoman	2
refreshment	2
toolbox	2
interviewing	2
news	2
faced	2
ranger	2
cherry	2
moutnain	2
stopping	2
complex	2
pinstripe	2
columned	2
elf	2
mountian	2
58	2
52	2
doorstep	2
plugging	2
choke	2
duke	2
civil	2
towing	2
gorgeous	2
forearm	2
shiner	2
constructed	2
evergreen	2
bullet	2
yacht	2
slouching	2
comforting	2
tatooed	2
studded	2
collision	2
begs	2
tipped	2
glancing	2
lonely	2
clutch	2
populated	2
flare	2
turf	2
budweiser	2
array	2
pokemon	2
given	2
girder	2
released	2
holder	2
ant	2
any	2
tambourine	2
senior	2
perch	2
lighted	2
crooked	2
flow	2
quiet	2
berry	2
featuring	2
attentive	2
slippery	2
scupture	2
gonzaga	2
participant	2
changing	2
cartoon	2
lavish	2
halfway	2
oddly	2
wader	2
doze	2
ou	2
ferris	2
illuminated	2
starbucks	2
cbs	2
bicycling	2
separate	2
includes	2
brass	2
apparel	2
tanned	2
surgical	2
soled	2
cascading	2
crust	2
shite	2
branded	2
israel	2
v	2
pong	2
alter	2
hunter	2
videotaped	2
level	2
alcohol	2
puckering	2
magician	2
stalk	2
cropped	2
english	2
measured	2
sheppard	2
triangle	2
snowstorm	2
barb	2
sportswear	2
learns	2
unpaved	2
blazer	2
entertain	2
nipping	2
skyward	2
shamrock	2
propping	2
bouncer	2
tablet	2
acrobatics	2
doorbell	2
entangled	2
glittery	2
slinging	2
piglet	2
saucer	2
perpendicular	2
handled	2
greets	2
mustached	2
andy	2
cattail	2
dale	2
mustard	2
buffalo	2
once	2
alien	2
daring	2
breathing	2
spool	2
graphic	2
fold	2
sexy	2
metro	2
tinted	2
dusted	2
patron	2
tax	2
saturated	2
grafitti	2
flew	2
snoopy	2
flea	2
fiddle	2
headwraps	2
our	2
84	2
attentively	2
utensil	2
clip	2
linked	2
ringed	2
catholic	2
patchy	2
statute	2
rite	2
smilling	2
confronts	2
backback	2
stunning	2
layer	2
gothic	2
perhaps	2
recline	2
nadal	2
halo	2
know	2
doughnut	2
kawasaki	2
sandpit	2
odeon	2
groomed	2
sweatband	2
hitter	2
rickety	2
roughhousing	2
incredible	2
mulch	2
woody	1
electricity	1
sunlit	1
shaving	1
helemt	1
foul	1
antoher	1
crotch	1
gorup	1
sailboarder	1
glassy	1
bannister	1
slurpees	1
numeral	1
pawed	1
sufer	1
herb	1
here	1
reported	1
buddy	1
climbes	1
stringless	1
orangish	1
brought	1
endzone	1
geisha	1
telegraph	1
dacshund	1
holy	1
waeribng	1
90	1
97	1
pompadour	1
romancandles	1
organized	1
want	1
shored	1
bodyless	1
diagram	1
puling	1
hapily	1
pleople	1
fig	1
fin	1
acrowd	1
slate	1
angerly	1
interrupt	1
whacking	1
flamboyantly	1
shoelace	1
noticable	1
demonstarting	1
whil	1
whie	1
xmen	1
cathedral	1
message	1
waterpark	1
underfoot	1
ate	1
flurry	1
ups	1
farward	1
disturbed	1
rhododendron	1
critter	1
collapse	1
railgrind	1
backset	1
werewolf	1
hoddie	1
peacoat	1
dozen	1
eagerly	1
instructs	1
soaker	1
rotary	1
multiracial	1
cami	1
paneling	1
marvel	1
sightseer	1
barier	1
quaint	1
underpants	1
cougar	1
furocious	1
longhorn	1
gutarist	1
dipping	1
flanked	1
atomic	1
branding	1
cordoned	1
preserve	1
smelled	1
adventurer	1
heating	1
bodysurfs	1
wipeout	1
gleaming	1
grazing	1
fro	1
chiseling	1
roofed	1
obese	1
joust	1
worked	1
thows	1
professionally	1
excersise	1
k	1
playes	1
anticipating	1
fairly	1
flexable	1
tune	1
askance	1
goofing	1
corporate	1
distribute	1
waterboard	1
shading	1
enters	1
easy	1
prison	1
east	1
fishscales	1
wiht	1
clustered	1
contestent	1
seaside	1
peoplw	1
trombone	1
ump	1
fox	1
creative	1
exposition	1
sillouhette	1
losing	1
bowing	1
emits	1
cornstalk	1
sol	1
surounded	1
pictureon	1
tame	1
headdrees	1
launching	1
spurting	1
manmade	1
straggle	1
duel	1
rippling	1
smashed	1
157	1
campflauge	1
ripstik	1
rehearsing	1
fastened	1
glvoes	1
firecracker	1
convoy	1
93	1
uneven	1
flatbed	1
choice	1
son't	1
redish	1
multistory	1
minnie	1
skewed	1
crustacean	1
inscribed	1
skewer	1
spiritual	1
sigh	1
crescent	1
silohuetted	1
soccor	1
coppery	1
lazily	1
banister	1
plucking	1
queue	1
concealed	1
petterned	1
bended	1
sunbathing	1
scope	1
gregoire	1
admired	1
stoll	1
allowed	1
monitoring	1
sweashirt	1
sliiding	1
explores	1
explorer	1
remax	1
treck	1
blowup	1
vike	1
archeologist	1
kong	1
jib	1
gatorade	1
earnhardt	1
suspension	1
arriving	1
recked	1
beetle	1
troll	1
footbride	1
contained	1
internet	1
formula	1
bordering	1
seventh	1
quite	1
balncing	1
colred	1
intensely	1
scarred	1
collapsing	1
aboard	1
passageway	1
dogsracing	1
rustric	1
paleontologist	1
streetlight	1
williams	1
flatscreen	1
artifact	1
padding	1
antic	1
photographic	1
biohazard	1
buries	1
tobaggons	1
aside	1
maintain	1
wanting	1
maneuvering	1
spewing	1
buffet	1
crochet	1
average	1
vaste	1
bicyler	1
gourp	1
lifeguard	1
daschunds	1
windowed	1
tilting	1
rainling	1
osme	1
midfield	1
recoiling	1
tike	1
vision	1
atire	1
cin	1
egde	1
sponsorship	1
dimlight	1
wearhing	1
supermarket	1
spare	1
mountaintops	1
majestically	1
waterbed	1
can't	1
extravagantly	1
anti	1
caring	1
collides	1
vacation	1
thousand	1
daiseys	1
zippered	1
extravagent	1
diverse	1
collarless	1
twisty	1
metropolitain	1
speedway	1
bullfighting	1
jumpinjg	1
dreeds	1
shute	1
edged	1
oceanside	1
retreived	1
bulletproof	1
cheery	1
fingerhold	1
driftwood	1
multilple	1
slimy	1
mandolin	1
shriner	1
toddleris	1
geological	1
joyful	1
arounf	1
snare	1
percussionist	1
claw	1
divind	1
motorcrossing	1
beckons	1
litttle	1
went	1
joyfully	1
pinestraw	1
slighty	1
speach	1
sprinkers	1
philadelphia	1
harpsichord	1
brazilian	1
antiquated	1
blueish	1
kiyaking	1
darked	1
unsual	1
napping	1
rust	1
aa	1
ab	1
moutain	1
am	1
vocabulary	1
closeby	1
clowning	1
mast	1
mass	1
ceramic	1
tinsel	1
squeal	1
loooking	1
ti	1
snowboardering	1
convienience	1
floated	1
floater	1
strand	1
illustrated	1
accompanying	1
onesie	1
joined	1
sang	1
snowbound	1
lecturing	1
sync	1
canvass	1
situated	1
freesbies	1
personperson	1
outcroping	1
palid	1
streambed	1
experience	1
pice	1
unner	1
via	1
strolling	1
ghostbuster	1
casket	1
occassion	1
stretchy	1
alcove	1
signpost	1
competes	1
seaguls	1
science	1
phillie	1
fleecy	1
siluettes	1
fiving	1
biden	1
snowymountain	1
fiercely	1
beaver	1
decortive	1
intended	1
notre	1
signature	1
imagery	1
hauling	1
blays	1
helplessly	1
wooly	1
passin	1
questioningly	1
bangle	1
blurring	1
alls	1
ally	1
tentatively	1
skipped	1
aggitates	1
motley	1
sucker	1
frizzy	1
lettuce	1
coping	1
jewlery	1
takeing	1
silky	1
toppless	1
enjoyment	1
aboat	1
flyaway	1
risen	1
porcelain	1
director	1
reared	1
armful	1
bumper	1
corrugated	1
aligator	1
gazed	1
emblazoned	1
thecamera	1
muffler	1
matchin	1
guest	1
swipe	1
litlle	1
focusing	1
swimtrunks	1
youngle	1
containig	1
fireside	1
stockcar	1
jostle	1
brace	1
blackboard	1
swiftly	1
plat	1
dirtbike	1
plan	1
accepting	1
lacross	1
worshipping	1
battons	1
defended	1
woooden	1
overwhelmed	1
impact	1
clothesline	1
downpour	1
waaves	1
gettnig	1
seperated	1
caramel	1
samoyads	1
obscure	1
bulky	1
minerature	1
nibble	1
outward	1
rollerskate	1
currently	1
respectively	1
europe	1
untouched	1
resturaunt	1
last	1
slimber	1
lanyard	1
loaf	1
tanktops	1
blog	1
patroller	1
cheeked	1
nugent	1
pyranha	1
caged	1
vaulated	1
pressed	1
secluded	1
pound	1
ducky	1
backing	1
decoy	1
pecking	1
opinion	1
euro	1
clasped	1
hotrod	1
retrive	1
swinger	1
pinball	1
suffering	1
stylish	1
stoppie	1
pall	1
oout	1
obscures	1
nowhere	1
tidal	1
anything	1
frisbie	1
bting	1
repair	1
jumpin	1
paraskier	1
custom	1
excavating	1
jewish	1
pastor	1
geting	1
magnificant	1
mature	1
hangong	1
skimming	1
surveying	1
takedown	1
stiffly	1
ahand	1
tobaggan	1
energetic	1
womanwearing	1
clibing	1
holey	1
expressionless	1
overtop	1
zchtv	1
enjoyable	1
pedalling	1
yound	1
spangle	1
indicating	1
boatload	1
continues	1
shetland	1
magic	1
weilding	1
overshadows	1
gaurdsmen	1
mishap	1
playgym	1
excersizing	1
index	1
eyepatch	1
turnaround	1
waling	1
atrail	1
lei	1
crosslegged	1
delivering	1
wrestilng	1
screech	1
dimond	1
headline	1
mussel	1
maker	1
involves	1
atheletes	1
untangles	1
boxy	1
gaurd	1
standind	1
busk	1
milkweed	1
moutainside	1
trumped	1
labelled	1
apond	1
lakefront	1
emphatically	1
coffin	1
thie	1
rode	1
promotional	1
docking	1
tourquoise	1
yellowish	1
wristwatch	1
seaworld	1
tier	1
cinderblock	1
tomato	1
ypoung	1
element	1
allow	1
antelope	1
perfect	1
mistletoe	1
pullover	1
hobby	1
outlined	1
accompanies	1
prarie	1
glasses	1
operator	1
witness	1
rigging	1
burka	1
thrust	1
chilly	1
jumphouse	1
fitls	1
scare	1
baseballfield	1
scent	1
statefarmcom	1
potrait	1
traveller	1
vigorous	1
quarry	1
unoccupied	1
ivars	1
unamused	1
mittened	1
railling	1
fawkes	1
gentle	1
soak	1
mechanism	1
korean	1
lily	1
warily	1
hypocrite	1
roundedplatform	1
sweeping	1
wounded	1
08	1
atmosphere	1
grss	1
woolly	1
bring	1
planter	1
should	1
styrofoam	1
dogsplaying	1
h	1
ohio	1
speedskater	1
intervening	1
guessing	1
slanted	1
superhero	1
helments	1
explosive	1
fancily	1
poof	1
popscicles	1
snowfall	1
cd	1
javelin	1
crafted	1
chidl	1
swarmed	1
tychy	1
spain	1
smiff	1
spectating	1
emotionally	1
underhang	1
brickwall	1
powerwashing	1
trudge	1
mastif	1
gelled	1
hauled	1
lesh	1
carjack	1
government	1
snowdrift	1
meditational	1
loader	1
childing	1
become	1
paragliding	1
footage	1
daylight	1
tasting	1
transport	1
kiddy	1
pomeranian	1
pear	1
pressure	1
fluorecent	1
belay	1
drumming	1
playtoy	1
maraca	1
thck	1
chrome	1
furred	1
goucho	1
weirmeiner	1
cadet	1
cradling	1
naturally	1
1950	1
delivery	1
grate	1
evident	1
sibling	1
inn	1
wrinkley	1
agains	1
stamds	1
nursed	1
planting	1
variety	1
largesteps	1
iove	1
casque	1
directory	1
exposure	1
ghost	1
rottwieler	1
dave	1
acroos	1
saver	1
sunnymorning	1
mansion	1
defecating	1
litle	1
medow	1
exibit	1
pinch	1
handout	1
roddick	1
suite	1
poppy	1
bubbling	1
placemats	1
panda	1
established	1
toll	1
simultaneously	1
shepher	1
hairdo	1
walkin	1
browsing	1
riverboat	1
angrily	1
bro	1
romantically	1
atrium	1
total	1
fton	1
palestinian	1
knoll	1
riverwater	1
separated	1
stickball	1
springer	1
worm	1
cuddle	1
blooming	1
motocycle	1
rapels	1
egyptian	1
goggled	1
beack	1
boe	1
lav	1
south	1
tucking	1
thebackground	1
wiffle	1
hudge	1
production	1
thebeach	1
then	1
safe	1
litcandles	1
burgungy	1
ther	1
garmet	1
dingo	1
l	1
iguana	1
braiding	1
afield	1
hooked	1
forte	1
snowcovered	1
forth	1
smacking	1
unifrom	1
mullet	1
refugee	1
poofy	1
paraglides	1
doge	1
swatting	1
fumble	1
horseriders	1
emblem	1
cereal	1
rippled	1
apparantly	1
hacking	1
tipping	1
spashes	1
strength	1
necktie	1
latter	1
snowflake	1
bigwheels	1
exercised	1
anatomy	1
extending	1
circled	1
streches	1
hanna	1
responder	1
streched	1
fisheye	1
foraging	1
picnicker	1
screening	1
rectangle	1
riwal	1
roundabout	1
du	1
steap	1
cappedhills	1
dupont	1
crucifixion	1
steak	1
observer	1
brandish	1
bracing	1
biek	1
packaged	1
intot	1
ilk	1
devotion	1
receiver	1
peacefully	1
boogieboard	1
tjhe	1
sweatshir	1
davison	1
drumset	1
beanches	1
voice	1
sticker	1
dumped	1
tissue	1
perfors	1
wispy	1
thw	1
drip	1
exited	1
contact	1
unified	1
turquiose	1
zepra	1
shout	1
lightsaber	1
barge	1
eroded	1
espana	1
slouched	1
gandhi	1
sends	1
eyeing	1
born	1
congratulate	1
violinist	1
posh	1
woamn	1
breaded	1
coral	1
gingerbread	1
faint	1
quaterpipe	1
profession	1
wan	1
wal	1
fuchsia	1
wax	1
chainmail	1
mysterious	1
bullseye	1
responding	1
distored	1
revel	1
goldenrod	1
mold	1
mole	1
physical	1
carpeting	1
scored	1
o'clock	1
notepad	1
troupe	1
huskey	1
alertly	1
paced	1
global	1
silverware	1
teeing	1
scowling	1
zone	1
jogged	1
browm	1
mountin	1
blast	1
gnarly	1
steeple	1
hte	1
brave	1
windboarder	1
wildebeest	1
burnished	1
goldfish	1
gorge	1
buch	1
vibrating	1
patriotic	1
hishand	1
highschoolers	1
bigs	1
throughwindow	1
live	1
waterline	1
sewn	1
elderely	1
clue	1
planked	1
decked	1
social	1
noce	1
wetsuite	1
expanding	1
windsailing	1
cruisship	1
discussion	1
write	1
dominance	1
disgusted	1
froup	1
accelerates	1
headcover	1
progressively	1
typical	1
ourdoors	1
colt	1
consulting	1
ended	1
einstien	1
cola	1
manequins	1
tending	1
willow	1
reacting	1
spacious	1
showered	1
rake	1
oppsite	1
noy	1
idyllic	1
ponytailed	1
em	1
ee	1
directing	1
telephot	1
happen	1
showroom	1
thong	1
acrouss	1
picute	1
honest	1
domed	1
malnourished	1
sprawling	1
625	1
zag	1
comprised	1
drove	1
checker	1
national	1
pnc	1
peck	1
backgound	1
rugger	1
grotto	1
slat	1
overnight	1
windsurf	1
snout	1
breakdances	1
breakdancer	1
objective	1
neatly	1
cyclers	1
13406	1
amitheater	1
dragster	1
shorthaired	1
dimmly	1
hoolahoops	1
burst	1
anchored	1
helmetriding	1
midpitch	1
ladie	1
redskin	1
competiting	1
blame	1
article	1
afican	1
shorline	1
mono	1
attache	1
forehand	1
menacingly	1
masonry	1
barrette	1
crumb	1
developing	1
chinatown	1
scarily	1
tilling	1
coutryside	1
figurine	1
pullup	1
iceskate	1
jomps	1
swallow	1
padel	1
severe	1
charged	1
armour	1
dueling	1
sweatpants	1
uptop	1
ceremonial	1
twelve	1
verbal	1
sidwalk	1
bobbed	1
wakeboarders	1
advertisment	1
hustle	1
volkswagen	1
assemble	1
strainer	1
exciting	1
youg	1
elementary	1
caribiner	1
atrack	1
catc	1
supervising	1
bathingsuit	1
cottage	1
pitched	1
embedded	1
freddy	1
scanner	1
juggler	1
mover	1
soocerball	1
trample	1
gambling	1
forcing	1
polar	1
carpenter	1
wields	1
flattened	1
christmastime	1
stange	1
since	1
inflating	1
referring	1
kneepads	1
belaying	1
croquette	1
slushies	1
attemping	1
decide	1
headgear	1
locomotive	1
looling	1
convienance	1
venice	1
excess	1
patterened	1
pepco	1
amoung	1
creepy	1
coveredhill	1
chunky	1
trained	1
somersaulting	1
chestnut	1
lowering	1
producing	1
sunning	1
scalling	1
barbwire	1
againest	1
magenta	1
pinscher	1
motorcross	1
greenpeace	1
cornfield	1
streetlamp	1
piggybacking	1
chalked	1
eachothers	1
dimpled	1
fanning	1
cathcer	1
nestled	1
cupcake	1
anticipates	1
payer	1
enlarged	1
armstand	1
dandilions	1
swaetshirt	1
soapy	1
positioned	1
splattered	1
meditating	1
expansive	1
protruding	1
diry	1
pub	1
ask	1
ash	1
algae	1
bash	1
contorts	1
curtsey	1
fayre	1
knocking	1
reflected	1
scrolled	1
maple	1
belongs	1
mosaic	1
mardis	1
policeperson	1
softdrinks	1
signaling	1
1915	1
bobsled	1
gren	1
deciding	1
withered	1
headwear	1
chipmunk	1
horned	1
breaststroke	1
floatlys	1
sirts	1
diferent	1
tonge	1
boredom	1
hovered	1
661	1
casterol	1
corgie	1
justice	1
ques	1
dominant	1
accends	1
perfume	1
giong	1
passenager	1
waterskiis	1
protecting	1
chasseing	1
foggyday	1
towarn	1
probably	1
burned	1
kneeled	1
acampfire	1
buzz	1
stoplight	1
liked	1
spotting	1
outfut	1
catwalk	1
damp	1
buisness	1
instructing	1
dame	1
hoodoo	1
determination	1
loom	1
bikins	1
whild	1
bikina	1
embroidered	1
smacker	1
firends	1
communal	1
kwan	1
shaw	1
shuttered	1
shag	1
grand	1
modification	1
temporary	1
solider	1
shivering	1
supervise	1
roasted	1
informal	1
cemetery	1
exercising	1
remaining	1
vibrant	1
weiner	1
saddled	1
perked	1
spokesmodels	1
erupts	1
trendy	1
redhair	1
debri	1
dilapidated	1
everybody	1
booklet	1
faith	1
gnome	1
teanage	1
seeing	1
subaru	1
purina	1
worshipper	1
heritage	1
collapsed	1
properly	1
scubba	1
stumbling	1
sifting	1
cautiously	1
togerther	1
cleat	1
amphitheater	1
lavendar	1
halfpipe	1
nat	1
chello	1
drap	1
rested	1
tundra	1
smiled	1
drab	1
drak	1
bleached	1
yuong	1
depth	1
underbrush	1
cheerful	1
gi	1
compact	1
arid	1
backflips	1
uniquely	1
blitz	1
graying	1
playy	1
ouside	1
fishemen	1
focused	1
convert	1
walkman	1
withdrawing	1
closeout	1
repel	1
felled	1
win	1
collaborating	1
wii	1
wit	1
retriving	1
craw	1
barrior	1
inair	1
reflects	1
popped	1
started	1
popper	1
mitsubishi	1
wearin	1
archer	1
shelton	1
rids	1
beijing	1
ferrett	1
twome	1
drainpipe	1
bandana	1
oriential	1
nubby	1
furiously	1
spelling	1
perpares	1
fancybuilding	1
prays	1
whiteuniform	1
keeling	1
treed	1
videocameras	1
brook	1
filiming	1
frond	1
derssed	1
fronr	1
stonesign	1
canooers	1
carabiner	1
measure	1
armor	1
cause	1
slush	1
peoople	1
withering	1
prepairing	1
underpass	1
retrives	1
shred	1
busines	1
mad	1
powerful	1
horseman	1
revealed	1
pavillion	1
adopted	1
attach	1
raling	1
jumpsuites	1
catered	1
beg	1
defense	1
lightly	1
grayish	1
roiling	1
longeared	1
physique	1
sprinkled	1
detector	1
lecturer	1
chasse	1
tandom	1
montana	1
awe	1
stereo	1
indy	1
propels	1
themountain	1
based	1
rash	1
peolple	1
aquos	1
joint	1
tbe	1
squated	1
gust	1
tuner	1
chaperone	1
exhibt	1
operates	1
operated	1
unshaven	1
neither	1
flickr	1
key	1
thank	1
fielder	1
flocking	1
andwhite	1
peddal	1
slowly	1
whisper	1
uplifted	1
novel	1
examined	1
conical	1
sleve	1
indigo	1
gothically	1
tapped	1
unconventional	1
eccentric	1
effect	1
experimenter	1
krueger	1
discouraged	1
motorcycling	1
oak	1
largley	1
binky	1
riverside	1
crushed	1
granite	1
propeller	1
lost	1
glare	1
tge	1
liking	1
solicits	1
competiton	1
schoolyard	1
graffited	1
wedgie	1
reptile	1
wearfing	1
additional	1
hooding	1
eyese	1
panhandler	1
stepstool	1
bullrider	1
hp	1
astro	1
wince	1
sprinkling	1
overflow	1
signed	1
backview	1
signer	1
suggestively	1
pilar	1
universal	1
sheilding	1
equiment	1
serveral	1
offensive	1
starbuck	1
trekkies	1
suspiciously	1
foil	1
encripted	1
foreround	1
aided	1
headand	1
powdery	1
knelt	1
calculate	1
swetashirts	1
flaggers	1
cruising	1
downstream	1
vase	1
gover	1
smack	1
convenience	1
snowpants	1
force	1
hsirt	1
gator	1
cactus	1
even	1
wreck	1
orchestra	1
ghandi	1
parachuter	1
ever	1
messanger	1
met	1
gallopsing	1
stiffing	1
vinyl	1
fantastic	1
heeled	1
mobility	1
county	1
jaywalk	1
spays	1
overhear	1
ratty	1
peeping	1
expose	1
ward	1
verdant	1
suggestive	1
inhand	1
civillians	1
butting	1
abdomen	1
ove	1
attemps	1
defaced	1
checkerboard	1
vfw	1
operate	1
pothole	1
hairnet	1
windshield	1
keffiyehs	1
chihuahua	1
personal	1
slurps	1
laborador	1
caterpillar	1
ducking	1
adobe	1
skiny	1
conifer	1
videotape	1
colapsable	1
ont	1
aboriginal	1
foliaged	1
comforter	1
shiver	1
breezeway	1
fiveteen	1
escort	1
stoic	1
somone	1
cavorts	1
preparation	1
pleadingly	1
mermaid	1
desperate	1
palace	1
mine	1
churn	1
seek	1
4x4	1
razer	1
tye	1
memorabilia	1
don	1
doo	1
doa	1
m	1
breathes	1
hamming	1
consumer	1
annoyed	1
aquatic	1
greenbay	1
representing	1
excercise	1
takeout	1
promting	1
bad	1
cower	1
ban	1
lettering	1
scrap	1
cosplayers	1
lotion	1
upfront	1
modeling	1
mucky	1
conch	1
prefabricated	1
bookcase	1
confronted	1
motioning	1
snakeskin	1
addressing	1
targeting	1
intotubes	1
deeper	1
exception	1
thestreet	1
neat	1
motorist	1
smoky	1
midjump	1
sushi	1
ia	1
id	1
confronting	1
grows	1
hulahoop	1
overa	1
opportunity	1
stingray	1
ongrass	1
jersay	1
smoked	1
pooping	1
sentence	1
longish	1
bandmates	1
yet	1
nudge	1
agile	1
egytian	1
driftrood	1
depicts	1
hatchback	1
picutre	1
manual	1
vaulter	1
powerlines	1
somehow	1
tripped	1
sprawl	1
dense	1
bullfight	1
squeamish	1
bolt	1
nametags	1
biciycle	1
seabird	1
thinner	1
rearview	1
chime	1
sandcastles	1
streght	1
rottweiller	1
pavilion	1
shin	1
carreis	1
lingers	1
busying	1
fraternal	1
boyrides	1
dandylions	1
fronmt	1
broen	1
garland	1
meander	1
skit	1
skii	1
manager	1
mile	1
skim	1
bomber	1
anticipation	1
summersault	1
bordered	1
perfoms	1
pace	1
sportwoman	1
streetpole	1
defying	1
nussle	1
diveboard	1
bartender	1
did	1
dizzy	1
democrat	1
outise	1
shave	1
dealing	1
onrushing	1
literature	1
draping	1
bunchh	1
surfung	1
swimcap	1
vandalized	1
shift	1
thrashed	1
bruised	1
seawall	1
bog	1
flexibility	1
lamppost	1
at&t	1
anouther	1
sweating	1
thre	1
visit	1
perm	1
creamy	1
checkout	1
facepaintings	1
caqrd	1
walled	1
sour	1
windboard	1
grouchy	1
winston	1
agent	1
arbor	1
guiutarist	1
ping	1
chemical	1
may	1
nech	1
tale	1
dojo	1
shield	1
gradual	1
shaky	1
wishing	1
pillowcase	1
argues	1
maid	1
snorkeling	1
mail	1
texas	1
tucked	1
killer	1
unspooled	1
encircling	1
obligatoire	1
guidewire	1
anciet	1
girt	1
shews	1
signage	1
enforcment	1
spiking	1
treetop	1
emerged	1
pizzeria	1
onsie	1
brooke	1
orb	1
jaket	1
fribee	1
funky	1
think	1
fleeing	1
thesand	1
farris	1
scull	1
watersports	1
10	1
17	1
scraping	1
protected	1
venture	1
gigantic	1
coconut	1
dash	1
baskers	1
foreigner	1
facefirst	1
trace	1
arguing	1
whizz	1
assault	1
beachfront	1
spectate	1
scowl	1
gound	1
trotted	1
contemporary	1
threshold	1
enthusiast	1
fend	1
dice	1
cheeseburger	1
feamle	1
midriff	1
hippy	1
lilypads	1
median	1
advertizing	1
london	1
milling	1
pebbly	1
starlet	1
histerically	1
behinf	1
behing	1
downriver	1
slingshot	1
crucified	1
pillared	1
gauntlet	1
waterful	1
restroom	1
tout	1
enviorment	1
saxaphones	1
maintained	1
iceburg	1
grond	1
vechile	1
graveyard	1
waing	1
offered	1
codpiece	1
dramatic	1
hdr	1
romping	1
coca	1
investigating	1
crewman	1
pressing	1
arewatching	1
everyday	1
pat	1
pay	1
bluejean	1
pac	1
mani	1
layup	1
conoe	1
soundproof	1
amazed	1
parody	1
mcdonald	1
reentry	1
backround	1
grating	1
grid	1
ascend	1
tatoo	1
spash	1
snoring	1
organizing	1
attampts	1
cigerette	1
tiretracks	1
expressing	1
decent	1
measuring	1
profusely	1
fitness	1
shotput	1
preoccupied	1
tease	1
toothpaste	1
paraphernalia	1
adjustment	1
wuth	1
arranged	1
romantic	1
netting	1
swinsuit	1
girlfriend	1
fiels	1
relection	1
outfield	1
lapel	1
twho	1
dunked	1
collegiate	1
landfill	1
snowpile	1
burrow	1
midstride	1
resembles	1
watctes	1
meetinghall	1
implement	1
preserver	1
shredding	1
hairclips	1
steve	1
celebrity	1
strung	1
further	1
dial	1
squeezed	1
cylindrical	1
busstop	1
unfurled	1
possessively	1
amazement	1
zagging	1
armed	1
composure	1
hillock	1
destination	1
fortune	1
twp	1
mutltiple	1
megaphone	1
diamond	1
shoulderbag	1
strain	1
clergy	1
needlepoint	1
shark	1
stacking	1
onslaught	1
narby	1
sphere	1
rainstorm	1
purchased	1
unexcited	1
siren	1
awkward	1
jumpropes	1
ensemble	1
redwood	1
dresswear	1
bleak	1
entry	1
bathed	1
deserted	1
sect	1
frisbree	1
winged	1
already	1
cabana	1
golfing	1
22	1
shortstop	1
29	1
lookout	1
seeking	1
compound	1
easily	1
ashed	1
ashen	1
evade	1
awall	1
pring	1
projected	1
jacketed	1
pleasant	1
mma	1
lkievely	1
aerodynamically	1
pure	1
corkscrew	1
kayer	1
dont	1
dong	1
loofa	1
bloodied	1
mama	1
bumble	1
muscled	1
caucasion	1
applebee	1
gotten	1
collapsable	1
rollskating	1
windbreaker	1
k2	1
rowed	1
plungles	1
smilely	1
serena	1
charm	1
shorthair	1
sunhat	1
giggling	1
dodging	1
scattered	1
converge	1
crocheted	1
nervous	1
bakery	1
seller	1
potao	1
sill	1
common	1
orca	1
prestends	1
visiting	1
skislope	1
retirever	1
peircings	1
frishbees	1
seater	1
alon	1
foreign	1
snowshovel	1
clowds	1
create	1
screened	1
secret	1
astonishment	1
assorted	1
fending	1
replaces	1
interlocking	1
solid	1
grainy	1
replaced	1
infront	1
adjusts	1
violently	1
swishing	1
primping	1
butcher	1
wisks	1
development	1
tupperware	1
dge	1
leopard	1
coliding	1
celebratory	1
bedroll	1
panelling	1
nordic	1
landmark	1
organization	1
howl	1
burbur	1
isolated	1
circling	1
excites	1
perused	1
cue	1
cubby	1
cub	1
rebound	1
judgement	1
competitively	1
vapour	1
humorous	1
culprit	1
pep	1
blackraft	1
riverrafting	1
clifftop	1
passifier	1
hippie	1
inflatbale	1
shrowded	1
hapy	1
clack	1
lesson	1
calming	1
tigger	1
directed	1
expressway	1
adoring	1
samll	1
convention	1
barettes	1
wringing	1
presenting	1
2008	1
intricate	1
frisbeen	1
lilly	1
bottomed	1
skiier	1
dessert	1
htting	1
touchline	1
entire	1
knight	1
shock	1
lapse	1
boatful	1
squabble	1
croc	1
anthem	1
gemmed	1
talent	1
33	1
32	1
30	1
proof	1
composed	1
outstreched	1
gateway	1
chi	1
inthe	1
snowpacked	1
dripping	1
thatch	1
arranging	1
harvest	1
fooling	1
fadora	1
neclace	1
subdivsion	1
boned	1
curving	1
regains	1
lame	1
stock	1
kaki	1
posign	1
minding	1
cuddling	1
linet	1
furious	1
gondolier	1
ametal	1
fundraising	1
le	1
ll	1
negotiates	1
tickled	1
junction	1
fiesty	1
frayed	1
crudely	1
slipping	1
identifier	1
buena	1
slumped	1
matt	1
announcer	1
genocidewritten	1
dupar	1
mortar	1
kildare	1
lagging	1
windsurfers	1
weimeraners	1
flume	1
nitro	1
completed	1
dreary	1
excercises	1
unfurling	1
geal	1
izod	1
lionist	1
bulldozer	1
comfortable	1
wateroutside	1
cavern	1
throat	1
apparently	1
min	1
mic	1
billiards	1
gravity	1
miniskirt	1
parkinglot	1
pausing	1
ganilla	1
enthusiastic	1
dirtracing	1
rotating	1
gurney	1
portfolio	1
hankerchief	1
discovers	1
regularly	1
bean	1
weating	1
ashtray	1
horizontally	1
fixer	1
cycler	1
handwritten	1
plling	1
wetland	1
awaits	1
flirt	1
graffitti	1
pedigree	1
pursed	1
vent	1
bespectacled	1
ayard	1
mouthpiece	1
angled	1
perplexed	1
redhead	1
waterhole	1
boods	1
nd	1
rectangular	1
belted	1
manually	1
helped	1
ax	1
arabic	1
powerboat	1
torwards	1
upclose	1
ion	1
teeshirt	1
overshadowed	1
thought	1
lillypads	1
usual	1
proximity	1
tough	1
flashlight	1
tattoed	1
add	1
sedan	1
terrorizes	1
dryed	1
paralell	1
italian	1
aerobatics	1
nfl	1
classical	1
obsured	1
proped	1
paddock	1
foosball	1
hurricane	1
bustling	1
pepper	1
noise	1
gontaga	1
oiled	1
buttoned	1
introduces	1
flake	1
beaked	1
tailed	1
pagent	1
childrens	1
chris	1
fourwheeler	1
rushed	1
rappeling	1
circus	1
musicans	1
swordfight	1
42	1
virtual	1
sewer	1
swimsuites	1
snowscapes	1
stirred	1
entertainment	1
tankini	1
climing	1
objest	1
kickbox	1
trolley	1
cartwheeling	1
patched	1
merchant	1
miasto	1
chrismas	1
upstream	1
encounter	1
venue	1
esculpter	1
feathery	1
direct	1
moniter	1
christ	1
beaten	1
disney	1
entertains	1
pontoon	1
stared	1
picure	1
midway	1
offf	1
would	1
skijoring	1
autumnal	1
footrace	1
daft	1
my	1
grenade	1
shook	1
aerobatic	1
santana	1
widespread	1
badly	1
mesa	1
lampost	1
jacuzzi	1
clapped	1
fairway	1
kickboxer	1
synch	1
avoids	1
flotation	1
pinkish	1
rental	1
shadowy	1
pincer	1
practising	1
basett	1
noisemaker	1
multicoloured	1
swirling	1
moter	1
sleeding	1
acrobat	1
jubilant	1
gauzey	1
grassed	1
fantasy	1
mercury	1
quinta	1
motorcyle	1
burger	1
overfilled	1
pompoms	1
relatively	1
tho	1
thoroughly	1
steamboat	1
client	1
laughed	1
gesticulates	1
suntanning	1
plenty	1
hortons	1
lifesaver	1
partition	1
jersy	1
entertaining	1
leaguer	1
zaftig	1
knuckle	1
zipping	1
highchair	1
fluid	1
perfomed	1
pouting	1
swept	1
skeptically	1
recieve	1
oppsing	1
unpainted	1
grandmother	1
discovery	1
weas	1
blasted	1
yamaha	1
layered	1
jello	1
cathing	1
ropey	1
beef	1
trampled	1
roped	1
pursing	1
affixed	1
lifevests	1
dashboard	1
provocative	1
submissive	1
exterior	1
interacts	1
playmat	1
wound	1
contracption	1
eyeshadow	1
springtime	1
suburb	1
tassel	1
shortly	1
forceful	1
breaching	1
interestingly	1
blueleash	1
waterfountains	1
collard	1
kelp	1
abarrotes	1
cultural	1
dismount	1
burnt	1
appearing	1
rangler	1
57	1
hunt	1
zoom	1
proudly	1
50	1
spoted	1
cooper	1
teamates	1
candidate	1
everything	1
plantain	1
brawl	1
eadult	1
playroom	1
coiled	1
donates	1
obscene	1
cafeteria	1
cubicle	1
harly	1
scamper	1
rustic	1
striding	1
attempted	1
spirit	1
terrior	1
heap	1
raingear	1
ruined	1
decorate	1
adorn	1
trio	1
brighty	1
swatted	1
faithful	1
tim	1
tin	1
arelaughing	1
juming	1
halway	1
miscellaneous	1
cine	1
propelling	1
navel	1
suckles	1
hardscape	1
contemplating	1
passage	1
charge	1
advantage	1
crooswalk	1
yougn	1
congregation	1
quick	1
goer	1
528	1
groupe	1
kakhi	1
cork	1
skimply	1
cavort	1
arc	1
thirty	1
washer	1
healthy	1
rafael	1
challange	1
emerge	1
scan	1
rasing	1
handler	1
kerry	1
cashier	1
sequoia	1
judo	1
patroling	1
dropped	1
middleaged	1
fourth	1
endorsement	1
dealth	1
islamic	1
abckground	1
wagging	1
blocker	1
mainly	1
worship	1
foldable	1
racedog	1
apex	1
popcycles	1
crampon	1
gushing	1
hawaiin	1
nodding	1
torch	1
sprinkle	1
hackey	1
factory	1
someplace	1
overflowing	1
hulk	1
judea	1
dirtbikes	1
swine	1
origin	1
fetched	1
cheerfully	1
peddles	1
district	1
handcrank	1
peddled	1
seedoo	1
afountain	1
counry	1
tanning	1
moutains	1
homerun	1
resembling	1
urge	1
sure	1
joker	1
ciff	1
teanager	1
donation	1
hooved	1
cleared	1
littering	1
seafood	1
proud	1
hungry	1
swordfighting	1
spaced	1
applauding	1
cheap	1
woolen	1
ractrack	1
brige	1
crime	1
veiwfinder	1
partake	1
wool	1
viewpoint	1
jazz	1
curcumvents	1
bareback	1
hedge	1
aluminum	1
enterance	1
bison	1
reveals	1
resaurant	1
encourages	1
1923	1
ignores	1
personwith	1
encouraged	1
fails	1
review	1
shirtness	1
smokestack	1
wanders	1
rif=ding	1
snarly	1
armchair	1
pod	1
poll	1
canoers	1
coupe	1
deposited	1
hardly	1
schoolboy	1
eatery	1
cresting	1
shaft	1
ridable	1
projector	1
graffti	1
emty	1
aross	1
nest	1
recital	1
foyer	1
lifevest	1
kill	1
womand	1
bloe	1
disrupt	1
manuever	1
squating	1
styled	1
eyebrwo	1
sportman	1
joking	1
kayacker	1
ampetheater	1
caribbean	1
sitts	1
beached	1
inspect	1
calmer	1
pinstriped	1
oh	1
od	1
waded	1
ot	1
communication	1
garner	1
jetskiing	1
retangular	1
perforced	1
vested	1
idea	1
orangesunset	1
wearubg	1
nightlife	1
creeping	1
haloween	1
backstand	1
trundle	1
pensively	1
cringes	1
russel	1
safron	1
heather	1
classmate	1
stocky	1
spouse	1
lace	1
walkng	1
abig	1
retreiving	1
program	1
painter	1
payfully	1
lited	1
vacationing	1
beckem	1
undone	1
neckless	1
snapshot	1
rate	1
invention	1
sub	1
sum	1
brief	1
bodyboarder	1
raked	1
skidded	1
dobbermen	1
naval	1
suntan	1
solitude	1
armoire	1
snub	1
smal	1
photograhi	1
minor	1
israei	1
dribbled	1
saharan	1
wrestled	1
aveda	1
trackside	1
extinguishes	1
rather	1
sprinking	1
headress	1
panoramic	1
adventure	1
sloppy	1
concentrating	1
supervision	1
footed	1
aggresively	1
buddhist	1
don't	1
developed	1
alotment	1
mission	1
disabled	1
hatted	1
scientist	1
downsteps	1
misspelled	1
brwon	1
reenactor	1
parasurfer	1
rellow	1
athletics	1
wilbert	1
fixture	1
suprised	1
milkbone	1
braided	1
caucasian	1
hailing	1
wisconsin	1
neeling	1
thread	1
seahorse	1
bushel	1
dine	1
dressedin	1
blank	1
bland	1
traveler	1
passer	1
moan	1
stork	1
swarm	1
pitted	1
gleefully	1
king	1
glower	1
foreleg	1
motivation	1
hanglider	1
earflap	1
engulf	1
cleaned	1
athelete	1
stiars	1
ahuge	1
peirced	1
pianist	1
buff	1
react	1
75	1
nothing	1
biscut	1
flighht	1
stoney	1
font	1
whiffle	1
punkish	1
airtime	1
fastest	1
stubbled	1
engraved	1
choreographed	1
gaurdian	1
cosplay	1
drooping	1
plywood	1
solo	1
paisley	1
outfir	1
opposition	1
inertia	1
bronze	1
c	1
halmets	1
roman	1
landform	1
witch	1
flier	1
peron	1
treefilled	1
dishtowel	1
pf	1
whoa	1
quintet	1
slideshow	1
quarterpipe	1
aboy	1
rip	1
rim	1
surronded	1
ethnicity	1
panasonic	1
rosy	1
wierd	1
shire	1
widely	1
razzling	1
arrives	1
fastens	1
flown	1
robust	1
congregated	1
bouncey	1
horro	1
machinery	1
macintosh	1
breastfeeding	1
ependent	1
aplayer	1
freefall	1
entangles	1
chilren	1
seperate	1
confront	1
marlin	1
ignore	1
aquestrian	1
wallride	1
eluding	1
paraglide	1
mudfight	1
yerba	1
prow	1
tends	1
grimmaces	1
jumpy	1
anatv	1
lawnchair	1
aloft	1
tinker	1
pipeline	1
cautious	1
borader	1
housekeeping	1
underneat	1
complimentary	1
cutoff	1
mommy	1
momma	1
question	1
baggy	1
filed	1
landscaped	1
bigg	1
associated	1
coordinator	1
warning	1
graham	1
hurridly	1
lemon	1
saffron	1
bicylist	1
grouped	1
gra	1
allowing	1
lafayette	1
broad	1
nash	1
torii	1
include	1
turbaned	1
bmxer	1
dooorway	1
contorted	1
procession	1
folk	1
bowled	1
checkstand	1
degree	1
distressed	1
headless	1
rattan	1
tophats	1
savanah	1
fireplug	1
fron	1
weeping	1
icey	1
jailbird	1
clever	1
impress	1
entwined	1
condominium	1
performed	1
flaring	1
attrative	1
tae	1
tab	1
sillhouttes	1
tak	1
brian	1
swear	1
brownstone	1
toddles	1
attend	1
footpath	1
frombehind	1
reeling	1
playstation	1
glee	1
flautist	1
restrain	1
holiday	1
trows	1
adornment	1
orthodox	1
emerald	1
overshirt	1
oppenents	1
related	1
80	1
tabloid	1
thesnow	1
magizine	1
distnat	1
sabre	1
organic	1
g	1
coloful	1
steamy	1
neptuno	1
snowploe	1
consoling	1
baptized	1
remember	1
ashaft	1
wildebeast	1
rodderick	1
clemson	1
competeition	1
splatter	1
recyclable	1
mogul	1
faux	1
agency	1
hr	1
lope	1
jumpos	1
highschool	1
clasp	1
barista	1
skying	1
ballons	1
swarming	1
bulging	1
colourfully	1
perfom	1
spindle	1
brighly	1
headresses	1
cache	1
surroundings	1
cube	1
inorange	1
payphone	1
stadning	1
streetway	1
sheperds	1
cleavage	1
turbulent	1
bluetooth	1
closer	1
broach	1
identification	1
panty	1
frustrated	1
barbeque	1
ability	1
pumped	1
stucco	1
courthouse	1
lifeboat	1
occured	1
hindu	1
shawled	1
shimp	1
mike	1
verizon	1
sillhouetted	1
cavorting	1
overturn	1
readied	1
fingertip	1
lakeside	1
rooster	1
unzipping	1
inch	1
coached	1
diploma	1
warming	1
celtic	1
banging	1
breaker	1
treeless	1
otuside	1
camer	1
happiness	1
tawny	1
sparking	1
soccerball	1
masquerade	1
conoes	1
kingsworth	1
loser	1
loses	1
shabby	1
persue	1
wodden	1
glacial	1
leader	1
ripped	1
fluorescent	1
clicmber	1
biscuit	1
surge	1
fear	1
ashy	1
backstage	1
converging	1
cocked	1
backlegs	1
cocker	1
champ	1
vat	1
footwork	1
dirtbed	1
granny	1
medatative	1
karts	1
persian	1
staue	1
demonstrate	1
stirring	1
zebra	1
year	1
sick	1
shredded	1
apportioned	1
squeak	1
jewel	1
