a	63108
in	19051
the	18453
on	10804
is	9353
and	8877
dog	8111
with	7784
man	7233
of	6739
two	5659
white	3965
black	3853
boy	3580
are	3525
woman	3326
girl	3317
to	3192
wearing	3057
at	2912
people	2900
water	2826
red	2707
young	2641
brown	2581
an	2435
his	2355
blue	2285
dogs	2145
running	2075
through	2035
playing	2020
while	1971
shirt	1970
down	1849
ball	1817
standing	1792
little	1776
grass	1622
snow	1596
child	1528
person	1525
jumping	1474
over	1423
three	1395
front	1386
sitting	1370
up	1343
holding	1323
field	1288
small	1279
by	1248
large	1239
green	1235
group	1223
yellow	1221
one	1220
air	1212
her	1176
walking	1165
children	1154
men	1114
into	1066
beach	1051
near	1025
mouth	986
jumps	980
another	956
for	951
street	948
runs	923
from	920
riding	911
bike	880
stands	870
as	869
girls	857
outside	792
other	770
off	768
out	765
play	755
rock	753
next	751
looking	748
orange	748
pink	741
player	728
camera	699
their	699
women	696
hat	695
pool	690
jacket	676
boys	671
around	648
behind	632
its	630
some	629
dirt	591
background	590
soccer	584
toy	581
sits	577
mountain	572
dressed	571
has	562
walks	553
wall	548
crowd	531
along	529
plays	526
stand	524
looks	514
building	509
climbing	509
park	508
four	499
top	499
face	487
football	483
across	476
grassy	474
holds	472
sand	469
stick	467
smiling	464
ocean	459
rides	454
hill	451
swimming	446
doing	435
carrying	434
each	431
tennis	429
tree	427
car	426
snowy	421
back	421
skateboard	421
baby	420
bicycle	416
picture	416
together	414
hair	413
race	410
head	409
jump	407
him	405
it	401
area	398
road	398
tan	395
that	387
trick	386
swing	382
shorts	380
basketball	379
bench	375
game	370
run	370
covered	370
catch	368
sidewalk	368
ground	361
sit	361
hand	357
helmet	357
dress	353
kids	347
something	346
frisbee	342
fence	340
being	338
lake	332
walk	331
path	325
side	323
track	320
city	319
ramp	319
wave	317
several	317
long	315
purple	312
skateboarder	310
slide	303
there	303
baseball	296
it's	295
high	294
posing	291
suit	289
players	288
boat	285
wooden	284
big	279
watches	275
sunglasses	273
coat	270
uniform	269
dark	269
rocks	263
them	261
trees	261
ride	261
look	260
pants	260
table	258
rope	256
under	255
grey	253
watching	251
motorcycle	250
hands	249
arms	249
couple	247
towards	247
beside	247
rocky	245
sign	244
watch	243
river	236
does	231
horse	229
above	228
older	226
racing	226
jeans	225
colored	225
snowboarder	223
ice	222
lady	221
striped	220
pose	218
colorful	218
yard	217
onto	212
who	212
woods	211
glasses	210
guy	210
wet	209
leaps	204
taking	204
haired	204
mountains	204
he	203
asian	203
against	203
blonde	201
climbs	201
board	201
playground	200
collar	198
performing	196
hockey	195
cap	195
blond	194
bird	194
cliff	193
smiles	192
surfer	192
body	192
team	191
open	191
skier	189
laying	189
chasing	187
many	186
after	185
rider	184
kid	181
fountain	180
surrounded	178
inside	175
mid	175
old	174
flying	174
during	174
outdoors	174
biker	173
brick	173
others	172
shore	172
light	172
away	170
takes	170
edge	170
guitar	168
toddler	167
hanging	165
middle	165
five	164
night	164
trying	164
very	163
forest	160
outfit	159
floor	158
gray	158
bed	157
talking	157
pole	157
nearby	156
object	155
making	155
steps	154
line	153
flowers	153
about	152
whilst	152
t	151
backpack	150
going	149
arm	149
past	148
toward	147
sky	147
swinging	146
tall	146
dancing	146
trail	146
someone	145
eating	144
waves	142
this	142
poses	142
leaves	141
bridge	141
all	140
chair	139
leaping	139
window	138
bag	138
day	138
outdoor	137
legs	135
room	135
course	134
clothes	134
house	134
fighting	134
costume	132
phone	132
skiing	131
clothing	131
plastic	131
splashing	130
leash	130
shallow	130
stone	129
carries	128
shirts	127
between	125
ready	125
bright	124
obstacle	124
climber	123
sliding	123
catches	123
getting	123
sweater	120
they	120
swings	120
sun	120
waiting	120
concrete	119
fire	119
bathing	119
trampoline	118
set	118
sled	118
lawn	117
gear	117
mud	117
winter	116
store	116
surfboard	116
uniforms	116
wears	115
jersey	114
adult	114
metal	114
railing	113
male	113
number	112
skateboarding	111
stream	111
golden	110
rail	110
tongue	110
train	110
sandy	110
stairs	109
lot	109
throwing	109
pulling	109
distance	109
upside	109
surf	109
catching	109
drink	108
swim	108
bar	108
tries	107
adults	107
get	107
gets	107
fishing	107
skate	105
smile	105
swims	104
like	104
shirtless	104
flies	104
couch	103
female	103
ski	102
wooded	101
tricks	101
makes	101
busy	100
puppy	100
scarf	100
stage	100
drinking	100
tire	99
overlooking	99
chases	99
lying	99
surfing	98
animal	98
vest	98
flag	98
american	97
performs	97
leaning	96
reading	96
puddle	96
right	95
laughing	95
trunks	95
pond	95
shopping	94
flip	94
huge	93
dock	93
food	93
truck	93
bubbles	93
bat	92
photo	92
she	92
eyes	92
nose	92
hats	92
horses	92
slides	92
life	91
bikes	91
shoes	91
climb	91
skating	91
left	90
stunt	89
cart	89
close	89
coming	89
hold	88
kayak	88
deep	88
no	88
equipment	87
feet	87
umbrella	86
skis	86
goal	85
family	85
cell	85
or	85
view	85
sunset	84
tent	84
both	84
restaurant	84
hurdle	84
biting	84
elderly	83
lone	83
falling	82
harness	82
muddy	82
setting	82
greyhound	81
take	81
mask	81
snowboard	81
waterfall	81
bus	81
court	81
flags	80
book	80
paper	79
skirt	79
dry	79
guys	79
bags	79
bull	79
hiker	79
be	78
crowded	78
dresses	78
fight	77
structure	77
vehicle	77
tank	77
bmx	77
ledge	77
cross	77
german	76
go	76
raft	76
slope	76
cigarette	76
six	76
airborne	75
kicking	75
kick	75
pile	75
sweatshirt	75
have	75
driving	75
wood	75
short	75
diving	74
tube	74
wheel	74
dance	74
inflatable	74
faces	74
cement	74
subway	73
graffiti	73
goggles	73
costumes	73
goes	73
parking	73
canoe	72
teenage	72
bottle	72
buildings	72
cyclist	72
parade	71
shaking	71
jackets	71
splashes	71
band	70
hit	70
turn	70
fallen	70
roller	69
make	69
ring	69
ears	69
sports	69
gathered	68
blanket	68
silver	67
full	67
balls	67
leather	67
low	67
pictures	67
chairs	67
microphone	67
kicks	67
smoking	67
tunnel	67
throws	67
smaller	67
pushing	67
held	66
event	66
boots	66
beard	66
piece	66
bikini	66
sunny	65
fluffy	65
cat	65
cars	65
surface	65
shepherd	65
blowing	64
hiking	64
using	64
box	64
outfits	64
midair	64
painted	64
stuffed	63
cow	63
pointing	63
suits	63
sticks	63
rugby	63
steep	62
bucket	62
bald	62
gold	62
paint	62
statue	62
glass	61
door	61
scooter	61
drinks	61
throw	60
shot	60
sleeping	60
flower	60
police	59
corner	59
hugging	59
furry	59
wrestling	59
leg	58
crossing	58
net	58
points	58
same	58
attempting	58
cowboy	58
bicyclist	58
hind	58
hangs	58
wrestle	58
kissing	57
staring	57
spectators	57
motorcyclist	57
leans	57
lays	56
sheep	56
wading	56
party	56
hoop	56
show	56
bunch	56
teams	56
few	56
bicycles	55
log	55
beige	55
puppies	55
attempts	55
wetsuit	55
facing	55
cup	55
desert	55
below	55
volleyball	54
garden	54
african	54
wide	54
fenced	54
beautiful	53
rain	53
way	53
sprinkler	53
gym	53
attached	53
filled	53
competition	53
fish	53
sticking	53
softball	53
waving	52
backyard	52
swimsuit	52
base	52
poles	52
fast	52
eats	52
racket	52
end	52
naked	52
snowboarding	52
rolling	51
seated	51
pushes	51
lit	51
empty	51
talks	51
dances	51
gravel	51
onlookers	51
gather	51
which	51
motocross	50
signs	50
market	50
clear	50
seat	50
hula	50
bars	50
mohawk	49
heads	49
racer	49
birds	49
toys	49
wings	49
hits	49
round	49
neck	49
basket	49
plaid	49
wear	49
ladies	49
man's	49
branch	49
pavement	48
prepares	48
paddling	48
having	48
do	48
just	48
shop	48
public	48
platform	48
skateboards	47
traffic	47
chewing	47
scene	47
rough	47
can	47
headband	47
among	47
carnival	47
gloves	46
pack	46
reads	46
bearded	46
shoulder	46
different	46
fall	46
school	46
dirty	45
cream	45
races	45
kitchen	45
foot	45
bride	45
rural	45
landscape	45
teeth	45
hose	45
urban	45
beer	45
tie	45
barefoot	45
drives	45
thrown	45
underwater	45
bottom	44
resting	44
video	44
bank	44
balloon	44
cricket	44
display	44
before	44
tug	44
splash	44
pipe	44
creek	43
waits	43
blows	43
painting	43
handstand	43
smoke	43
goalie	43
carpet	43
indoor	43
lies	43
wait	43
skates	43
rapids	43
downhill	43
lined	43
match	43
paved	43
wedding	43
younger	43
says	43
flight	43
plants	43
stadium	42
opposing	42
animals	42
lap	42
half	42
showing	42
block	42
ear	42
headphones	42
mother	42
moving	42
boats	41
gun	41
parked	41
reaching	41
helmets	41
third	41
talk	41
greyhounds	41
mouths	41
wrestler	41
runner	40
where	40
bubble	40
chase	40
war	40
singing	40
art	40
lights	40
seen	40
foreground	40
martial	40
paddle	40
falls	40
instruments	40
bandanna	40
pulled	39
poodle	39
funny	39
wire	39
curly	39
amusement	39
photograph	39
deck	39
matching	39
shooting	39
fair	38
country	38
hay	38
chain	38
newspaper	38
hitting	38
santa	38
try	38
staircase	38
floating	38
unicycle	38
surfs	38
spotted	38
grinding	38
bushes	38
fly	38
audience	38
reaches	38
ropes	38
christmas	38
brightly	38
row	38
shakes	37
raises	37
wheelie	37
purse	37
preparing	37
atop	37
alongside	37
spray	37
shoulders	37
hole	37
duck	37
muzzle	37
outstretched	37
teenagers	37
plate	36
pulls	36
hoops	36
appears	36
cold	36
skiers	36
muzzled	36
stop	36
hooded	36
first	36
giant	36
follows	36
retriever	36
kite	36
formation	36
finger	36
terrain	36
larger	36
music	35
alone	35
enjoys	35
perform	35
station	35
rodeo	35
hoodie	35
hikers	35
putting	35
denim	35
rowing	35
jeep	35
spinning	34
paddles	34
shadow	34
parachute	34
indoors	34
digging	34
pier	34
covering	34
balancing	34
shaggy	34
puts	34
giving	34
backwards	34
pit	34
gives	34
picnic	34
backs	34
atv	33
bite	33
jumped	33
woman's	33
closeup	33
break	33
shows	33
competing	33
himself	33
laughs	33
boarding	33
backpacks	33
hang	33
kneeling	33
leap	33
made	33
playfully	32
riders	32
pull	32
sea	32
counter	32
sniffing	32
ladder	32
safety	32
seven	32
bites	32
enjoying	32
cut	32
gate	32
writing	32
licking	32
clouds	32
necklace	32
fingers	31
machine	31
violin	31
coats	31
owner	31
doorway	31
construction	31
camouflage	31
bikers	31
jungle	31
skinned	31
arts	31
tackle	31
hard	31
fur	31
stroller	31
fetch	31
terrier	31
passing	31
underneath	31
mound	31
cloth	31
military	30
rink	30
collie	30
tail	30
plane	30
ducks	30
paws	30
balances	30
professional	30
these	30
taken	30
step	30
computer	30
home	30
skater	30
bicyclists	30
decorated	30
splashed	30
quickly	30
bowl	30
referee	30
pigeons	30
motor	30
hot	29
boarder	29
opposite	29
spots	29
trunk	29
cone	29
float	29
caught	29
karate	29
tracks	29
kayaking	29
bouncing	29
crouches	29
hillside	29
helps	29
waters	29
homeless	29
straw	29
lean	29
sooners	28
screen	28
watched	28
land	28
practicing	28
kiss	28
tents	28
frame	28
barrier	28
shown	28
heavy	28
streets	28
dune	28
biking	28
formal	28
balloons	28
clown	28
chest	28
string	28
coffee	28
walkway	28
mirror	28
bear	28
laugh	28
dog's	28
wagon	28
hug	28
direction	28
without	28
blow	28
stump	28
peace	28
fetching	27
drum	27
tattoo	27
blurry	27
speed	27
climbers	27
uses	27
rolls	27
sized	27
eat	27
cardboard	27
landing	27
suspended	27
motorcycles	27
monkey	27
coaster	27
barking	27
but	27
medium	27
driver	27
reach	27
shaped	27
range	27
helping	27
knit	26
raised	26
time	26
crashing	26
begins	26
see	26
blocks	26
courtyard	26
kneels	26
happily	26
friend	26
asleep	26
neon	26
put	26
cyclists	26
headed	26
well	26
jogging	26
touching	26
eye	26
multi	26
jerseys	26
handrail	26
jean	26
petting	26
flowered	26
rubber	26
frozen	26
bending	26
miami	26
tires	25
training	25
sprayed	25
pass	25
indian	25
bend	25
boxing	25
dusk	25
dead	25
only	25
racetrack	25
crosses	25
balcony	25
turning	25
dribbles	25
forward	25
plain	25
surrounding	25
puck	25
corn	25
grinds	25
leaving	25
motorbike	25
cake	25
patch	24
lots	24
skirts	24
fake	24
working	24
wheelchair	24
square	24
2	24
rest	24
racquet	24
action	24
hugs	24
overalls	24
lab	24
tackled	24
hills	24
photographer	24
comes	24
wrestlers	24
ahead	24
grocery	24
shoreline	24
mat	24
rollerblading	24
town	24
curb	24
almost	24
coach	24
curve	24
attire	24
porch	24
boardwalk	24
eastern	23
tricycle	23
scuba	23
dives	23
sumo	23
jet	23
sides	23
lay	23
airplane	23
sport	23
crouching	23
muzzles	23
friends	23
rests	23
father	23
makeup	23
pine	23
students	23
kayaker	23
themselves	23
smokes	23
free	23
wrapped	23
disc	23
golf	23
closed	23
wind	22
following	22
flips	22
groom	22
snowball	22
barrel	22
lift	22
hike	22
spread	22
moves	22
vests	22
type	22
warm	22
gathering	22
cones	22
strip	22
ribbon	22
tattoos	22
members	22
vehicles	22
swimmer	22
though	22
colors	22
thumbs	22
teenager	22
officer	22
policeman	22
cloudy	22
cheerleaders	22
place	22
spiderman	22
towel	22
valley	22
tee	22
part	22
rainbow	22
class	22
wine	21
knee	21
image	21
patio	21
obama	21
wheeler	21
wheeled	21
palm	21
move	21
dust	21
scarves	21
turns	21
catcher	21
kiddie	21
kisses	21
bow	21
surfers	21
speaking	21
spraying	21
chews	21
wake	21
woodland	21
drums	21
sharp	21
fans	21
sandals	21
beam	21
topless	21
enjoy	21
soda	21
leads	21
silhouette	21
merry	21
tiger	21
rollerblades	21
passes	21
leading	21
brush	21
cave	21
marching	20
shower	20
touches	20
pirate	20
sleeps	20
happy	20
apron	20
child's	20
teen	20
also	20
cover	20
banner	20
church	20
candles	20
scaling	20
mountainside	20
embrace	20
foam	20
listening	20
peak	20
help	20
fancy	20
protest	20
swan	20
turned	20
item	20
living	20
carry	20
4	20
crawls	20
itself	20
center	20
seats	20
sofa	20
shoot	20
grab	20
pony	20
bare	20
cheek	20
tables	20
sprinklers	20
tutu	20
carriage	20
boogie	19
played	19
rafting	19
benches	19
licks	19
stomach	19
leashes	19
protective	19
tackling	19
foggy	19
pitcher	19
inline	19
circle	19
rug	19
skull	19
farm	19
sword	19
herself	19
japanese	19
sail	19
walls	19
huddle	19
aged	19
chased	19
ridden	19
stares	19
beads	19
sings	19
birthday	19
motion	19
case	19
5	19
chinese	19
various	19
raising	19
agility	19
sculpture	19
how	18
musicians	18
natural	18
bowling	18
alley	18
snowsuit	18
followed	18
pajamas	18
crosswalk	18
retrieving	18
thin	18
device	18
desk	18
compete	18
work	18
flock	18
not	18
sheet	18
mostly	18
3	18
wheels	18
you	18
hallway	18
multicolored	18
cellphone	18
attempt	18
picking	18
flops	18
ship	18
sideways	18
pair	18
money	18
railroad	18
neighborhood	18
print	18
boulder	18
floats	18
fun	18
geese	18
single	18
cafe	18
skinny	18
pouring	18
feeding	18
icy	18
bath	18
oklahoma	18
what	18
camel	18
workers	18
rows	18
tulips	18
racers	17
tops	17
fabric	17
teal	17
meadow	17
runners	17
robe	17
tight	17
brunette	17
bends	17
barren	17
sleeved	17
bounce	17
athlete	17
beneath	17
boxer	17
post	17
concert	17
fruit	17
lips	17
gallery	17
chalk	17
i	17
emerges	17
new	17
foliage	17
silly	17
bounds	17
markings	17
shoe	17
lands	17
narrow	17
lifts	17
8	17
glove	17
pen	17
fishes	17
eight	17
photographs	17
guard	17
partially	17
stuck	17
figure	17
trash	17
shade	17
scales	17
cheerleader	17
camels	17
crawling	17
lead	17
second	16
females	16
bleachers	16
participate	16
worker	16
slightly	16
so	16
plant	16
doberman	16
pale	16
handle	16
monument	16
chew	16
daughter	16
athletic	16
cape	16
pillow	16
flipping	16
sheer	16
touch	16
rear	16
sniffs	16
houses	16
officers	16
cloud	16
polka	16
treat	16
distant	16
someone's	16
hood	16
drive	16
plaza	16
pitch	16
deer	16
starting	16
grabs	16
males	16
sneakers	16
jockeys	16
stripes	16
swimsuits	16
girl's	16
bathroom	16
been	16
casting	16
autumn	16
speaks	16
floral	16
buckets	16
breaking	16
style	16
amidst	16
traveling	16
weather	16
van	16
midst	15
wand	15
speeds	15
bush	15
push	15
spot	15
buried	15
jumper	15
advertisement	15
instrument	15
skies	15
approaching	15
straight	15
helmeted	15
crying	15
spins	15
tied	15
festival	15
stairway	15
arena	15
relaxing	15
musical	15
caps	15
appear	15
marked	15
space	15
stair	15
sledding	15
tossing	15
robes	15
crossed	15
control	15
driveway	15
roof	15
bay	15
shaved	15
fireworks	15
skyline	15
murky	15
tub	15
beagle	15
broken	15
stool	15
infant	15
crouched	15
jewelry	15
pet	15
opponent	15
retrieves	15
binoculars	15
sets	15
position	15
jack	15
luggage	15
leafy	15
bikinis	15
khaki	15
chocolate	15
branches	15
arcade	15
grabbing	15
electric	15
whistle	15
candy	15
crane	15
shovel	15
masks	15
point	15
doors	14
elephant	14
headscarf	14
kayaks	14
diver	14
clad	14
meal	14
motorcyclists	14
knees	14
opens	14
link	14
tri	14
cage	14
scenic	14
stars	14
logs	14
water's	14
gentleman	14
photographed	14
horizon	14
dimly	14
horseback	14
flames	14
uphill	14
still	14
person's	14
read	14
business	14
advertising	14
dusty	14
booth	14
sparklers	14
waist	14
mountaintop	14
uniformed	14
strange	14
gestures	14
reflection	14
intersection	14
navy	14
digs	14
balance	14
belly	14
shoveling	14
tugging	14
pacifier	14
either	14
tripod	14
stretching	14
toddlers	14
dancer	14
kites	14
jockey	14
mural	14
lines	14
numbered	14
boards	14
visible	14
multiple	14
teammate	14
stops	14
follow	14
suv	14
flat	14
traditional	14
club	14
tag	14
bungee	14
campfire	14
fisherman	13
silhouetted	13
checkered	13
gliding	13
tv	13
mall	13
apple	13
poodles	13
individuals	13
poster	13
aerial	13
lane	13
enclosed	13
rings	13
bathtub	13
drawing	13
hiding	13
swimmers	13
tosses	13
bundled	13
office	13
cameras	13
capped	13
slip	13
lounge	13
pushed	13
cows	13
sweaters	13
attack	13
hardwood	13
museum	13
inner	13
fountains	13
star	13
dot	13
human	13
carts	13
pointed	13
camping	13
stretches	13
paw	13
growling	13
clapping	13
jogs	13
hikes	13
wig	13
excited	13
costumed	13
sing	13
oriental	13
approaches	13
soft	13
ridge	13
descending	13
performer	13
cards	13
cast	13
toilet	13
swords	13
far	13
lighting	13
floaties	13
barn	13
opening	13
wild	13
identical	13
trotting	13
soaked	12
hut	12
cooking	12
skimpy	12
babies	12
crown	12
shoots	12
reflective	12
canoes	12
summer	12
power	12
burning	12
pick	12
countryside	12
weeds	12
#	12
picks	12
relaxes	12
pedestrians	12
wades	12
stare	12
feather	12
bearing	12
items	12
railings	12
was	12
marker	12
pigtails	12
tropical	12
paints	12
dribbling	12
trainer	12
selling	12
windows	12
graffitied	12
fuzzy	12
bee	12
colourful	12
barks	12
tiny	12
tattooed	12
batman	12
covers	12
ribbons	12
pathway	12
underwear	12
stretched	12
hound	12
husky	12
squirted	12
flute	12
dropping	12
parka	12
ran	12
collars	12
brother	12
handles	12
redheaded	12
helicopter	12
color	12
fan	12
goat	12
rollerblader	12
vendor	12
rally	12
wakeboarding	12
umbrellas	12
dreadlocks	12
chicken	12
member	12
elaborate	11
cushion	11
tights	11
canyon	11
o	11
container	11
floppy	11
sat	11
stretch	11
wade	11
beverage	11
pitching	11
bouncy	11
bridesmaids	11
snake	11
leashed	11
blocking	11
bread	11
observes	11
bunny	11
waering	11
dive	11
flowery	11
cannon	11
carpeted	11
leotard	11
mobile	11
similar	11
drag	11
halloween	11
including	11
aqua	11
army	11
overhead	11
calm	11
descends	11
sprays	11
bottles	11
sporting	11
pan	11
seagulls	11
mom	11
fellow	11
casts	11
tricycles	11
folding	11
snowmobile	11
choppy	11
limb	11
native	11
injured	11
works	11
kicked	11
studio	11
mess	11
glider	11
laptop	11
sunlight	11
posts	11
come	11
dish	11
snowboarders	11
footballer	11
cheer	11
bounding	11
hurdles	11
seaweed	11
heavily	11
facial	11
leaf	11
incline	11
own	11
pumpkins	10
returns	10
singer	10
saying	10
score	10
rolled	10
things	10
european	10
son	10
roll	10
marathon	10
playpen	10
everywhere	10
darkened	10
accordion	10
vertical	10
mans	10
photos	10
6	10
owners	10
warmly	10
shops	10
harnesses	10
flannel	10
great	10
zip	10
bent	10
ends	10
skateboarders	10
checking	10
garage	10
official	10
whist	10
phones	10
ambulance	10
lifted	10
logo	10
sprints	10
carried	10
electronic	10
target	10
hilly	10
boxes	10
trophy	10
pauses	10
lifting	10
progress	10
heels	10
overlooks	10
cats	10
strollers	10
religious	10
cheering	10
pretending	10
love	10
within	10
nap	10
snowboards	10
belongings	10
blades	10
obstacles	10
bottoms	10
library	10
give	10
bone	10
hydrant	10
mini	10
chickens	10
artificial	10
mouse	10
sidelines	10
practices	10
tile	10
pizza	10
blurred	10
tractor	10
examine	10
operating	10
share	10
that's	10
rag	10
lacrosse	10
tuxedos	10
fireplace	10
punching	10
hospital	10
parallel	10
mug	10
herding	10
clowns	10
turquoise	10
papers	10
cans	10
alike	10
college	10
pot	10
driven	10
furniture	10
peeks	10
fat	10
bigger	10
storm	10
uncut	10
patterned	10
youth	10
attention	10
firing	10
canal	10
nice	10
sort	10
parasailing	10
pours	10
noses	10
stove	10
dangling	10
rowboat	10
bowls	9
boston	9
padded	9
pads	9
shirted	9
watercraft	9
magazines	9
gown	9
ballet	9
bicycler	9
st	9
retrieve	9
backdrop	9
artist	9
expression	9
dragging	9
plank	9
highway	9
dandelion	9
sleeve	9
movie	9
belt	9
squirrel	9
parents	9
garbage	9
labrador	9
cobblestone	9
scenery	9
robot	9
books	9
mountainous	9
yawning	9
interacting	9
site	9
sleds	9
sister	9
tossed	9
placed	9
frolics	9
ticket	9
children's	9
checks	9
cob	9
launches	9
plates	9
security	9
asking	9
bound	9
muscular	9
jogger	9
guitars	9
skaters	9
hall	9
breed	9
television	9
theater	9
bagpipes	9
pitbull	9
dancers	9
start	9
skeleton	9
gymnast	9
horizontal	9
evening	9
ninja	9
travels	9
pug	9
juice	9
sponsored	9
badminton	9
button	9
meet	9
broom	9
university	9
chunk	9
bears	9
tourists	9
border	9
emerging	9
pinata	9
shed	9
fencing	9
trots	9
squirting	9
scooters	9
quarterback	9
folded	9
tiled	9
forested	9
yelling	9
handed	9
potato	9
skiiers	9
transportation	9
cute	9
interesting	9
eyed	9
sailing	9
performance	9
pad	9
extended	9
aiming	9
doll	9
knife	9
peeking	9
juggling	9
suburban	9
marble	9
numbers	9
cups	9
batter	9
tackles	9
raise	9
billboard	9
jumpsuit	9
strapped	9
firetruck	9
extreme	9
mustache	9
squatting	9
popping	9
beak	9
splits	9
backpacker	9
socks	9
ramps	9
celebrating	9
industrial	9
participating	9
characters	9
dinner	9
dried	9
piano	9
overpass	9
crashes	9
blocked	9
polo	9
telephone	9
garb	9
amongst	9
guns	9
directions	9
sleeveless	9
stall	9
stones	9
asphalt	9
guarding	9
lower	9
practice	9
joy	9
rocket	9
guitarist	9
blader	8
clothed	8
rusty	8
escalator	8
camp	8
camo	8
strewn	8
paperwork	8
passengers	8
claus	8
listens	8
bucking	8
potted	8
handing	8
printed	8
teddy	8
trains	8
act	8
legged	8
telescope	8
surprised	8
hawaiian	8
nighttime	8
tarp	8
trumpet	8
steering	8
tape	8
horns	8
pounces	8
lush	8
residential	8
baseman	8
trucks	8
rack	8
kitten	8
starring	8
seashore	8
heart	8
chip	8
chin	8
magazine	8
playful	8
tails	8
distorted	8
chopsticks	8
snack	8
handlebars	8
cycling	8
embracing	8
tussle	8
kayakers	8
fairy	8
performers	8
stores	8
boxers	8
skips	8
cleaning	8
march	8
apples	8
located	8
florida	8
exhibit	8
medieval	8
hi	8
wakeboard	8
ascending	8
starts	8
ditch	8
stepping	8
watermelon	8
pets	8
reddish	8
seattle	8
romp	8
toss	8
fashioned	8
clings	8
milk	8
sharing	8
monster	8
unusual	8
dragon	8
vine	8
newborn	8
gas	8
stripe	8
beanie	8
examining	8
marsh	8
cutting	8
rockwall	8
coloring	8
clearing	8
purses	8
statues	8
patches	8
feathers	8
drummer	8
pokes	8
amid	8
enter	8
dalmation	8
tow	8
too	8
ceiling	8
serve	8
peers	8
pyramid	8
containing	8
peaks	8
sacks	8
serious	8
rod	8
port	8
flapping	8
feathered	8
eagle	8
fetches	8
couples	8
kilt	8
towed	8
cowboys	8
disk	8
policemen	8
sucking	8
circuit	8
hotel	8
creating	8
village	8
bounces	8
self	8
shovels	8
submerged	8
use	8
musician	8
straps	8
york	8
reflecting	8
words	8
maroon	8
cries	8
earrings	8
waterskiing	8
travel	7
colorfully	7
cigarettes	7
checked	7
bitten	7
evil	7
brindle	7
canoeing	7
lasso	7
smelling	7
banners	7
parachuting	7
pretend	7
hides	7
thumb	7
chubby	7
adult's	7
rival	7
sad	7
butterfly	7
sale	7
priest	7
twin	7
parasail	7
seating	7
slopes	7
hello	7
cable	7
viz	7
really	7
castle	7
writes	7
community	7
sleeves	7
pieces	7
jagged	7
jar	7
packed	7
bale	7
gymnastics	7
letters	7
ponytail	7
machines	7
festive	7
thick	7
elevator	7
speak	7
droplets	7
hopping	7
handbag	7
test	7
fairground	7
somthing	7
gathers	7
haircut	7
striking	7
turkeys	7
overhang	7
pattern	7
pumpkin	7
squirt	7
juggles	7
backstroke	7
hell	7
rails	7
outcropping	7
mickey	7
flaming	7
clean	7
league	7
overweight	7
kitty	7
galloping	7
formally	7
upward	7
corgi	7
ankle	7
written	7
awning	7
oar	7
unseen	7
treads	7
marketplace	7
beginning	7
teaching	7
rescue	7
athletes	7
soaking	7
enclosure	7
struggle	7
grins	7
pointy	7
pail	7
carving	7
digital	7
themed	7
french	7
participates	7
order	7
teens	7
raincoat	7
buggy	7
dollar	7
expressions	7
puffy	7
airport	7
dachshund	7
good	7
beret	7
fist	7
para	7
meeting	7
bridal	7
bin	7
framed	7
baskets	7
watery	7
stunts	7
material	7
buy	7
bug	7
pig	7
ceremony	7
slalom	7
sparkler	7
spout	7
gymnasium	7
craft	7
forehead	7
melting	7
steers	7
parasails	7
hear	7
he's	7
soaring	7
batting	7
superman	7
begging	7
pop	7
deflated	7
lipstick	7
lining	7
song	7
trench	7
ten	7
tags	7
observing	7
challenging	7
backpacking	7
speeding	7
resort	7
interact	7
tongues	7
check	7
necked	7
recently	7
rollerskating	7
cartwheel	7
peach	7
attacking	7
spoon	7
shades	7
sweat	7
crash	7
tray	7
bouquet	7
shephard	7
cliffs	7
carrier	7
record	7
trailing	7
caution	6
playhouse	6
dumps	6
series	6
rv	6
lunges	6
shrubs	6
crossbones	6
cartwheels	6
piggy	6
nature	6
wheelbarrow	6
union	6
much	6
easter	6
posed	6
tournament	6
glacier	6
greenery	6
ollie	6
mascot	6
canvas	6
bumpy	6
saw	6
navigates	6
flipped	6
cheers	6
world	6
sails	6
complete	6
dyed	6
seagull	6
campsite	6
creature	6
twisting	6
gazes	6
summit	6
mossy	6
sell	6
location	6
bracelet	6
squats	6
harbor	6
tools	6
halter	6
paintball	6
profile	6
jesus	6
defending	6
greenhouse	6
stuff	6
volley	6
gondola	6
smooth	6
dolphins	6
watermelons	6
whitewater	6
pierced	6
headdress	6
collide	6
feeds	6
motorized	6
ski's	6
dj	6
cop	6
diner	6
newspapers	6
battle	6
fog	6
upper	6
change	6
entrance	6
outstreached	6
bowler	6
goose	6
size	6
quad	6
offering	6
mountaineer	6
celebrate	6
skyscraper	6
armenian	6
fencers	6
rubs	6
waterway	6
finish	6
earring	6
prepare	6
tutus	6
suited	6
strings	6
messy	6
soldier	6
hamburgers	6
beyond	6
trails	6
squirts	6
pretty	6
footballers	6
makeshift	6
used	6
shiny	6
windsurfer	6
michael	6
cheeks	6
seeds	6
circular	6
keep	6
hooping	6
portrait	6
gesture	6
int	6
fireman	6
artists	6
contest	6
whose	6
onstage	6
screams	6
eyebrows	6
calf	6
braids	6
mean	6
backlit	6
floors	6
structures	6
fields	6
maneuvers	6
if	6
dunking	6
afternoon	6
form	6
diaper	6
classic	6
jacked	6
dim	6
lockers	6
map	6
butt	6
multicolor	6
drain	6
drenched	6
swampy	6
stoop	6
storefront	6
goofy	6
bulls	6
computers	6
scantily	6
built	6
rafters	6
perched	6
individual	6
cutout	6
sparring	6
bib	6
cameraman	6
graduation	6
stripped	6
lens	6
exercise	6
lime	6
formations	6
lamp	6
blindfolded	6
gazing	6
windsurfing	6
balck	6
sidecar	6
curtain	6
tumbling	6
dunes	6
misty	6
bagpipe	6
confetti	6
shining	6
strap	6
dolphin	6
filling	6
toe	6
tool	6
pops	6
frying	6
glides	6
snowman	6
breaks	6
apart	6
flaps	6
shines	6
backward	6
hairy	6
ferry	6
sailboat	6
wakeboarder	6
liquid	6
swans	6
pelican	6
men's	6
pro	6
rottweiler	6
cords	6
booths	6
except	6
apartment	6
presentation	6
camcorder	6
wrestles	6
domino's	6
bark	6
other's	6
numerous	6
goats	6
teaches	6
overlook	6
rocking	6
moustache	6
called	6
soars	6
rainy	6
insect	6
posters	6
repels	6
carefully	6
kangaroo	6
saddle	6
struggles	6
terriers	6
crowds	6
conversation	6
waterfalls	6
rafts	6
canopy	6
innertube	6
twirling	6
wilderness	6
gnawing	6
screaming	5
clover	5
herd	5
snowing	5
strike	5
relax	5
keeps	5
bringing	5
spider	5
speedo	5
atm	5
plushie	5
elegant	5
capes	5
tips	5
dots	5
split	5
traverses	5
had	5
unique	5
photographers	5
support	5
boy's	5
spring	5
bathrobe	5
headset	5
current	5
arch	5
wicker	5
films	5
scratches	5
poking	5
pulley	5
drilling	5
punk	5
zoo	5
surfboards	5
breath	5
observe	5
wires	5
pillar	5
medals	5
roadway	5
paying	5
displays	5
ridding	5
more	5
batsman	5
freshly	5
mexican	5
misses	5
rises	5
pedestrian	5
model	5
columns	5
closely	5
kneel	5
objects	5
devil	5
ornate	5
harnessed	5
concerned	5
flowing	5
derby	5
when	5
tightrope	5
ties	5
hawk	5
scary	5
viewer	5
bedroom	5
hops	5
pugs	5
runway	5
upon	5
avoid	5
irish	5
footprints	5
wrapping	5
protection	5
award	5
worn	5
acrobatic	5
defenders	5
blading	5
observed	5
aid	5
upturned	5
converse	5
crystal	5
coverings	5
reception	5
igloo	5
woven	5
explosion	5
incoming	5
angels	5
intently	5
breeds	5
product	5
tiara	5
streaks	5
card	5
british	5
than	5
sledge	5
stained	5
learning	5
somebody	5
sunshade	5
overcoat	5
stools	5
conversing	5
atv's	5
wolf	5
pitches	5
inflated	5
podium	5
pooh	5
casual	5
real	5
stopped	5
mittens	5
interviews	5
elder	5
mist	5
inground	5
lip	5
hips	5
cowgirl	5
vault	5
sheltie	5
partly	5
guide	5
docked	5
massage	5
clears	5
signal	5
alleyway	5
placing	5
paintings	5
products	5
becomes	5
drops	5
gloved	5
special	5
hopscotch	5
pursued	5
sewing	5
connected	5
lambs	5
twilight	5
extends	5
washington	5
congregate	5
presents	5
heading	5
active	5
piercing	5
watering	5
massive	5
modern	5
chess	5
height	5
lanterns	5
threw	5
cane	5
clinging	5
butter	5
nude	5
mouthed	5
leafless	5
sling	5
fell	5
brownish	5
boa	5
somersault	5
downtown	5
necklaces	5
monitor	5
main	5
lunch	5
waiter	5
winding	5
pain	5
sheets	5
nearly	5
morning	5
seal	5
oversized	5
marx	5
geyser	5
sound	5
rubbing	5
gated	5
carring	5
chainsaw	5
pasture	5
island	5
strawberry	5
surfboarder	5
cigars	5
plush	5
dunks	5
guards	5
coal	5
chairlift	5
acting	5
jetty	5
lease	5
eggs	5
refrigerator	5
unhappy	5
merchandise	5
tracksuit	5
scruffy	5
lion	5
strips	5
moment	5
snap	5
bit	5
candle	5
&	5
frames	5
homemade	5
groomsmen	5
adjusting	5
possession	5
peanut	5
huddled	5
legos	5
corndogs	5
bluff	5
dad	5
mats	5
mate	5
bulldog	5
tide	5
shelter	5
chains	5
firefighter	5
chatting	5
campus	5
jeeps	5
leggings	5
guiding	5
spiky	5
limousine	5
saber	5
decorative	5
snarling	5
croquet	5
shadows	5
victory	5
laid	5
fashion	5
earth	5
multicolour	5
games	5
n	5
dalmatian	5
rounds	5
upset	5
trip	5
focus	5
displaying	5
bales	5
unfinished	5
prey	5
beers	5
genocide	5
cheerleading	5
powder	5
sells	5
dining	5
equestrian	5
beaded	5
23	5
bricks	5
period	5
engine	5
punches	5
bows	5
interested	5
moon	5
nails	5
tethered	5
saxophone	5
miniature	5
milkshake	5
pairs	5
maneuver	5
return	5
pirates	5
scratching	5
cookie	5
sailor	5
kind	5
double	5
aims	5
suspenders	5
whom	5
instructor	5
parachutes	5
higher	5
loading	5
litter	5
upraised	5
parlor	5
winds	5
squeezing	5
ocean's	5
frog	5
rabbit	5
gymnastic	5
inspecting	5
combat	5
handgun	5
closes	5
jog	5
offers	5
abandoned	5
hovering	5
earphones	5
pasta	5
column	5
pumps	5
sash	5
prize	4
china	4
climbed	4
opponents	4
brings	4
beauty	4
fit	4
carying	4
master	4
causing	4
letter	4
touched	4
hammer	4
incense	4
sheepdog	4
skatepark	4
toboggan	4
marches	4
gigolo	4
rushing	4
elevation	4
casually	4
crocodile	4
trashcan	4
fatigues	4
leave	4
celebrates	4
torn	4
records	4
quarter	4
turtle	4
entering	4
rounding	4
shoppers	4
shawl	4
note	4
roadside	4
wielding	4
awards	4
spotlight	4
shepard	4
monk	4
barbed	4
hummingbird	4
clay	4
auditorium	4
arrow	4
gesturing	4
lounging	4
saris	4
peaking	4
ad	4
admiring	4
yoga	4
passed	4
baton	4
company	4
riverbank	4
fleece	4
states	4
slipper	4
flings	4
defends	4
fights	4
dragged	4
tabby	4
pickup	4
sundress	4
barely	4
bluejeans	4
presses	4
admire	4
sponge	4
flooded	4
cigar	4
alert	4
stack	4
advertisements	4
pouncing	4
streamers	4
curious	4
artist's	4
obscured	4
spar	4
dummy	4
us	4
faded	4
chat	4
fighter	4
walked	4
fresh	4
mixing	4
odd	4
led	4
engage	4
casino	4
theme	4
nears	4
reeds	4
demonstrating	4
steel	4
floatation	4
steer	4
astride	4
soap	4
socializing	4
mechanical	4
raceway	4
directs	4
figures	4
windsurfs	4
grinning	4
icicle	4
mets	4
places	4
chained	4
nurses	4
veil	4
women's	4
chef	4
alligator	4
bares	4
bared	4
greet	4
salon	4
popsicle	4
ascends	4
embankment	4
puppet	4
reached	4
standard	4
lollipop	4
contents	4
involving	4
exercises	4
frowning	4
steam	4
drawn	4
we	4
receives	4
cutouts	4
aim	4
skipping	4
horseshoes	4
ravine	4
arab	4
snows	4
howling	4
wintry	4
shrine	4
brothers	4
collared	4
hovers	4
cargo	4
assistance	4
ancient	4
countertop	4
spreads	4
produce	4
tagged	4
serving	4
displayed	4
rooftop	4
navigating	4
directly	4
shallows	4
begin	4
lioness	4
taxi	4
propped	4
early	4
downward	4
curiously	4
wristbands	4
drift	4
overturned	4
louis	4
ejected	4
nine	4
wigs	4
banks	4
trailer	4
launch	4
pinned	4
bride's	4
kart	4
lie	4
walker	4
bananas	4
missing	4
cuts	4
loop	4
wildflowers	4
praying	4
sleigh	4
feild	4
shine	4
electrical	4
department	4
backgroud	4
picket	4
crab	4
arched	4
admires	4
crevasse	4
suds	4
seesaw	4
littered	4
one's	4
completely	4
route	4
ballerinas	4
battles	4
horse's	4
crate	4
winner	4
sniff	4
spaniel	4
controller	4
underground	4
barefooted	4
sizes	4
goatee	4
nightclub	4
stay	4
skills	4
greenish	4
blindfolds	4
quilt	4
parasailer	4
waterfront	4
workout	4
acoustic	4
velvet	4
assisting	4
swoops	4
uno	4
winnie	4
ollies	4
sequined	4
grown	4
bedspread	4
fighters	4
repelling	4
shapes	4
burn	4
tinkerbell	4
centipede	4
marks	4
dig	4
battling	4
groucho	4
scrambling	4
terrace	4
coaching	4
sooner	4
elephants	4
jackson	4
mesh	4
streaked	4
13	4
12	4
squat	4
curled	4
parent	4
mark	4
laptops	4
those	4
cotton	4
blankets	4
vending	4
spigot	4
spreading	4
pretends	4
bookstore	4
suitcase	4
file	4
film	4
floored	4
washing	4
portable	4
puddles	4
buses	4
wipes	4
canon	4
cluster	4
rifles	4
struggling	4
faucet	4
retreiver	4
needle	4
recording	4
build	4
sweatshirts	4
most	4
moss	4
chested	4
spiked	4
archway	4
patiently	4
bill	4
corridor	4
stripy	4
desks	4
bamboo	4
impeach	4
piles	4
piled	4
slacks	4
depicting	4
chaps	4
brooms	4
sink	4
limo	4
prizes	4
nips	4
meter	4
hugged	4
twirls	4
turbans	4
barriers	4
cabin	4
curved	4
sparks	4
bernard	4
beat	4
props	4
routine	4
boulders	4
masked	4
vuitton	4
smartly	4
brides	4
rushes	4
garter	4
rise	4
liberty	4
supplies	4
billowing	4
join	4
times	4
returning	4
charging	4
nike	4
executes	4
bonnets	4
newly	4
washes	4
bandaged	4
gowns	4
brushes	4
shots	4
ruins	4
approach	4
diapers	4
flowering	4
hairstyle	4
rowers	4
cracker	4
cracked	4
sundown	4
bands	4
cycle	4
pharmacy	4
gift	4
hung	4
surround	4
trim	4
looked	4
dappled	4
artwork	4
groups	4
tuxedo	4
russell	4
australian	4
stroke	4
classroom	4
conversations	4
corners	4
sunrise	4
flyer	4
teammates	4
register	4
dandelions	4
gull	4
peering	4
diners	4
cash	4
persons	4
bodies	4
seems	4
poised	4
ok	4
whales	4
jug	4
pillows	4
curvy	4
lack	4
sparkling	4
tea	4
swung	4
shady	4
embraces	4
call	4
wakeboards	4
huskies	4
tilted	4
feed	4
story	4
lobby	4
rifle	4
hip	4
political	4
teacher	4
siting	4
condoms	4
barricade	4
waterside	4
noodle	4
competitive	4
vaulting	4
donkeys	4
fences	4
dramatically	4
hopper	4
notes	4
shaded	4
pajama	4
tap	4
united	4
blacktop	4
cry	4
dumpster	4
manicured	4
unknown	4
snowcapped	4
potty	4
vegetation	4
balding	4
local	4
belts	4
unison	4
huts	4
will	4
toilets	4
attractive	4
who's	4
protesters	4
scottish	4
searching	4
markers	4
spiral	4
upwards	4
friend's	3
ornamental	3
turban	3
tether	3
crouch	3
saxophones	3
locked	3
leaped	3
feature	3
sippy	3
doghouse	3
whit	3
re	3
shelves	3
similarly	3
tired	3
blossoms	3
lavender	3
paddled	3
retaining	3
menu	3
pocket	3
pre	3
lighthouse	3
spin	3
paraglider	3
damaged	3
bushy	3
defensive	3
facility	3
mambo	3
wrap	3
sox	3
polaris	3
devices	3
passenger	3
cliffside	3
atvs	3
dotted	3
novelty	3
cooks	3
prevent	3
forefront	3
oregon	3
interracial	3
locks	3
laundry	3
solitary	3
attraction	3
squares	3
clause	3
spanish	3
draft	3
herds	3
trekking	3
say	3
collects	3
farmers	3
grilling	3
awaiting	3
dome	3
s	3
twig	3
priests	3
barber	3
vacant	3
rover	3
bandage	3
meat	3
snowmobiles	3
kennel	3
clap	3
fives	3
lobster	3
substance	3
favorite	3
stony	3
moped	3
buying	3
rush	3
torso	3
darker	3
carves	3
passerby	3
obscuring	3
hooking	3
dodges	3
crests	3
handicapped	3
revealing	3
learn	3
adorned	3
locking	3
trade	3
travelling	3
iced	3
penske	3
blues	3
missed	3
car's	3
fedora	3
interviewed	3
determined	3
colliding	3
arabian	3
wraps	3
lolly	3
punch	3
bell	3
lizards	3
extravagant	3
raced	3
elevated	3
wasteland	3
sandal	3
falcon	3
shoeless	3
sight	3
sprint	3
temple	3
cheered	3
wrinkled	3
inspects	3
raging	3
fixing	3
age	3
amish	3
waterwings	3
panting	3
llama	3
apparatus	3
web	3
nibbling	3
dragsters	3
drill	3
billboards	3
rods	3
establishment	3
contraption	3
player's	3
accompanied	3
goalkeeper	3
yawns	3
length	3
motorbikes	3
blown	3
straining	3
spaghetti	3
decorations	3
labradoodle	3
collecting	3
squinting	3
pistol	3
whispering	3
chalkboard	3
vw	3
afghan	3
dove	3
loaded	3
flailing	3
housing	3
rubble	3
ink	3
chili	3
waring	3
messenger	3
tickets	3
paperback	3
horn	3
santa's	3
bra	3
piercings	3
flung	3
india	3
memorial	3
law	3
nets	3
carton	3
sack	3
crocs	3
thorugh	3
burlap	3
people's	3
shrubbery	3
created	3
licked	3
oppose	3
tackler	3
iron	3
manner	3
henna	3
toast	3
dc	3
potties	3
cobbled	3
lemonade	3
overgrown	3
packages	3
royal	3
demonstration	3
kept	3
ragged	3
mingle	3
flooring	3
basset	3
sparse	3
beating	3
peek	3
balanced	3
umpire	3
topped	3
frolic	3
tugboat	3
sunbathe	3
p	3
prairie	3
setter	3
muslim	3
pedals	3
exiting	3
matador	3
labeled	3
cam	3
wetsuits	3
non	3
fires	3
wheelers	3
opened	3
marina	3
care	3
tangled	3
carousel	3
rugged	3
browses	3
slam	3
slab	3
america	3
greyish	3
sprinting	3
tooth	3
zombie	3
winks	3
colander	3
marking	3
breeze	3
otherwise	3
livestock	3
mingling	3
wheat	3
removing	3
oxen	3
youn	3
foothills	3
treks	3
segway	3
dunk	3
cookies	3
loose	3
dogsled	3
thatched	3
phrase	3
chops	3
menus	3
headfirst	3
heron	3
fully	3
barrels	3
7	3
smock	3
bass	3
labs	3
coastline	3
scouts	3
obedience	3
tunic	3
identically	3
speckled	3
growls	3
crack	3
youngsters	3
quarters	3
afro	3
sprawled	3
draw	3
shack	3
flinging	3
waking	3
grazes	3
donut	3
wharf	3
drapped	3
egret	3
africans	3
basement	3
pins	3
showering	3
cricketer	3
stride	3
spotters	3
sandbox	3
visor	3
camper	3
biplane	3
fingerpaints	3
soldiers	3
bases	3
purchasing	3
crumbling	3
sipping	3
gras	3
motorboat	3
shake	3
hurrying	3
spandex	3
poem	3
sari	3
examines	3
claps	3
speaker	3
parachutist	3
energizer	3
taller	3
taping	3
scuffle	3
competitor	3
demonstrates	3
coated	3
dug	3
recorder	3
rappelling	3
offstage	3
kissed	3
vast	3
sveral	3
ignoring	3
taped	3
mime	3
facepaint	3
purchase	3
keyboard	3
parrot	3
leaned	3
aisle	3
boarders	3
hollywood	3
sees	3
seem	3
wrists	3
tiles	3
pebbles	3
olympics	3
sorts	3
springs	3
sunshine	3
melted	3
occupied	3
renaissance	3
daytime	3
firemen	3
keeper	3
super	3
fort	3
zara	3
warehouse	3
happening	3
skin	3
dinghy	3
hummer	3
tandem	3
effort	3
ponchos	3
confused	3
fed	3
views	3
safari	3
hardhat	3
goth	3
language	3
crib	3
americans	3
plains	3
fiery	3
crevice	3
19	3
were	3
strolls	3
shocked	3
zigzag	3
gyro	3
leapfrog	3
frolicking	3
source	3
fries	3
pebble	3
ornament	3
father's	3
bmw	3
bathe	3
tourist	3
tour	3
exhaust	3
assist	3
roughly	3
gates	3
mop	3
grin	3
serves	3
served	3
images	3
mixed	3
quietly	3
redbull	3
chats	3
wiping	3
flamboyant	3
fill	3
personnel	3
awkwardly	3
remote	3
perspective	3
wrecked	3
search	3
kimonos	3
lassie	3
landed	3
varying	3
sucks	3
dew	3
applies	3
specialized	3
blood	3
25	3
28	3
late	3
speech	3
oxford	3
everyone	3
comic	3
pigeon	3
backed	3
copper	3
done	3
campground	3
draped	3
capris	3
ages	3
cardigan	3
extremely	3
cramped	3
reflections	3
find	3
spikes	3
submerges	3
gap	3
mountaineers	3
horseshoe	3
decoration	3
tugs	3
laden	3
rundown	3
shouting	3
overhanging	3
god	3
hopes	3
restaraunt	3
flop	3
amused	3
groceries	3
frisbees	3
mowed	3
tussling	3
baring	3
tattered	3
swooping	3
closing	3
collection	3
minivan	3
winning	3
spell	3
blazing	3
tubing	3
lecture	3
electronics	3
sloped	3
laps	3
foamy	3
completes	3
nuzzling	3
mix	3
strikes	3
prisoner	3
supporter	3
prancing	3
emitting	3
beachgoers	3
intertube	3
boundary	3
highland	3
aquarium	3
gaze	3
finished	3
carved	3
muscle	3
drivers	3
onward	3
headlights	3
conference	3
panel	3
vegetables	3
messily	3
u	3
dresser	3
pride	3
hide	3
reacts	3
hundreds	3
kicker	3
skydivers	3
mr	3
bunk	3
ultimate	3
badge	3
signing	3
railed	3
dinosaur	3
washed	3
got	3
grasses	3
encouraging	3
western	3
donkey	3
leafs	3
glow	3
radio	3
chewed	3
sunsets	3
lodge	3
noodles	3
toothbrush	3
protect	3
pedaling	3
hearts	3
shadowed	3
rodent	3
transit	3
mounds	3
judge	3
escape	3
cord	3
engaged	3
bats	3
gin	3
mannequins	3
tip	3
grasps	3
stacks	3
environment	3
cook	3
couches	3
weird	3
touchdown	3
smeared	3
nursing	3
secured	3
1	3
lagoon	3
fangs	3
name	3
cooling	3
officials	3
straddles	3
lighter	3
dye	3
penguins	3
microphones	3
region	3
railway	3
hunched	3
turkey	3
peaceful	3
pilot	3
scrubby	3
desolate	3
guided	3
captured	3
humping	3
samples	3
engulfed	3
tower	3
buddha	3
rising	3
applying	3
grasp	3
beds	3
roses	3
winking	3
symbol	3
wife	3
rimmed	3
abseiling	3
piggyback	3
blossoming	3
protects	3
earpiece	3
helment	3
mattress	3
bout	3
retrievers	3
churning	3
syrup	3
photographing	3
dane	3
rocker	3
ballplayer	3
cots	3
stroll	3
investigate	3
activity	3
bodyboard	3
strapless	3
kimono	3
bounced	3
nipple	3
streaming	3
dalmatians	3
prom	3
intense	3
completing	3
crank	3
upright	3
mock	3
mardi	3
windy	3
dumbbell	3
oars	3
heard	3
spilled	3
ethnic	3
jukebox	3
easel	3
trimmed	3
bills	3
supports	3
ipod	3
shell	3
shelf	3
angle	3
filmed	3
clutching	3
married	3
headscarfs	3
beverages	3
safely	3
reindeer	3
present	3
ringing	3
vintage	3
pedal	3
keeping	3
because	3
scared	3
mitt	3
shipping	3
owl	3
squeeze	3
protesting	3
yorkie	3
boot	3
sloping	3
junk	3
raining	2
sinking	2
shielding	2
satchel	2
snuggles	2
blouse	2
dangles	2
chins	2
hers	2
sledder	2
browse	2
tying	2
paddlers	2
straddle	2
reviewing	2
youths	2
crocks	2
murals	2
hidden	2
colonial	2
timeout	2
windmill	2
pokemon	2
smu	2
exposing	2
dodgeball	2
crawl	2
trek	2
dozes	2
exploring	2
election	2
metallic	2
grips	2
paintbrush	2
looming	2
rears	2
videotaping	2
thriller	2
barechested	2
grove	2
recliner	2
reclines	2
baby's	2
bust	2
rice	2
nicely	2
boarded	2
traverse	2
hero	2
best	2
sombrero	2
accident	2
bodysuit	2
contemplates	2
farmer's	2
recoils	2
moonwalk	2
slices	2
duffel	2
eldery	2
possible	2
possibly	2
flopping	2
grasping	2
amuseument	2
onlooker	2
flood	2
protester	2
smell	2
sniffed	2
crates	2
prances	2
bonfire	2
collage	2
funeral	2
brilliant	2
studies	2
whiel	2
bloody	2
traversing	2
angry	2
tightly	2
wicket	2
topples	2
schoolchildren	2
logos	2
nascar	2
divided	2
latte	2
speedos	2
snowed	2
limbs	2
amnesty	2
bursting	2
swordsman	2
blower	2
bumps	2
disguises	2
dressing	2
poling	2
ripping	2
bits	2
san	2
downwards	2
fashionably	2
wintery	2
ways	2
axe	2
salt	2
accented	2
cherry	2
aggressive	2
cloak	2
tears	2
carolina	2
guarded	2
worried	2
notice	2
sites	2
concentrates	2
fix	2
better	2
west	2
formed	2
tatoos	2
tribal	2
squeezes	2
brow	2
snowbank	2
grounded	2
haystack	2
snowmobiler	2
tote	2
exit	2
package	2
pelicans	2
slender	2
curling	2
featuring	2
tambourines	2
accents	2
pedestal	2
nutcracker	2
midget	2
birdcage	2
debris	2
startled	2
puzzled	2
lawnmower	2
section	2
burgundy	2
rummaging	2
brimmed	2
vie	2
bladers	2
knocked	2
scramble	2
speedboat	2
glowing	2
refuse	2
broadway	2
rapidly	2
found	2
drifting	2
cockpit	2
outfitted	2
unmanned	2
clump	2
forwards	2
florist	2
threatening	2
walmart	2
fishermen	2
artistic	2
cruiser	2
session	2
giants	2
streamer	2
beams	2
weaves	2
sips	2
ritz	2
guides	2
sparsely	2
load	2
loan	2
frosty	2
handling	2
technical	2
shorter	2
teeter	2
viewing	2
waists	2
canned	2
signals	2
clutches	2
sightseeing	2
marquee	2
partying	2
bi	2
uw	2
un	2
customers	2
coasting	2
melts	2
knotted	2
windowsill	2
outwards	2
gettin	2
disheveled	2
sweats	2
aerodynamic	2
receive	2
involved	2
whipping	2
eleven	2
capri	2
pencil	2
bullhorn	2
challenge	2
pour	2
process	2
lock	2
rollerskater	2
rollerskates	2
lunchbox	2
await	2
notebook	2
daring	2
mart	2
designs	2
presidential	2
cliff's	2
graze	2
backless	2
david	2
pudding	2
motorbiker	2
yells	2
system	2
enforcement	2
trike	2
rollercoaster	2
punctured	2
false	2
illuminated	2
mills	2
demolished	2
petals	2
medal	2
hoodies	2
terminal	2
gnaws	2
lucky	2
hosed	2
astroturf	2
tented	2
tantrum	2
drug	2
powered	2
genetic	2
poured	2
uggs	2
surfboarding	2
overcast	2
footbridge	2
wed	2
transparent	2
clipped	2
fairies	2
patrick's	2
hissing	2
fedex	2
snuggling	2
frolicks	2
bump	2
excitement	2
ing	2
trials	2
forests	2
buoy	2
nursery	2
regalia	2
whack	2
bird's	2
urinating	2
sinks	2
celebration	2
employees	2
plow	2
indians	2
crest	2
elbow	2
las	2
recreational	2
mushing	2
versus	2
baggage	2
dumping	2
creates	2
pots	2
john	2
totter	2
albert	2
navigate	2
salvar	2
indescript	2
trapped	2
chandelier	2
firehose	2
varied	2
pursuing	2
certificates	2
headlong	2
steal	2
cattle	2
draws	2
swimwear	2
ill	2
tone	2
homebase	2
flexible	2
attacked	2
armbands	2
launcher	2
aig	2
launched	2
cylinder	2
brake	2
descent	2
grapple	2
sheltered	2
stuntman	2
antique	2
filming	2
illustration	2
architectural	2
accepts	2
anime	2
mantle	2
sailboats	2
prayer	2
musher	2
hump	2
flash	2
automobiles	2
vegas	2
supporting	2
bangs	2
tartan	2
towers	2
slinky	2
skydiving	2
rotweiler	2
jousting	2
fireball	2
punting	2
holing	2
curls	2
halo	2
barrow	2
commuters	2
human's	2
another's	2
roading	2
monitors	2
album	2
receiving	2
grimacing	2
marine	2
expanse	2
extinguish	2
veteran	2
lookers	2
steady	2
paneled	2
cannot	2
bracelets	2
hoes	2
israeli	2
staffordshire	2
fours	2
soil	2
handled	2
gentlemen	2
shit	2
document	2
foal	2
investigates	2
puff	2
thinking	2
mirrored	2
struck	2
greeting	2
thrower	2
dancefloor	2
uncrowded	2
kickflip	2
chow	2
bucked	2
showerhead	2
nerf	2
antenna	2
poor	2
ladles	2
mp3	2
brunettes	2
vert	2
robed	2
outrun	2
zig	2
darkness	2
strong	2
amount	2
aimed	2
mounted	2
tried	2
dread	2
crafts	2
ghostbusters	2
wiener	2
mcdonalds	2
peeing	2
slicker	2
steered	2
drooling	2
bowed	2
concentration	2
snapping	2
feels	2
x	2
won	2
conditions	2
readying	2
sailboard	2
buzy	2
awnings	2
vessel	2
daschund	2
coarse	2
collected	2
packs	2
else	2
canadian	2
overlooked	2
madly	2
bearer	2
hazmat	2
barack	2
enthusiastically	2
banjo	2
toyota	2
fathers	2
minimal	2
pitchers	2
propel	2
dips	2
amounts	2
accross	2
kickboxing	2
zooming	2
mosque	2
thermos	2
vampire	2
referees	2
pristine	2
focuses	2
stance	2
commercial	2
ponytails	2
arrangement	2
corral	2
scoop	2
soggy	2
youngster	2
surrounds	2
auto	2
placid	2
steadies	2
darkly	2
attending	2
princess	2
farmland	2
yong	2
flows	2
snowfield	2
golfers	2
need	2
pursues	2
overall	2
humans	2
shamrocks	2
harvested	2
marshy	2
tend	2
juggle	2
sole	2
headlamp	2
schoolgirls	2
digger	2
piloting	2
flexing	2
scrubland	2
grappling	2
rafter	2
flashing	2
propelled	2
historic	2
palying	2
fanny	2
cleans	2
protectors	2
backhand	2
north	2
triangular	2
showgirl	2
utensils	2
beats	2
diego	2
stumps	2
samsung	2
portion	2
spouts	2
sashes	2
swam	2
trousers	2
fists	2
guardrail	2
asia	2
104	2
buckled	2
flees	2
campaign	2
setup	2
root	2
sideline	2
amazing	2
bagpipers	2
goodbye	2
scoring	2
harmonica	2
crew	2
skins	2
taught	2
features	2
walkers	2
hook	2
twisted	2
boating	2
stocking	2
consumed	2
doe	2
icing	2
judges	2
scrubbing	2
rockstar	2
subject	2
smirks	2
eastpak	2
buddist	2
headwrap	2
website	2
piste	2
acrobatics	2
mexico	2
bottled	2
entitled	2
scarfs	2
kit	2
mouthguards	2
character	2
save	2
dirtbikers	2
oncoming	2
scrimmage	2
poolside	2
dear	2
confrontation	2
wintertime	2
ralley	2
cascades	2
frightened	2
animal's	2
weathered	2
fork	2
sweatsuit	2
vista	2
handicap	2
jacker	2
mill	2
me	2
dip	2
drawings	2
olympic	2
international	2
gazebo	2
frosting	2
nylon	2
stoops	2
freestyle	2
mouthing	2
avoiding	2
soup	2
drags	2
crazy	2
rays	2
designed	2
permed	2
longsleeve	2
peterson	2
pointer	2
yorkshire	2
swimmies	2
canada	2
3rd	2
thing	2
exotic	2
cheese	2
dwelling	2
tuxes	2
11	2
victorian	2
cattails	2
lick	2
stubby	2
pastry	2
squad	2
interior	2
grayhound	2
enough	2
shutters	2
puma	2
pump	2
jr	2
patrons	2
stretcher	2
freak	2
tilts	2
undershirt	2
attaching	2
workshop	2
whips	2
stacked	2
bathrooms	2
ferns	2
stepped	2
companion	2
drainage	2
outs	2
doggy	2
fringe	2
pockets	2
planeta	2
again	2
pensive	2
weights	2
avrovulcancom	2
wets	2
puffs	2
stiped	2
hooker	2
knitted	2
stood	2
affectionately	2
tortoise	2
skids	2
caravan	2
wiped	2
texting	2
pawing	2
controlling	2
escorted	2
abandon	2
synchronized	2
collision	2
comfort	2
fame	2
frilly	2
florescent	2
bloom	2
wavy	2
stains	2
21	2
possessions	2
handheld	2
dolly	2
aerobics	2
pregnant	2
energy	2
engaging	2
portland	2
trooper	2
innertubes	2
pilots	2
stabs	2
netted	2
precariously	2
least	2
bellbottoms	2
muffs	2
treated	2
backseat	2
salmon	2
chart	2
shawls	2
sparrow	2
perches	2
silk	2
waterskiier	2
meandering	2
halves	2
pups	2
bongo	2
weaving	2
gay	2
gal	2
vaults	2
italy	2
eyeglasses	2
semi	2
gardening	2
ornaments	2
cannonball	2
gallops	2
aman	2
goods	2
daisies	2
portrate	2
crag	2
stunning	2
calico	2
clips	2
playgroud	2
necks	2
curl	2
pails	2
finley	2
showgirls	2
prepared	2
roping	2
amplifier	2
brochure	2
sequins	2
sombody	2
recreation	2
mottled	2
crow	2
chicago	2
intercept	2
stalks	2
excitedly	2
kiosk	2
ace	2
smear	2
grimaces	2
furnace	2
sip	2
chief	2
knocks	2
rappels	2
straddling	2
einstein	2
tubular	2
defend	2
bullfighter	2
ref	2
approached	2
retrieved	2
yarn	2
retail	2
waitress	2
bull's	2
outcrop	2
mit	2
quilted	2
occasion	2
supported	2
staff	2
controls	2
photography	2
cycles	2
cruise	2
mown	2
joke	2
longhaired	2
bicyclers	2
ac	2
lady's	2
antlers	2
cot	2
homes	2
partner	2
waders	2
tumbles	2
spitting	2
penzance	2
snorkel	2
281	2
crazily	2
goaltender	2
recieving	2
backbends	2
backpackers	2
adolescent	2
bun	2
bum	2
bookshelf	2
inverted	2
dangerous	2
heavyset	2
domino	2
husks	2
yell	2
baked	2
sleek	2
hate	2
poorly	2
sheperd	2
dachshunds	2
attentively	2
throught	2
blur	2
donning	2
changes	2
spike	2
pinwheel	2
accessories	2
pouch	2
parasailors	2
peoples	2
lump	2
daredevil	2
flippers	2
underside	2
mallard	2
glances	2
descend	2
reenactment	2
choir	2
tumbleweed	2
stringed	2
adjust	2
arizona	2
headdresses	2
wildly	2
took	2
reclining	2
final	2
headbands	2
pylon	2
adhd	2
broadly	2
treats	2
swerves	2
policewoman	2
refreshment	2
spits	2
toolbox	2
interviewing	2
news	2
mule	2
faced	2
towels	2
moutnain	2
containers	2
stopping	2
pyrotechnics	2
complex	2
basketballs	2
pinstripe	2
dads	2
columned	2
elf	2
mountian	2
58	2
52	2
chests	2
doorstep	2
plugging	2
attacks	2
choke	2
duke	2
civil	2
dobermans	2
towing	2
gorgeous	2
removes	2
shiner	2
constructed	2
evergreen	2
bullet	2
slouching	2
comforting	2
tatooed	2
entertain	2
pearls	2
stomachs	2
peer	2
bike's	2
wands	2
begs	2
information	2
tipped	2
glancing	2
hilltop	2
chips	2
continue	2
lonely	2
populated	2
skydiver	2
treading	2
turf	2
budweiser	2
array	2
given	2
girder	2
jackson's	2
released	2
holder	2
ant	2
any	2
visitors	2
snowmobiling	2
senior	2
trot	2
state	2
lighted	2
binocular	2
crooked	2
quiet	2
snarls	2
pom	2
attentive	2
twigs	2
slippery	2
slippers	2
scupture	2
gonzaga	2
participant	2
changing	2
cartoon	2
lavish	2
halfway	2
rose	2
lets	2
oddly	2
slice	2
googles	2
ou	2
ferris	2
starbucks	2
hods	2
castles	2
cbs	2
bicycling	2
separate	2
includes	2
brass	2
apparel	2
tanned	2
surgical	2
earmuffs	2
soled	2
simpsons	2
cascading	2
design	2
crust	2
sunbathers	2
toes	2
donuts	2
shite	2
branded	2
israel	2
newlyweds	2
pong	2
gauges	2
handrails	2
alter	2
videotaped	2
customer's	2
driver's	2
cobblestones	2
alcohol	2
puckering	2
teach	2
garment	2
fierce	2
skyscrapers	2
squints	2
rugs	2
cropped	2
twirl	2
measured	2
sheppard	2
stirs	2
triangle	2
cloaks	2
snowstorm	2
barb	2
sportswear	2
learns	2
unpaved	2
blazer	2
finds	2
nipping	2
skyward	2
sending	2
firefighters	2
propping	2
daughters	2
bouncer	2
tablet	2
doorbell	2
entangled	2
glittery	2
jumpsuits	2
piglet	2
perpendicular	2
greets	2
mustached	2
andy	2
v	2
dale	2
mustard	2
breasts	2
buffalo	2
once	2
sandpit	2
weimaraner	2
breathing	2
ladle	2
spool	2
graphic	2
sexy	2
metro	2
slinging	2
tinted	2
dusted	2
tax	2
wrist	2
saturated	2
badges	2
grafitti	2
flew	2
snoopy	2
flea	2
tram	2
headwraps	2
beach's	2
our	2
84	2
burrowing	2
linked	2
ringed	2
catholic	2
patchy	2
statute	2
gain	2
sunflowers	2
studded	2
rite	2
smilling	2
confronts	2
trays	2
backback	2
layer	2
bystanders	2
gothic	2
perhaps	2
recline	2
student	2
english	2
nadal	2
discuss	2
know	2
doughnut	2
kawasaki	2
spelunkers	2
odeon	2
headphone	2
yankee	2
groomed	2
sweatband	2
hitter	2
rickety	2
roughhousing	2
incredible	2
poms	2
mulch	2
neckties	1
woody	1
someplace	1
canes	1
electricity	1
sunlit	1
pyranha	1
shaving	1
helemt	1
glares	1
foul	1
antoher	1
piling	1
couple's	1
crotch	1
gorup	1
sailboarder	1
glassy	1
bannister	1
slurpees	1
wrestler's	1
numeral	1
pawed	1
sufer	1
shocks	1
here	1
reported	1
buddy	1
climbes	1
stringless	1
orangish	1
brought	1
endzone	1
crossbones's	1
painters	1
spoke	1
telegraph	1
dacshund	1
holy	1
waeribng	1
90	1
97	1
pompadour	1
blade	1
locker	1
romancandles	1
organized	1
leotards	1
dragons	1
addressing	1
hop	1
shored	1
bodyless	1
diagram	1
types	1
snowballs	1
puling	1
fighter's	1
hapily	1
pleople	1
fig	1
acrowd	1
angerly	1
effects	1
schools	1
whacking	1
grasslands	1
tye	1
noticable	1
demonstarting	1
whil	1
whie	1
xmen	1
cathedral	1
message	1
touts	1
guitarists	1
waterpark	1
underfoot	1
jugs	1
ate	1
flurry	1
ups	1
farward	1
snowpants	1
rhododendron	1
rummages	1
critter	1
cushions	1
railgrind	1
backset	1
werewolf	1
nations	1
hoddie	1
peacoat	1
dozen	1
eagerly	1
instructs	1
skateboarder's	1
soaker	1
tightropes	1
rotary	1
multiracial	1
cami	1
marvel	1
barier	1
quaint	1
underpants	1
cougar	1
furocious	1
gutarist	1
plats	1
greens	1
dipping	1
flanked	1
circling	1
branding	1
cordoned	1
claws	1
smelled	1
afountain	1
pits	1
adventurer	1
adventures	1
bodysurfs	1
wipeout	1
swinger	1
gleaming	1
grazing	1
contestants	1
fro	1
chiseling	1
cub	1
obese	1
conifers	1
joust	1
worked	1
stiffing	1
professionally	1
excersise	1
k	1
playes	1
anticipating	1
fairly	1
flexable	1
tune	1
burgers	1
goofing	1
corporate	1
distribute	1
disguise	1
waterboard	1
shading	1
enters	1
easy	1
prison	1
ilks	1
fishscales	1
wiht	1
clustered	1
contestent	1
seaside	1
crows	1
peoplw	1
trombone	1
ump	1
fox	1
creative	1
exposition	1
sillouhette	1
hindu	1
pinches	1
losing	1
bowing	1
emits	1
teanager	1
citizens	1
iguanas	1
teenager's	1
surounded	1
pictureon	1
tame	1
headdrees	1
launching	1
spurting	1
manmade	1
straggle	1
duel	1
rippling	1
smashed	1
looms	1
157	1
peeping	1
actor	1
campflauge	1
ripstik	1
rehearsing	1
lollipops	1
models	1
80's	1
explosions	1
fastened	1
glvoes	1
convoy	1
93	1
uneven	1
carpenters	1
flatbed	1
choice	1
son't	1
redish	1
stays	1
multistory	1
tear	1
rights	1
minnie	1
skewed	1
crustacean	1
inscribed	1
spiritual	1
sigh	1
silohuetted	1
soccor	1
coppery	1
lazily	1
banister	1
plucking	1
hunter's	1
queue	1
buss	1
concealed	1
petterned	1
bended	1
sunbathing	1
veiwfinder	1
scope	1
gregoire	1
admired	1
stoll	1
allowed	1
monitoring	1
coyotes	1
sweashirt	1
sliiding	1
snaps	1
explorer	1
remax	1
client's	1
treck	1
blowup	1
vike	1
archeologist	1
kong	1
jib	1
gatorade	1
earnhardt	1
suspension	1
nation	1
horseriders	1
arriving	1
recked	1
waterproofs	1
hoodoos	1
sponsor	1
beetle	1
troll	1
footbride	1
contained	1
internet	1
formula	1
bordering	1
seventh	1
quite	1
balncing	1
colred	1
intensely	1
poems	1
scarred	1
backside	1
collapsing	1
chidl	1
silhouettes	1
punt	1
aboard	1
batons	1
passageway	1
dogsracing	1
rustric	1
spokes	1
williams	1
surges	1
padding	1
photographic	1
biohazard	1
buries	1
tobaggons	1
tulip	1
aside	1
maintain	1
wanting	1
teacher's	1
maneuvering	1
spewing	1
buffet	1
winters	1
average	1
vaste	1
bicyler	1
gourp	1
daschunds	1
windowed	1
tilting	1
balconies	1
rainling	1
osme	1
midfield	1
recoiling	1
vision	1
cin	1
egde	1
sponsorship	1
dimlight	1
welcomes	1
supermarket	1
punts	1
jets	1
mountaintops	1
majestically	1
mosaic	1
mani	1
waterbed	1
can't	1
extravagantly	1
anti	1
boas	1
caring	1
collides	1
vacation	1
wants	1
thousand	1
daiseys	1
zippered	1
extravagent	1
collarless	1
twisty	1
metropolitain	1
speedway	1
bullfighting	1
jumpinjg	1
dreeds	1
shute	1
edged	1
oceanside	1
retreived	1
bulletproof	1
cheery	1
escorts	1
fingerhold	1
driftwood	1
slimy	1
mandolin	1
shriner	1
toddleris	1
geological	1
joyful	1
arounf	1
dart	1
snare	1
picnickers	1
divind	1
thinks	1
earflaps	1
flamboyantly	1
wristband	1
motorcrossing	1
beckons	1
litttle	1
squabble	1
went	1
joyfully	1
pinestraw	1
marlins	1
sprinkers	1
philadelphia	1
harpsichord	1
worshippers	1
brazilian	1
bohemians	1
foreheads	1
gurney	1
blueish	1
kiyaking	1
darked	1
unsual	1
rags	1
trips	1
rust	1
aa	1
am	1
someones	1
vocabulary	1
beaks	1
herbs	1
grownup	1
closeby	1
clowning	1
foosball	1
ceramic	1
tinsel	1
loooking	1
ti	1
snowboardering	1
convienience	1
floated	1
strand	1
illustrated	1
accompanying	1
joined	1
sang	1
swirling	1
snowbound	1
lecturing	1
sync	1
situated	1
freesbies	1
crosswalks	1
scientists	1
personperson	1
outcroping	1
palid	1
streambed	1
pice	1
unner	1
via	1
strolling	1
ghostbuster	1
casket	1
occassion	1
pears	1
pearl	1
stretchy	1
glowers	1
alcove	1
signpost	1
competes	1
coyote	1
lilly	1
seaguls	1
science	1
phillie	1
fleecy	1
siluettes	1
gallop	1
fiving	1
biden	1
snowymountain	1
fiercely	1
beaver	1
schoolgirl	1
disturbed	1
decortive	1
intended	1
notre	1
imagery	1
hauling	1
blays	1
helplessly	1
pans	1
wooly	1
huddles	1
questioningly	1
pane	1
roots	1
blurring	1
hounds	1
alls	1
weimaraners	1
ally	1
tentatively	1
skipped	1
aggitates	1
motley	1
sucker	1
frizzy	1
lettuce	1
coping	1
yellows	1
lantern	1
jewlery	1
takeing	1
silky	1
toppless	1
enjoyment	1
aboat	1
flyaway	1
fishers	1
handbags	1
risen	1
porcelain	1
director	1
reared	1
armful	1
corrugated	1
aligator	1
gazed	1
emblazoned	1
thecamera	1
matchin	1
ion	1
litlle	1
tomatos	1
focusing	1
swimtrunks	1
youngle	1
padel	1
taxis	1
containig	1
fireside	1
ballerina	1
stockcar	1
blackboard	1
swiftly	1
dirtbike	1
plan	1
darts	1
accepting	1
hiker's	1
lacross	1
anthem	1
shivers	1
battons	1
defended	1
woooden	1
defender	1
overwhelmed	1
impact	1
streetlights	1
smokestacks	1
clothesline	1
twins	1
magicians	1
downpour	1
waaves	1
gettnig	1
seperated	1
caramel	1
samoyads	1
obscure	1
bulky	1
minerature	1
outward	1
rollerskate	1
currently	1
lei	1
europe	1
untouched	1
resturaunt	1
screeches	1
last	1
slimber	1
lanyard	1
agents	1
wrestilng	1
tanktops	1
womand	1
bloe	1
cheeked	1
suburbs	1
nugent	1
what's	1
packers	1
coveralls	1
caged	1
vaulated	1
pressed	1
secluded	1
pound	1
ducky	1
backing	1
motors	1
decoy	1
pecking	1
levels	1
euro	1
clasped	1
hotrod	1
retrive	1
orbs	1
snowbanks	1
rangers	1
motorcyle	1
suffering	1
communications	1
stylish	1
names	1
stoppie	1
pall	1
firecracker	1
oout	1
obscures	1
nowhere	1
tidal	1
certificate	1
anything	1
frisbie	1
bting	1
repair	1
jumpin	1
paraskier	1
backbend	1
joking	1
sock	1
cow's	1
custom	1
excavating	1
jacks	1
jewish	1
pastor	1
geting	1
bumpers	1
magnificant	1
burrows	1
mature	1
hangong	1
skimming	1
surveying	1
takedown	1
stiffly	1
tuft	1
ahand	1
tobaggan	1
actors	1
swirl	1
energetic	1
womanwearing	1
clibing	1
holey	1
expressionless	1
overtop	1
holes	1
zchtv	1
scratch	1
enjoyable	1
pedalling	1
yound	1
indicating	1
boatload	1
continues	1
djs	1
wipe	1
shetland	1
magic	1
weilding	1
overshadows	1
gaurdsmen	1
mishap	1
playgym	1
excersizing	1
index	1
eyepatch	1
turnaround	1
waling	1
atrail	1
respectively	1
crosslegged	1
adoring	1
delivering	1
let	1
backsides	1
napping	1
dimond	1
headline	1
opinion	1
maker	1
involves	1
atheletes	1
untangles	1
boxy	1
gaurd	1
standind	1
busk	1
milkweed	1
moutainside	1
headscarves	1
trumped	1
labelled	1
shoelaces	1
customer	1
apond	1
lakefront	1
emphatically	1
coffin	1
thie	1
rode	1
promotional	1
woodlands	1
docking	1
tourquoise	1
yellowish	1
wristwatch	1
seaworld	1
tier	1
racks	1
ypoung	1
element	1
allow	1
antelope	1
produces	1
wife's	1
perfect	1
forearms	1
mistletoe	1
degrees	1
hobby	1
outlined	1
owner's	1
outlines	1
wrangles	1
wharfs	1
accompanies	1
prarie	1
stock	1
bums	1
rigging	1
frowns	1
burka	1
scampers	1
thrust	1
spill	1
chilly	1
pigs	1
jumphouse	1
fitls	1
baseballfield	1
maracas	1
scent	1
statefarmcom	1
potrait	1
traveller	1
rackets	1
vigorous	1
quarry	1
unoccupied	1
ivars	1
unamused	1
mittened	1
haystacks	1
railling	1
twos	1
fawkes	1
gentle	1
turquiose	1
cornstalks	1
korean	1
soar	1
warily	1
roundedplatform	1
sweeping	1
wounded	1
08	1
atmosphere	1
grss	1
woolly	1
bring	1
smacks	1
taps	1
pause	1
planter	1
jaw	1
should	1
autos	1
fronds	1
exchanges	1
styrofoam	1
dogsplaying	1
hoses	1
h	1
ohio	1
speedskater	1
intervening	1
guessing	1
packer	1
slanted	1
superhero	1
helments	1
explosive	1
fancily	1
butts	1
strides	1
poof	1
handstands	1
popscicles	1
fear	1
impersonator	1
snowfall	1
javelin	1
crafted	1
einstein's	1
negotiates	1
horsemen	1
swarmed	1
mannequin	1
tychy	1
spain	1
smiff	1
heating	1
rips	1
spectating	1
emotionally	1
underhang	1
brickwall	1
powerwashing	1
trudge	1
patterns	1
mastif	1
gelled	1
less	1
hauled	1
lesh	1
carjack	1
government	1
frayed	1
meditational	1
loader	1
childing	1
become	1
paragliding	1
footage	1
daylight	1
tasting	1
transport	1
hallways	1
kiddy	1
granite	1
pomeranian	1
pressure	1
fluorecent	1
zips	1
drumming	1
playtoy	1
thck	1
chrome	1
furred	1
goucho	1
weirmeiner	1
cadet	1
roads	1
cradling	1
roofed	1
naturally	1
sponges	1
delivery	1
grate	1
sibling	1
inn	1
wrinkley	1
agains	1
stamds	1
nursed	1
planting	1
variety	1
iove	1
casque	1
directory	1
ghost	1
rottwieler	1
dave	1
acroos	1
saver	1
sunnymorning	1
swirls	1
coopers	1
mansion	1
defecating	1
litle	1
medow	1
exibit	1
handout	1
roddick	1
suite	1
bubbling	1
placemats	1
panda	1
established	1
toll	1
counters	1
simultaneously	1
shepher	1
hairdo	1
walkin	1
browsing	1
riverboat	1
angrily	1
bro	1
romantically	1
atrium	1
total	1
fton	1
palestinian	1
bundles	1
knoll	1
riverwater	1
separated	1
stickball	1
handkerchiefs	1
springer	1
bunnies	1
word	1
worm	1
cuddle	1
blooming	1
motocycle	1
rapels	1
egyptian	1
goggled	1
beack	1
lav	1
scare	1
south	1
thebackground	1
wiffle	1
hudge	1
production	1
thebeach	1
vents	1
then	1
safe	1
bang	1
burgungy	1
ther	1
garmet	1
dingo	1
backgrounds	1
automobile	1
braiding	1
waterspout	1
vehicle's	1
hooked	1
fellows	1
snowcovered	1
smacking	1
unifrom	1
mullet	1
poofy	1
paraglides	1
doge	1
swatting	1
rates	1
fumble	1
cereal	1
rippled	1
askance	1
apparantly	1
hacking	1
tipping	1
largesteps	1
spashes	1
strength	1
latter	1
snowflake	1
circles	1
bigwheels	1
exercised	1
anatomy	1
extending	1
circled	1
smoked	1
hanna	1
streched	1
mitten	1
fisheye	1
foraging	1
screening	1
rectangle	1
riwal	1
roundabout	1
du	1
steap	1
cappedhills	1
dupont	1
rung	1
crucifixion	1
observer	1
pastel	1
bracing	1
biek	1
encounters	1
shields	1
packaged	1
bras	1
candidate	1
devotion	1
receiver	1
peacefully	1
pulleys	1
rakes	1
boogieboard	1
tjhe	1
families	1
sweatshir	1
hoist	1
davison	1
east	1
drumset	1
crocodile's	1
beanches	1
voice	1
moan	1
sticker	1
dumped	1
tissue	1
perfors	1
pastels	1
nip	1
wispy	1
thw	1
exited	1
contact	1
camps	1
unified	1
tramples	1
zepra	1
lightsaber	1
hoists	1
barge	1
eroded	1
espana	1
slouched	1
gandhi	1
sends	1
eyeing	1
born	1
congratulate	1
violinist	1
posh	1
pees	1
woamn	1
breaded	1
gingerbread	1
faint	1
quaterpipe	1
profession	1
wan	1
wal	1
fuchsia	1
wax	1
chainmail	1
mysterious	1
bullseye	1
responding	1
distored	1
entertainers	1
revel	1
goldenrod	1
mold	1
mole	1
physical	1
carpeting	1
scored	1
o'clock	1
welcome	1
notepad	1
scores	1
troupe	1
huskey	1
alertly	1
planks	1
paced	1
vampires	1
global	1
silverware	1
teeing	1
speach	1
scowling	1
zone	1
sarongs	1
jogged	1
browm	1
mountin	1
responders	1
gnarly	1
steeple	1
hte	1
brave	1
windboarder	1
wildebeest	1
shares	1
burnished	1
redskins	1
goldfish	1
gorge	1
buch	1
vibrating	1
patriotic	1
macintosh	1
poppies	1
hishand	1
highschoolers	1
bigs	1
throughwindow	1
live	1
waterline	1
sewn	1
elderely	1
clue	1
decked	1
noce	1
wetsuite	1
expanding	1
snowshovel	1
bridesmaid	1
windsailing	1
cruisship	1
discussion	1
dominance	1
disgusted	1
heroes	1
froup	1
accelerates	1
bean	1
progressively	1
typical	1
ourdoors	1
colt	1
consulting	1
ended	1
einstien	1
cola	1
manequins	1
tending	1
willow	1
reacting	1
neptuno	1
forms	1
spacious	1
showered	1
oppsite	1
noy	1
idyllic	1
ponytailed	1
em	1
ee	1
directing	1
kilts	1
telephot	1
happen	1
showroom	1
thong	1
acrouss	1
picute	1
domes	1
honest	1
domed	1
malnourished	1
sprawling	1
625	1
zag	1
comprised	1
drove	1
checker	1
national	1
pnc	1
backgound	1
fruits	1
lunches	1
angel	1
grotto	1
slat	1
overnight	1
windsurf	1
snout	1
breakdances	1
breakdancer	1
objective	1
neatly	1
sightseers	1
cyclers	1
13406	1
sheepdogs	1
amitheater	1
dragster	1
mission	1
shorthaired	1
dimmly	1
hoolahoops	1
else's	1
burst	1
anchored	1
helmetriding	1
midpitch	1
ladie	1
atire	1
competiting	1
blame	1
afican	1
attaches	1
fliers	1
shorline	1
mono	1
pilings	1
forehand	1
menacingly	1
wounds	1
busying	1
masonry	1
crumb	1
developing	1
chinatown	1
scarily	1
sledders	1
tilling	1
coutryside	1
figurine	1
pullup	1
streams	1
iceskate	1
jomps	1
romps	1
swallow	1
charges	1
severe	1
charged	1
armour	1
shouts	1
wrecks	1
crowns	1
dueling	1
sweatpants	1
uptop	1
frown	1
fairgrounds	1
ceremonial	1
twelve	1
verbal	1
apartments	1
sidwalk	1
bobbed	1
garland	1
wakeboarders	1
advertisment	1
hustle	1
pylons	1
volkswagen	1
assemble	1
strainer	1
exciting	1
chop	1
youg	1
elementary	1
caribiner	1
atrack	1
catc	1
supervising	1
bathingsuit	1
cottage	1
pitched	1
embedded	1
freddy	1
tones	1
scanner	1
juggler	1
sales	1
loops	1
soocerball	1
gambling	1
forcing	1
polar	1
wields	1
flattened	1
bystander	1
christmastime	1
stange	1
since	1
inflating	1
referring	1
powerboats	1
kneepads	1
belaying	1
croquette	1
slushies	1
attemping	1
decide	1
headgear	1
handwritten	1
looling	1
witnesses	1
male's	1
convienance	1
venice	1
pub	1
excess	1
patterened	1
pepco	1
amoung	1
creepy	1
coveredhill	1
goalies	1
chunky	1
trained	1
passin	1
somersaulting	1
chestnut	1
lowering	1
producing	1
sunning	1
scalling	1
barbwire	1
againest	1
magenta	1
pinscher	1
motorcross	1
greenpeace	1
ledges	1
cornfield	1
streetlamp	1
piggybacking	1
egg	1
chalked	1
eachothers	1
dimpled	1
fanning	1
cathcer	1
nestled	1
cupcake	1
anticipates	1
payer	1
enlarged	1
armstand	1
dandilions	1
swaetshirt	1
jaws	1
soapy	1
positioned	1
meditating	1
expansive	1
protruding	1
diry	1
ask	1
ash	1
algae	1
bash	1
contorts	1
curtsey	1
fayre	1
behinf	1
knocking	1
reflected	1
scrolled	1
splattered	1
maple	1
blossom	1
belongs	1
policeperson	1
mardis	1
hundred	1
banana	1
softdrinks	1
readies	1
signaling	1
steaks	1
1915	1
mobiles	1
bobsled	1
gren	1
crescent	1
deciding	1
withered	1
headwear	1
chipmunk	1
constructions	1
horned	1
breaststroke	1
floatlys	1
sirts	1
worker's	1
diferent	1
tonge	1
swipes	1
tubes	1
boredom	1
corgis	1
hovered	1
celebrities	1
661	1
casterol	1
corgie	1
ques	1
dominant	1
waterproof	1
treed	1
perfume	1
giong	1
passenager	1
waterskiis	1
protecting	1
chasseing	1
foggyday	1
towarn	1
probably	1
burned	1
kneeled	1
acampfire	1
stoplight	1
liked	1
spotting	1
outfut	1
catwalk	1
damp	1
buisness	1
colorings	1
instructing	1
dame	1
waterspouts	1
determination	1
gentleman's	1
bikins	1
spelunker	1
whild	1
bikina	1
forelegs	1
embroidered	1
smacker	1
firends	1
communal	1
kwan	1
shaw	1
shuttered	1
shag	1
grand	1
temporary	1
tufts	1
flirts	1
boe	1
solider	1
yankees	1
winces	1
shivering	1
supervise	1
roasted	1
informal	1
cemetery	1
exercising	1
remaining	1
tongue's	1
vibrant	1
weiner	1
saddled	1
perked	1
spokesmodels	1
erupts	1
trendy	1
redhair	1
debri	1
dilapidated	1
everybody	1
measures	1
assists	1
faith	1
gnome	1
sandcastles	1
experiences	1
seeing	1
rollerblade	1
encircling	1
subaru	1
fundraising	1
purina	1
smells	1
heritage	1
rummage	1
properly	1
scubba	1
collapses	1
stumbling	1
sifting	1
cautiously	1
togerther	1
amphitheater	1
lavendar	1
halfpipe	1
nat	1
aprons	1
dashes	1
chello	1
drap	1
visits	1
rested	1
tundra	1
smiled	1
drab	1
bleached	1
yuong	1
depth	1
bleacher	1
she's	1
twists	1
berries	1
underbrush	1
cheerful	1
desserts	1
gi	1
compact	1
arid	1
backflips	1
uniquely	1
stoney	1
exits	1
positions	1
comforts	1
blitz	1
noise	1
graying	1
playy	1
pumped	1
ouside	1
fishemen	1
focused	1
canals	1
convert	1
walkman	1
withdrawing	1
closeout	1
repel	1
burbur	1
hilltops	1
felled	1
win	1
collaborating	1
wii	1
wit	1
retriving	1
craw	1
barrior	1
inair	1
spangles	1
reflects	1
popped	1
started	1
popper	1
mitsubishi	1
wearin	1
arches	1
archer	1
shelton	1
rids	1
beijing	1
ferrett	1
twome	1
drainpipe	1
gains	1
oriential	1
nubby	1
furiously	1
arbor	1
fatigue	1
prance	1
spelling	1
gondoliers	1
perpares	1
fancybuilding	1
prays	1
whiteuniform	1
spaniels	1
keeling	1
videocameras	1
accends	1
brook	1
filiming	1
derssed	1
hippies	1
fronr	1
masters	1
stonesign	1
canooers	1
carabiner	1
sands	1
explores	1
armor	1
longhorns	1
strokes	1
cause	1
slush	1
peoople	1
withering	1
prepairing	1
celtics	1
underpass	1
retrives	1
busines	1
mad	1
powerful	1
revealed	1
pavillion	1
adopted	1
attach	1
raling	1
newlywed	1
catered	1
beg	1
defense	1
lightly	1
grayish	1
roiling	1
river's	1
longeared	1
sprinkled	1
detector	1
lecturer	1
tandom	1
montana	1
awe	1
stereo	1
indy	1
propels	1
themountain	1
based	1
cavort	1
rash	1
dodge	1
peolple	1
aquos	1
joint	1
joins	1
tbe	1
evident	1
squated	1
gust	1
tuner	1
widow	1
chaperone	1
exhibt	1
operates	1
counry	1
operated	1
rider's	1
unshaven	1
flickr	1
ovals	1
key	1
thank	1
presentations	1
strains	1
fielder	1
flocking	1
andwhite	1
tread	1
peddal	1
slowly	1
whisper	1
uplifted	1
novel	1
queen's	1
swordfight	1
examined	1
conical	1
capture	1
sleve	1
indigo	1
gothically	1
tapped	1
unconventional	1
eccentric	1
experimenter	1
krueger	1
discouraged	1
protector	1
motorcycling	1
oak	1
largley	1
skill	1
binky	1
emblems	1
riverside	1
crushed	1
propeller	1
lost	1
refugees	1
arrows	1
tge	1
husk	1
liking	1
solicits	1
competiton	1
schoolyard	1
graffited	1
wedgie	1
wearfing	1
mushrooms	1
utility	1
additional	1
hooding	1
eyese	1
notices	1
exposure	1
panhandler	1
stepstool	1
bullrider	1
hp	1
astro	1
goals	1
courts	1
sprinkling	1
overflow	1
signed	1
backview	1
cello	1
signer	1
suggestively	1
sewer	1
pilar	1
universal	1
fingertips	1
twist	1
sheilding	1
ipods	1
scowls	1
equiment	1
serveral	1
dismounts	1
offensive	1
trekkies	1
suspiciously	1
foil	1
backstage	1
encripted	1
foreround	1
aided	1
headand	1
powdery	1
knelt	1
fronts	1
calculate	1
swetashirts	1
flaggers	1
cruising	1
downstream	1
vase	1
gover	1
convenience	1
snowsuits	1
force	1
hsirt	1
even	1
pace	1
orchestra	1
ghandi	1
parachuter	1
ever	1
messanger	1
met	1
gallopsing	1
tapes	1
adolescents	1
vinyl	1
fantastic	1
heeled	1
mobility	1
county	1
jaywalk	1
spays	1
guests	1
overhear	1
ratty	1
tell	1
supporters	1
expose	1
wars	1
blindfold	1
shepherds	1
verdant	1
cellos	1
canvasses	1
suggestive	1
rim	1
lifesavers	1
inhand	1
civillians	1
currents	1
butting	1
justice's	1
manuals	1
abdomen	1
ove	1
attemps	1
defaced	1
checkerboard	1
vfw	1
operate	1
pothole	1
hairnet	1
windshield	1
keffiyehs	1
chihuahua	1
personal	1
slurps	1
razzling	1
caterpillar	1
ducking	1
adobe	1
skiny	1
enthusiasts	1
aids	1
paleontologist	1
content	1
patricks	1
colapsable	1
ont	1
aboriginal	1
telescopes	1
signature	1
foliaged	1
grownups	1
comforter	1
hoof	1
popsicles	1
twenties	1
cop's	1
breezeway	1
fiveteen	1
villages	1
stoic	1
somone	1
cavorts	1
approachs	1
preparation	1
pleadingly	1
mermaid	1
palace	1
mine	1
yachts	1
seed	1
seek	1
tells	1
4x4	1
panties	1
flatscreen	1
buggies	1
memorabilia	1
bulldogs	1
doo	1
doa	1
m	1
breathes	1
competitors	1
hamming	1
consumer	1
annoyed	1
aquatic	1
thirds	1
greenbay	1
representing	1
excercise	1
folks	1
takeout	1
coast	1
reenactors	1
promting	1
17	1
bad	1
discs	1
cower	1
ban	1
lettering	1
crewmen	1
scrap	1
there's	1
cosplayers	1
elephant's	1
lotion	1
upfront	1
modeling	1
mucky	1
conch	1
prefabricated	1
bookcase	1
confronted	1
motioning	1
snakeskin	1
targeting	1
intotubes	1
deeper	1
mushroom	1
jewels	1
exception	1
thestreet	1
neat	1
smoky	1
midjump	1
sushi	1
ia	1
id	1
tucking	1
vegetable	1
confronting	1
grows	1
hulahoop	1
overa	1
opportunity	1
programs	1
picure	1
ongrass	1
jersay	1
pooping	1
sentence	1
longish	1
bandmates	1
yet	1
sunflower	1
agile	1
contestant	1
egytian	1
driftrood	1
depicts	1
hatchback	1
picutre	1
zombies	1
eyebrwo	1
vaulter	1
sprawls	1
powerlines	1
somehow	1
tripped	1
dense	1
floaters	1
arguing	1
bullfight	1
squeamish	1
nametags	1
resaurant	1
biciycle	1
seabird	1
thinner	1
crochet	1
rearview	1
ruggers	1
streght	1
rottweiller	1
garments	1
lilies	1
pavilion	1
stages	1
shin	1
carreis	1
lingers	1
widows	1
fraternal	1
boyrides	1
dandylions	1
fronmt	1
broen	1
utilities	1
stockings	1
skit	1
skii	1
manager	1
bomber	1
anticipation	1
summersault	1
bordered	1
perfoms	1
reptiles	1
sportwoman	1
streetpole	1
defying	1
nussle	1
diveboard	1
bartender	1
did	1
dizzy	1
democrat	1
outise	1
doberman's	1
shave	1
dealing	1
onrushing	1
literature	1
draping	1
bunchh	1
surfung	1
swimcap	1
vandalized	1
bookshelves	1
mussels	1
lakes	1
plantains	1
shift	1
thrashed	1
bruised	1
seawall	1
bog	1
flexibility	1
lamppost	1
at&t	1
anouther	1
sweating	1
thre	1
perm	1
creamy	1
creams	1
checkout	1
facepaintings	1
caqrd	1
bushels	1
walled	1
reviews	1
sour	1
windboard	1
grouchy	1
winston	1
write	1
guiutarist	1
ping	1
chemical	1
loaves	1
may	1
mocks	1
nech	1
tale	1
dojo	1
gradual	1
shaky	1
wishing	1
pillowcase	1
argues	1
snorkeling	1
mail	1
texas	1
tucked	1
killer	1
unspooled	1
obligatoire	1
guidewire	1
settings	1
anciet	1
pinball	1
girt	1
shews	1
signage	1
enforcment	1
spiking	1
emerged	1
pizzeria	1
mechanisms	1
pool's	1
onsie	1
brooke	1
advance	1
jaket	1
fribee	1
funky	1
fleeing	1
thesand	1
farris	1
wizard's	1
scull	1
watersports	1
10	1
scraping	1
protected	1
venture	1
gigantic	1
coconut	1
impersonators	1
baskers	1
speakers	1
collapsed	1
facefirst	1
trace	1
assault	1
queens	1
beachfront	1
spectate	1
grassland	1
gound	1
trotted	1
contemporary	1
threshold	1
goers	1
fend	1
dice	1
cheeseburger	1
feamle	1
1950's	1
midriff	1
lilypads	1
median	1
miles	1
london	1
milling	1
pebbly	1
seas	1
starlet	1
histerically	1
advertizing	1
behing	1
downriver	1
lassos	1
slingshot	1
crucified	1
pillared	1
lopes	1
waterful	1
waing	1
blasts	1
spare	1
enviorment	1
saxaphones	1
maintained	1
iceburg	1
gauntlet	1
grond	1
vechile	1
tankini	1
graveyard	1
offered	1
codpiece	1
dramatic	1
hdr	1
romping	1
coca	1
investigating	1
shreds	1
pressing	1
arewatching	1
restroom	1
everyday	1
pay	1
bluejean	1
pac	1
geishas	1
weave	1
layup	1
conoe	1
soundproof	1
amazed	1
parody	1
adjustments	1
grouped	1
reentry	1
remember	1
backround	1
grating	1
grip	1
docks	1
grid	1
escalators	1
maids	1
22	1
meanders	1
wearhing	1
spash	1
snoring	1
organizing	1
attampts	1
cigerette	1
tiretracks	1
expressing	1
measuring	1
profusely	1
fitness	1
shotput	1
preoccupied	1
toothpaste	1
whites	1
pastures	1
paraphernalia	1
drak	1
hurricanes	1
overhangs	1
wuth	1
arranged	1
romantic	1
drills	1
netting	1
videos	1
swinsuit	1
cables	1
fiels	1
pamphlets	1
tripods	1
relection	1
outfield	1
lapel	1
twho	1
dunked	1
collegiate	1
landfill	1
snowpile	1
spills	1
midstride	1
resembles	1
watctes	1
suns	1
meetinghall	1
preserves	1
shredding	1
hairclips	1
steve	1
sleeding	1
mothers	1
forth	1
strung	1
further	1
dial	1
abs	1
squeezed	1
cylindrical	1
busstop	1
unfurled	1
rollerbladers	1
possessively	1
amazement	1
zagging	1
armed	1
composure	1
hillock	1
destination	1
fortune	1
twp	1
mutltiple	1
megaphone	1
diamond	1
shoulderbag	1
family's	1
lemons	1
boxer's	1
clergy	1
ladys	1
shark	1
stacking	1
onslaught	1
narby	1
rainstorm	1
purchased	1
unexcited	1
siren	1
awkward	1
razer	1
maps	1
jumpropes	1
ensemble	1
redwood	1
dresswear	1
bleak	1
chute	1
entry	1
bathed	1
deserted	1
sect	1
bathes	1
frisbree	1
already	1
cabana	1
golfing	1
shortstop	1
jostles	1
29	1
percussionists	1
wizards	1
dolls	1
lookout	1
seeking	1
bandages	1
compound	1
easily	1
ashed	1
ashen	1
evade	1
spindle	1
awall	1
pring	1
projected	1
jacketed	1
sarong	1
pleasant	1
mma	1
lkievely	1
edges	1
pure	1
corkscrew	1
kayer	1
dons	1
dont	1
treetops	1
dong	1
loofa	1
bloodied	1
twenty	1
mama	1
bumble	1
muscles	1
muscled	1
caucasion	1
multilple	1
fold	1
gotten	1
bohemian	1
collapsable	1
rollskating	1
windbreaker	1
orders	1
flares	1
rowed	1
smilely	1
serena	1
charm	1
shorthair	1
sunhat	1
giggling	1
dodging	1
fins	1
scattered	1
crocheted	1
contorted	1
chimes	1
nervous	1
ruin	1
bakery	1
seller	1
potao	1
sill	1
remove	1
common	1
witches	1
archways	1
orca	1
prestends	1
visiting	1
skislope	1
retirever	1
easels	1
peircings	1
frishbees	1
seater	1
alon	1
foreign	1
pamphlet	1
clowds	1
busters	1
create	1
screened	1
secret	1
astonishment	1
slips	1
vans	1
assorted	1
fending	1
fleeces	1
replaces	1
interlocking	1
solid	1
grainy	1
replaced	1
infront	1
adjusts	1
physiques	1
violently	1
swishing	1
primping	1
wisks	1
development	1
tupperware	1
dge	1
leopard	1
reds	1
coliding	1
celebratory	1
bedroll	1
panelling	1
gators	1
nordic	1
landmark	1
organization	1
paneling	1
bandanas	1
isolated	1
shape	1
atomic	1
excites	1
perused	1
cue	1
cubby	1
thows	1
rebound	1
judgement	1
foreigners	1
competitively	1
vapour	1
disks	1
valleys	1
humorous	1
scale	1
culprit	1
pep	1
blackraft	1
riverrafting	1
pee	1
clifftop	1
lounges	1
passifier	1
hippie	1
inflatbale	1
shrowded	1
aliens	1
hapy	1
clack	1
lesson	1
calming	1
preservers	1
tigger	1
ascend	1
streches	1
directed	1
expressway	1
tatoo	1
oval	1
pecks	1
samll	1
convention	1
fisher	1
barettes	1
wringing	1
wards	1
presenting	1
rallies	1
2008	1
wrangle	1
intricate	1
frisbeen	1
bottomed	1
skiier	1
htting	1
touchline	1
entire	1
crampons	1
knight	1
lapse	1
equipments	1
icicles	1
boatful	1
rivers	1
croc	1
worshipping	1
pipes	1
gemmed	1
exchange	1
talent	1
33	1
32	1
30	1
proof	1
composed	1
outstreched	1
gateway	1
chi	1
inthe	1
snowpacked	1
dripping	1
thatch	1
arranging	1
harvest	1
fooling	1
fadora	1
neclace	1
subdivsion	1
snacks	1
boned	1
bones	1
lamb	1
curving	1
cinderblock	1
regains	1
lame	1
kaki	1
minding	1
cuddling	1
linet	1
slighty	1
furious	1
ametal	1
bridges	1
la	1
ll	1
ls	1
tickled	1
junction	1
fiesty	1
snowdrift	1
crudely	1
slipping	1
identifier	1
buena	1
slumped	1
matt	1
announcer	1
res	1
genocidewritten	1
mortar	1
shells	1
kildare	1
lagging	1
afield	1
braces	1
windsurfers	1
weimeraners	1
scans	1
flume	1
nitro	1
completed	1
dreary	1
excercises	1
unfurling	1
geal	1
glassses	1
izod	1
lionist	1
flashes	1
bulldozer	1
comfortable	1
wateroutside	1
cavern	1
throat	1
apparently	1
min	1
marsh's	1
mic	1
billiards	1
gravity	1
statue's	1
trundles	1
parkinglot	1
pausing	1
ganilla	1
enthusiastic	1
dirtracing	1
university's	1
text	1
rotating	1
antiquated	1
portfolio	1
hankerchief	1
discovers	1
restaurants's	1
headcover	1
cacti	1
bead	1
weating	1
areas	1
ashtray	1
horizontally	1
fixes	1
fixer	1
eyebrow	1
ballplayers	1
cycler	1
caches	1
plling	1
giant's	1
wetland	1
awaits	1
graffitti	1
pedigree	1
pursed	1
antics	1
nudges	1
barrette	1
masses	1
flautist	1
glassess	1
bespectacled	1
ayard	1
buggys	1
intot	1
mouthpiece	1
moutain	1
angled	1
perplexed	1
finishes	1
redhead	1
angles	1
waterhole	1
locomotives	1
boods	1
nd	1
rectangular	1
belted	1
manually	1
helped	1
ax	1
arabic	1
torwards	1
upclose	1
blockers	1
sisters	1
teeshirt	1
overshadowed	1
thought	1
lillypads	1
usual	1
proximity	1
tough	1
flashlight	1
tattoed	1
ads	1
add	1
sedan	1
citizen	1
terrorizes	1
tests	1
dryed	1
paralell	1
teanage	1
italian	1
aerobatics	1
nfl	1
classical	1
obsured	1
proped	1
paddock	1
bustling	1
rockets	1
panes	1
pepper	1
gontaga	1
oiled	1
buttoned	1
gifts	1
interestingly	1
introduces	1
beaked	1
tailed	1
pagent	1
childrens	1
zooms	1
chris	1
fourwheeler	1
rushed	1
outline	1
rappeling	1
santas	1
coverall	1
rabbits	1
pin	1
circus	1
musicans	1
periods	1
collies	1
42	1
virtual	1
swimsuites	1
bundle	1
snowscapes	1
stirred	1
entertainment	1
climing	1
objest	1
sleep	1
kickbox	1
trolley	1
cartwheeling	1
patched	1
bangles	1
merchant	1
miasto	1
chrismas	1
upstream	1
monkeys	1
venue	1
esculpter	1
joggers	1
feathery	1
direct	1
moniter	1
fixtures	1
christ	1
beaten	1
disney	1
pats	1
entertains	1
pontoon	1
stared	1
midway	1
prints	1
offf	1
would	1
skijoring	1
autumnal	1
footrace	1
daft	1
entertainer	1
my	1
grenade	1
shook	1
whizzes	1
aerobatic	1
santana	1
widespread	1
badly	1
mesa	1
lampost	1
jacuzzi	1
clapped	1
fairway	1
kickboxer	1
trams	1
synch	1
avoids	1
flotation	1
pinkish	1
rental	1
regularly	1
shadowy	1
cloths	1
steamy	1
practising	1
poncho	1
basett	1
noisemaker	1
multicoloured	1
moter	1
acrobat	1
jubilant	1
gauzey	1
grassed	1
accent	1
slaloms	1
litcandles	1
fantasy	1
mercury	1
cements	1
heights	1
quinta	1
overfilled	1
classes	1
handkerchief	1
pompoms	1
relatively	1
tho	1
nipples	1
thoroughly	1
steamboat	1
rodents	1
laughed	1
gesticulates	1
chasses	1
suntanning	1
plenty	1
hortons	1
partition	1
jersy	1
entertaining	1
leaguer	1
queen	1
jumpsuites	1
zaftig	1
knuckle	1
zipping	1
highchair	1
fluid	1
perfomed	1
pouting	1
dumpsters	1
swept	1
skeptically	1
recieve	1
oppsing	1
unpainted	1
grandmother	1
firework	1
discovery	1
weas	1
blasted	1
ranger	1
yamaha	1
layered	1
hypocrites	1
jello	1
lenses	1
cathing	1
ropey	1
beef	1
tabs	1
trampled	1
roped	1
pursing	1
affixed	1
lifevests	1
deeps	1
dashboard	1
kayak's	1
provocative	1
submissive	1
exterior	1
interacts	1
playmat	1
contracption	1
eyeshadow	1
springtime	1
sprinkles	1
tassel	1
shortly	1
mother's	1
forceful	1
breaching	1
blueleash	1
collard	1
kelp	1
abarrotes	1
advances	1
pullovers	1
cultural	1
burns	1
burnt	1
appearing	1
rangler	1
57	1
hunt	1
50	1
toddler's	1
proudly	1
spoted	1
teamates	1
companions	1
everything	1
brawl	1
eadult	1
playroom	1
coiled	1
mast	1
donates	1
obscene	1
cafeteria	1
harly	1
rustic	1
striding	1
attempted	1
terrior	1
heap	1
raingear	1
applebee's	1
ruined	1
decorate	1
adorn	1
trio	1
forearm	1
brighty	1
swatted	1
faithful	1
tim	1
tin	1
arelaughing	1
juming	1
halway	1
squeals	1
miscellaneous	1
buddhists	1
propelling	1
navel	1
yacht	1
suckles	1
hardscape	1
contemplating	1
passage	1
advantage	1
sponsors	1
crooswalk	1
yougn	1
congregation	1
quick	1
dries	1
528	1
bearers	1
kakhi	1
lay's	1
cork	1
skimply	1
arc	1
thirty	1
washer	1
healthy	1
needlepoint	1
rafael	1
challange	1
emerge	1
somersaults	1
rasing	1
kerry	1
cashier	1
teases	1
sequoia	1
cases	1
judo	1
sphere	1
shore's	1
coral	1
patroling	1
dropped	1
middleaged	1
fourth	1
endorsement	1
dealth	1
motorists	1
islamic	1
abckground	1
wagging	1
acts	1
mainly	1
dupar's	1
foldable	1
racedog	1
apex	1
popcycles	1
moms	1
gushing	1
hawaiin	1
nodding	1
torch	1
parent's	1
persian	1
cubicle	1
hackey	1
factory	1
overflowing	1
bolts	1
hulk	1
cleavage	1
judea	1
roosters	1
flare	1
dirtbikes	1
swine	1
saucers	1
origin	1
fetched	1
buzzes	1
patrollers	1
cheerfully	1
peddles	1
district	1
handcrank	1
peddled	1
seedoo	1
desperate	1
tanning	1
moutains	1
homerun	1
resembling	1
urge	1
sure	1
joker	1
ciff	1
hooved	1
cleared	1
littering	1
pencils	1
seafood	1
proud	1
hungry	1
swordfighting	1
spaced	1
applauding	1
cheap	1
woolen	1
ractrack	1
brige	1
crime	1
winged	1
partake	1
wool	1
viewpoint	1
jazz	1
curcumvents	1
bareback	1
hedge	1
neither	1
aluminum	1
enterance	1
bison	1
reveals	1
encourages	1
1923	1
ignores	1
personwith	1
encouraged	1
surfaces	1
fails	1
shirtness	1
wanders	1
rif=ding	1
berry	1
snarly	1
armchair	1
dribbled	1
poll	1
canoers	1
coupe	1
deposited	1
hardly	1
schoolboy	1
eatery	1
cleats	1
cresting	1
spirit	1
shaft	1
onesie	1
stingray	1
ridable	1
rungs	1
graffti	1
emty	1
laptop's	1
buys	1
aross	1
nest	1
muffler	1
implements	1
recital	1
flakes	1
foyer	1
lifevest	1
captures	1
actions	1
kill	1
churns	1
blog	1
disrupt	1
manuever	1
squating	1
styled	1
sportman	1
footballs	1
donations	1
passers	1
kayacker	1
ampetheater	1
caribbean	1
classmates	1
sitts	1
beached	1
inspect	1
calmer	1
pinstriped	1
oh	1
od	1
waded	1
ox	1
ot	1
garner	1
buster's	1
jetskiing	1
retangular	1
perforced	1
vested	1
idea	1
orangesunset	1
moustaches	1
wearubg	1
nightlife	1
flats	1
creeping	1
haloween	1
backstand	1
pensively	1
cringes	1
russel	1
safron	1
fiddles	1
heather	1
stocky	1
spouse	1
lace	1
walkng	1
abig	1
retreiving	1
activities	1
payfully	1
lited	1
vacationing	1
soles	1
readied	1
beckem	1
undone	1
neckless	1
snapshot	1
invention	1
sub	1
sum	1
brief	1
bodyboarder	1
raked	1
skidded	1
dobbermen	1
naval	1
handlers	1
suntan	1
solitude	1
texts	1
armoire	1
snub	1
smal	1
photograhi	1
minor	1
israei	1
operators	1
saharan	1
wrestled	1
aveda	1
trackside	1
extinguishes	1
khakis	1
rather	1
aerodynamically	1
sprinking	1
headress	1
panoramic	1
sloppy	1
concentrating	1
supervision	1
footed	1
aggresively	1
lifeguards	1
cine	1
don't	1
developed	1
alotment	1
disabled	1
hatted	1
downsteps	1
glide	1
misspelled	1
brwon	1
starbuck's	1
hunter	1
parasurfer	1
rellow	1
videotapes	1
level	1
fortess	1
athletics	1
weight	1
wilbert	1
suprised	1
milkbone	1
braided	1
caucasian	1
hailing	1
wisconsin	1
roofs	1
neeling	1
building's	1
thread	1
seahorse	1
dine	1
feel	1
dressedin	1
blank	1
bland	1
traveler	1
coasts	1
stork	1
swarm	1
pitted	1
gleefully	1
king	1
motivation	1
hanglider	1
needs	1
booklets	1
engulf	1
cleaned	1
athelete	1
stiars	1
ahuge	1
peirced	1
pianist	1
buff	1
react	1
75	1
storefronts	1
nothing	1
biscut	1
flighht	1
diverse	1
cds	1
howls	1
font	1
whiffle	1
punkish	1
airtime	1
mom's	1
fastest	1
stubbled	1
nibbles	1
engraved	1
groupe	1
dump	1
choreographed	1
gaurdian	1
cosplay	1
blurs	1
drooping	1
plywood	1
solo	1
paisley	1
outfir	1
opposition	1
inertia	1
bronze	1
c	1
movers	1
halmets	1
roman	1
landform	1
peron	1
treefilled	1
dishtowel	1
pf	1
whoa	1
quintet	1
slideshow	1
quarterpipe	1
aboy	1
surronded	1
ethnicity	1
panasonic	1
rosy	1
wierd	1
shire	1
widely	1
laborador	1
arrives	1
fastens	1
flown	1
robust	1
tikes	1
congregated	1
bouncey	1
horro	1
machinery	1
breastfeeding	1
ependent	1
aplayer	1
k2	1
freefall	1
entangles	1
plungles	1
chilren	1
modifications	1
seperate	1
confront	1
ignore	1
aquestrian	1
wallride	1
eluding	1
paraglide	1
mudfight	1
yerba	1
saucer	1
prow	1
prop	1
tends	1
grimmaces	1
jumpy	1
anatv	1
lawnchair	1
aloft	1
tinker	1
cannons	1
projector	1
pipeline	1
cautious	1
borader	1
housekeeping	1
violins	1
mcdonald's	1
underneat	1
complimentary	1
cutoff	1
mommy	1
momma	1
question	1
baggy	1
vendors	1
sections	1
skewers	1
belays	1
girlfriends	1
filed	1
landscaped	1
social	1
bigg	1
associated	1
coordinator	1
warning	1
graham	1
hurridly	1
saffron	1
bicylist	1
gra	1
allowing	1
lafayette	1
broad	1
nash	1
alien	1
torii	1
include	1
planked	1
converge	1
turbaned	1
bmxer	1
plows	1
folds	1
dooorway	1
procession	1
worships	1
pasts	1
bowled	1
checkstand	1
slates	1
distressed	1
headless	1
rattan	1
tophats	1
savanah	1
fireplug	1
fron	1
weeping	1
icey	1
sun's	1
jailbird	1
clever	1
impress	1
antennae	1
entwined	1
backstrokes	1
condominium	1
performed	1
flaring	1
attrative	1
tae	1
sillhouttes	1
tak	1
posign	1
sidewalks	1
brian	1
brownstone	1
toddles	1
attend	1
footpath	1
frombehind	1
sculptures	1
reeling	1
playstation	1
glee	1
ships	1
restrain	1
holiday	1
trows	1
adornment	1
orthodox	1
emerald	1
articles	1
overshirt	1
oppenents	1
fiddle	1
related	1
tabloid	1
thesnow	1
magizine	1
distnat	1
sabre	1
organic	1
g	1
restaurants	1
bonnet	1
coloful	1
pincer	1
swear	1
snowploe	1
consoling	1
baptized	1
mules	1
ashaft	1
behinds	1
wildebeast	1
rodderick	1
hoofs	1
clemson	1
competeition	1
splatter	1
berets	1
recyclable	1
mogul	1
faux	1
agency	1
hr	1
waterfountains	1
divers	1
jumpos	1
highschool	1
clasp	1
barista	1
looker	1
skying	1
strawberries	1
ballons	1
swarming	1
bulging	1
colourfully	1
perfom	1
brighly	1
headresses	1
surroundings	1
cube	1
skims	1
inorange	1
payphone	1
ones	1
stadning	1
streetway	1
sheperds	1
musher's	1
turbulent	1
bluetooth	1
closer	1
gliders	1
broach	1
identification	1
frustrated	1
barbeque	1
ability	1
infants	1
stucco	1
courthouse	1
lifeboat	1
chutes	1
occured	1
decent	1
shawled	1
shimp	1
butchers	1
mike	1
verizon	1
interrupts	1
sillhouetted	1
cavorting	1
overturn	1
walkways	1
lakeside	1
drips	1
cowgirls	1
unzipping	1
headlight	1
waitresses	1
brandishes	1
inch	1
elbows	1
coached	1
coaches	1
warming	1
banging	1
breaker	1
treeless	1
otuside	1
camer	1
happiness	1
rapid	1
tawny	1
sparking	1
jars	1
soccerball	1
masquerade	1
conoes	1
raincoats	1
press	1
kingsworth	1
loser	1
loses	1
shabby	1
tumble	1
persue	1
wodden	1
glacial	1
leader	1
ripped	1
miniskirts	1
fluorescent	1
clicmber	1
biscuit	1
ashy	1
converging	1
cocked	1
backlegs	1
soaks	1
cocker	1
champ	1
artifacts	1
vat	1
footwork	1
dirtbed	1
granny	1
challenges	1
medatative	1
karts	1
staue	1
demonstrate	1
stirring	1
zebra	1
year	1
visitor's	1
magician's	1
diplomas	1
sick	1
kinds	1
shredded	1
apportioned	1
squeak	1
pods	1
