"setting","M","policy","band","median_exposures","mean_exposures","median_episode_learned"
"C=10, random",1000,"Active","top 1%",4,4.74,114
"C=10, random",1000,"Active","1-10%",4,4.60666666666667,704
"C=10, random",1000,"Active","10-50%",4,4.71867966991747,2301
"C=10, random",1000,"Active","bottom 50%",4,4.54193021832278,3634
"C=10, random",1000,"Passive","top 1%",4,4.71,130
"C=10, random",1000,"Passive","1-10%",4,4.63111111111111,1390.5
"C=10, random",1000,"Passive","10-50%",4,4.61625,7651
"C=10, random",1000,"Passive","bottom 50%",4,4.54979591836734,20173
"C=10, random",10000,"Active","top 1%",3,3.392,791.5
"C=10, random",10000,"Active","1-10%",3,3.47755555555554,5355.5
"C=10, random",10000,"Active","10-50%",3,3.46211931789765,17113.5
"C=10, random",10000,"Active","bottom 50%",3,3.34752887401549,26898
"C=10, random",10000,"Passive","top 1%",3,3.387,1164
"C=10, random",10000,"Passive","1-10%",3,3.46355555555555,13397
"C=10, random",10000,"Passive","10-50%",3,3.47976994248568,75316
"C=10, random",10000,"Passive","bottom 50%",3,3.35702917771878,198542.5
"C=10, random",60000,"Active","top 1%",3,3.032,3986
"C=10, random",60000,"Active","1-10%",3,3.03787037037034,28203.5
"C=10, random",60000,"Active","10-50%",3,3.01670848302497,90143
"C=10, random",60000,"Active","bottom 50%",3,2.9510511388756,141812.5
"C=10, random",60000,"Passive","top 1%",3,3.0205,6893
"C=10, random",60000,"Passive","1-10%",3,3.03107407407409,82429.5
"C=10, random",60000,"Passive","10-50%",3,3.02755792290285,470145
"C=10, random",60000,"Passive","bottom 50%",3,2.95291581227557,1241523
"C=100, familiar",1000,"Active","top 1%",210,263.56,7841.5
"C=100, familiar",1000,"Active","1-10%",34,41.6966666666667,10195
"C=100, familiar",1000,"Active","10-50%",11,11.8519259629815,12536
"C=100, familiar",1000,"Active","bottom 50%",7,8.27988576091393,13971.5
"C=100, familiar",1000,"Passive","top 1%",228.5,270.81,8791
"C=100, familiar",1000,"Passive","1-10%",34,42.7244444444445,13280
"C=100, familiar",1000,"Passive","10-50%",11,11.9027256814204,22570
"C=100, familiar",1000,"Passive","bottom 50%",7,8.21811875127525,35862
"C=100, familiar",10000,"Active","top 1%",143,231.346,52887.5
"C=100, familiar",10000,"Active","1-10%",24,29.2943333333333,75255.5
"C=100, familiar",10000,"Active","10-50%",8,9.01227592069407,96327
"C=100, familiar",10000,"Active","bottom 50%",5,5.53813031855193,107832
"C=100, familiar",10000,"Passive","top 1%",146,228.324,66974
"C=100, familiar",10000,"Passive","1-10%",24,29.3,121472
"C=100, familiar",10000,"Passive","10-50%",8,9.04195419541955,225879.5
"C=100, familiar",10000,"Passive","bottom 50%",5,5.57534078850706,372540
"C=100, familiar",60000,"Active","top 1%",109,190.974666666668,244757
"C=100, familiar",60000,"Active","1-10%",20,24.0511666666667,370939
"C=100, familiar",60000,"Active","10-50%",7,8.03896558477547,493582
"C=100, familiar",60000,"Active","bottom 50%",5,5.10762569765902,559373
"C=100, familiar",60000,"Passive","top 1%",109,187.006666666666,350100.5
"C=100, familiar",60000,"Passive","1-10%",20,24.2011296296297,714479
"C=100, familiar",60000,"Passive","10-50%",7,8.05739597136449,1429230.5
"C=100, familiar",60000,"Passive","bottom 50%",5,5.11292505901001,2426470
