"label","episode","n_unseen","n_learned","competitor_survival","n_runs"
"Choice set 100 (freq.)",500,917.3,0,0.867222357157187,10
"Choice set 100 (freq.)",1000,881.2,0,0.937488531541242,10
"Choice set 100 (freq.)",1500,852.1,0,0.95299680322074,10
"Choice set 100 (freq.)",2000,834,0,0.959339449981776,10
"Choice set 100 (freq.)",2500,813.3,0.1,0.961933915077085,10
"Choice set 100 (freq.)",3000,796.2,0.1,0.96855567347349,10
"Choice set 100 (freq.)",3500,780.2,0.2,0.965649933168533,10
"Choice set 100 (freq.)",4000,764.3,0.2,0.968936897134603,10
"Choice set 100 (freq.)",4500,751.2,0.2,0.97321909501588,10
"Choice set 100 (freq.)",5000,737.7,0.2,0.970050692113922,10
"Choice set 100 (freq.)",5500,727.2,0.2,0.974881381759323,10
"Choice set 100 (freq.)",6000,716.8,0.2,0.975258495685222,10
"Choice set 100 (freq.)",6500,706,0.3,0.974199707299463,10
"Choice set 100 (freq.)",7000,693.9,0.3,0.976248038427013,10
"Choice set 100 (freq.)",7500,682.7,0.3,0.97751945319426,10
"Choice set 100 (freq.)",8000,672.3,0.4,0.980704645810449,10
"Choice set 100 (freq.)",8500,661.6,0.4,0.977786764977265,10
"Choice set 100 (freq.)",9000,652.3,0.4,0.982542274321271,10
"Choice set 100 (freq.)",9500,642.8,0.4,0.979060255550001,10
"Choice set 100 (freq.)",10000,634.1,0.4,0.979132358169961,10
"Choice set 100 (freq.)",10500,626.4,0.4,0.97965033324466,10
"Choice set 100 (freq.)",11000,617.5,0.4,0.981054464557581,10
"Choice set 100 (freq.)",11500,609.8,0.4,0.981814237437281,10
"Choice set 100 (freq.)",12000,601.6,0.4,0.981944577267461,10
"Choice set 100 (freq.)",12500,593.5,0.5,0.982464181179903,10
"Choice set 100 (freq.)",13000,585.8,0.6,0.979820183545682,10
"Choice set 100 (freq.)",13500,578,0.7,0.980230436223492,10
"Choice set 100 (freq.)",14000,570.8,0.7,0.9818564761384,10
"Choice set 100 (freq.)",14500,564.1,0.7,0.98270444894153,10
"Choice set 100 (freq.)",15000,556.8,0.8,0.978595571790934,10
"Choice set 100 (freq.)",15500,550.3,0.8,0.980829786479049,10
"Choice set 100 (freq.)",16000,545,0.8,0.981936483301109,10
"Choice set 100 (freq.)",16500,538.5,0.8,0.980120195093124,10
"Choice set 100 (freq.)",17000,532.2,0.8,0.982244093260928,10
"Choice set 100 (freq.)",17500,526.4,0.8,0.983632874720099,10
"Choice set 100 (freq.)",18000,519.2,0.9,0.982596466729088,10
"Choice set 100 (freq.)",18500,513.7,0.9,0.986074697927645,10
"Choice set 100 (freq.)",19000,508,1,0.982194861011635,10
"Choice set 100 (freq.)",19500,501.3,1.1,0.982704248152024,10
"Choice set 100 (freq.)",20000,495.3,1.1,0.981857544958084,10
"Choice set 100 (freq.)",20500,489.6,1.1,0.983030747476237,10
"Choice set 100 (freq.)",21000,484.9,1.1,0.983787890724894,10
"Choice set 100 (freq.)",21500,480.3,1.1,0.980928139198335,10
"Choice set 100 (freq.)",22000,475.8,1.1,0.982400386157344,10
"Choice set 100 (freq.)",22500,470.9,1.1,0.98343343781828,10
"Choice set 100 (freq.)",23000,464.7,1.1,0.980709805535866,10
"Choice set 100 (freq.)",23500,458.6,1.1,0.98349408949319,10
"Choice set 100 (freq.)",24000,455.1,1.1,0.983754249188594,10
"Choice set 100 (freq.)",24500,450.8,1.2,0.983463332412814,10
"Choice set 100 (freq.)",25000,445.5,1.3,0.982494367473431,10
"Choice set 100 (freq.)",25500,441,1.3,0.983751115945886,10
"Choice set 100 (freq.)",26000,438,1.3,0.985836137711782,10
"Choice set 100 (freq.)",26500,434,1.3,0.983055148668423,10
"Choice set 100 (freq.)",27000,430,1.3,0.985026678458901,10
"Choice set 100 (freq.)",27500,426.1,1.3,0.986411924271376,10
"Choice set 100 (freq.)",28000,421.1,1.3,0.985853336720985,10
"Choice set 100 (freq.)",28500,417.3,1.3,0.986886362527816,10
"Choice set 100 (freq.)",29000,412.5,1.3,0.985739606920717,10
"Choice set 100 (freq.)",29500,409.2,1.4,0.987722136636801,10
"Choice set 100 (freq.)",30000,404.3,1.4,0.983992914138449,10
"Choice set 100 (freq.)",30500,399.8,1.4,0.98424995723266,10
"Choice set 100 (freq.)",31000,395.5,1.4,0.986685725462126,10
"Choice set 100 (freq.)",31500,392.1,1.4,0.984503255682065,10
"Choice set 100 (freq.)",32000,389.7,1.4,0.982979511076556,10
"Choice set 100 (freq.)",32500,385.5,1.4,0.98552404168713,10
"Choice set 100 (freq.)",33000,381.8,1.4,0.98580674916786,10
"Choice set 100 (freq.)",33500,378.1,1.4,0.989126281291763,10
"Choice set 100 (freq.)",34000,374.1,1.4,0.985163527591649,10
"Choice set 100 (freq.)",34500,369.9,1.4,0.984572689309913,10
"Choice set 100 (freq.)",35000,366.3,1.4,0.986792202112581,10
"Choice set 100 (freq.)",35500,362.5,1.6,0.985189939680388,10
"Choice set 100 (freq.)",36000,359.3,1.6,0.986364876103901,10
"Choice set 100 (freq.)",36500,357,1.6,0.984188092059551,10
"Choice set 100 (freq.)",37000,354.2,1.6,0.984901478121306,10
"Choice set 100 (freq.)",37500,351.4,1.7,0.986715017920891,10
"Choice set 100 (freq.)",38000,347.9,1.8,0.987231870714871,10
"Choice set 100 (freq.)",38500,345,1.8,0.985684482782241,10
"Choice set 100 (freq.)",39000,342.4,1.9,0.984258693729931,10
"Choice set 100 (freq.)",39500,339.2,2,0.984925072878913,10
"Choice set 100 (freq.)",40000,337,2,0.987495739936363,10
"Choice set 100 (freq.)",40500,334.4,2.1,0.987335556961398,10
"Choice set 100 (freq.)",41000,331,2.1,0.986842051800599,10
"Choice set 100 (freq.)",41500,328.2,2.4,0.986415000097763,10
"Choice set 100 (freq.)",42000,324.2,2.4,0.987184929152205,10
"Choice set 100 (freq.)",42500,320,2.4,0.984514269701026,10
"Choice set 100 (freq.)",43000,317.1,2.5,0.987122730152419,10
"Choice set 100 (freq.)",43500,314.2,2.6,0.985343200198442,10
"Choice set 100 (freq.)",44000,311,2.7,0.986861719621357,10
"Choice set 100 (freq.)",44500,307.4,2.7,0.98723196871484,10
"Choice set 100 (freq.)",45000,304.3,2.8,0.986069151667283,10
"Choice set 100 (freq.)",45500,302,3,0.984794594462799,10
"Choice set 100 (freq.)",46000,299.3,3,0.984103943286049,10
"Choice set 100 (freq.)",46500,296.3,3.3,0.983575094641301,10
"Choice set 100 (freq.)",47000,293.6,3.4,0.985809348849001,10
"Choice set 100 (freq.)",47500,290.8,3.4,0.985789079998694,10
"Choice set 100 (freq.)",48000,288.5,3.7,0.985791880477791,10
"Choice set 100 (freq.)",48500,286,3.9,0.983678451457518,10
"Choice set 100 (freq.)",49000,283.2,4.2,0.985609114408284,10
"Choice set 100 (freq.)",49500,280.4,4.5,0.984058215324124,10
"Choice set 100 (freq.)",50000,277.7,4.7,0.983649318371709,10
"Choice set 100 (freq.)",50500,273.6,4.9,0.984765858257118,10
"Choice set 100 (freq.)",51000,270.2,5.1,0.984812712090755,10
"Choice set 100 (freq.)",51500,267.4,5.4,0.982556612368614,10
"Choice set 100 (freq.)",52000,263.9,5.8,0.984028423460021,10
"Choice set 100 (freq.)",52500,261.4,6.2,0.982007834381778,10
"Choice set 100 (freq.)",53000,259.4,6.7,0.981204859205875,10
"Choice set 100 (freq.)",53500,255.8,7.6,0.979774428575589,10
"Choice set 100 (freq.)",54000,252.6,8.4,0.981525117461078,10
"Choice set 100 (freq.)",54500,249,8.5,0.979658681884956,10
"Choice set 100 (freq.)",55000,246.4,8.8,0.979539987241784,10
"Choice set 100 (freq.)",55500,243.2,9.6,0.978825397470535,10
"Choice set 100 (freq.)",56000,239.9,10.1,0.97810883553454,10
"Choice set 100 (freq.)",56500,236.7,10.4,0.979279083116303,10
"Choice set 100 (freq.)",57000,233.6,11.1,0.980208058619474,10
"Choice set 100 (freq.)",57500,230.3,12.1,0.976121954514071,10
"Choice set 100 (freq.)",58000,226.2,13.3,0.976326736156734,10
"Choice set 100 (freq.)",58500,222.5,13.7,0.976746983769405,10
"Choice set 100 (freq.)",59000,219.8,14.4,0.975706933021741,10
"Choice set 100 (freq.)",59500,216.1,15.7,0.973764134060454,10
"Choice set 100 (freq.)",60000,212.3,17.5,0.970841604045427,10
"Choice set 100 (freq.)",60500,209,18.6,0.974581067826608,10
"Choice set 100 (freq.)",61000,205.7,19.5,0.973693162908624,10
"Choice set 100 (freq.)",61500,201.5,20.5,0.972562329615719,10
"Choice set 100 (freq.)",62000,197.4,22.8,0.967369805048928,10
"Choice set 100 (freq.)",62500,193.5,24.6,0.967388077589486,10
"Choice set 100 (freq.)",63000,189.4,25.8,0.96849506096402,10
"Choice set 100 (freq.)",63500,183.9,28.1,0.96294556845031,10
"Choice set 100 (freq.)",64000,178.7,29.4,0.964820691695011,10
"Choice set 100 (freq.)",64500,173.9,31.9,0.95848231153026,10
"Choice set 100 (freq.)",65000,169.5,34.4,0.95517355133132,10
"Choice set 100 (freq.)",65500,164.6,37.3,0.953121595322832,10
"Choice set 100 (freq.)",66000,159.7,41.9,0.949965906945358,10
"Choice set 100 (freq.)",66500,155.6,46.3,0.942547379801872,10
"Choice set 100 (freq.)",67000,151.2,50.7,0.946530185824641,10
"Choice set 100 (freq.)",67500,148,56.6,0.931990173163826,10
"Choice set 100 (freq.)",68000,144.1,61.9,0.927605284272346,10
"Choice set 100 (freq.)",68500,139.4,67.9,0.927404036815473,10
"Choice set 100 (freq.)",69000,132.9,75,0.922343568418554,10
"Choice set 100 (freq.)",69500,126.9,83.2,0.908465476634777,10
"Choice set 100 (freq.)",70000,120.2,95.9,0.897745799014621,10
"Choice set 100 (freq.)",70500,114.6,111,0.877207035401341,10
"Choice set 100 (freq.)",71000,108.6,129.4,0.863559623209365,10
"Choice set 100 (freq.)",71500,101.7,148.8,0.859110873964337,10
"Choice set 100 (freq.)",72000,95.3,172.7,0.844105813339018,10
"Choice set 100 (freq.)",72500,90.3,197.7,0.831369649998007,10
"Choice set 100 (freq.)",73000,85.1,231.9,0.813215129861069,10
"Choice set 100 (freq.)",73500,79.6,268.6,0.801626828165636,10
"Choice set 100 (freq.)",74000,74.4,310.3,0.801275446060552,10
"Choice set 100 (freq.)",74500,69.3,351.2,0.80174083363422,10
"Choice set 100 (freq.)",75000,65.4,387.7,0.825526247146872,10
"Choice set 100 (freq.)",75500,60.8,409.8,0.867560858515066,10
"Choice set 100 (freq.)",76000,62.7777777777778,369,0.843748374536842,9
"Choice set 100 (freq.)",76500,59.1111111111111,399.333333333333,0.843331536386862,9
"Choice set 100 (freq.)",77000,55.3333333333333,420.888888888889,0.864184574404536,9
"Choice set 100 (freq.)",77500,57,371.75,0.854872206585497,8
"Choice set 100 (freq.)",78000,61,303.857142857143,0.835797275202528,7
"Choice set 100 (freq.)",78500,55.2857142857143,327.428571428571,0.821786344234995,7
"Choice set 100 (freq.)",79000,58,251,0.774179610131988,6
"Choice set 100 (freq.)",79500,50.3333333333333,288.5,0.76349591479176,6
"Choice set 100 (freq.)",80000,43.6666666666667,347,0.711798982168921,6
"Choice set 100 (freq.)",80500,38.8333333333333,408.666666666667,0.693154928737942,6
"Choice set 100 (freq.)",81000,34.6666666666667,467.833333333333,0.698393893818578,6
"Choice set 100 (freq.)",81500,30.8333333333333,528.333333333333,0.712056783087604,6
"Choice set 100 (freq.)",82000,27,599.333333333333,0.699444904796842,6
"Choice set 100 (freq.)",82500,23.8333333333333,656.833333333333,0.735973670533554,6
"Choice set 100 (freq.)",83000,22.3333333333333,719,0.746366521561253,6
"Choice set 100 (freq.)",83500,23.8,723.8,0.755575900347547,5
"Choice set 100 (freq.)",84000,21.6,776.6,0.804535102486651,5
"Choice set 100 (uniform)",500,757.8,0,0.6726432599055,10
"Choice set 100 (uniform)",1000,622.7,0,0.76572932146371,10
"Choice set 100 (uniform)",1500,522.4,0,0.790077406368701,10
"Choice set 100 (uniform)",2000,445,0,0.7954149861827,10
"Choice set 100 (uniform)",2500,382.2,0.2,0.803870786616229,10
"Choice set 100 (uniform)",3000,326.9,0.5,0.80405099334652,10
"Choice set 100 (uniform)",3500,284.3,0.7,0.809964775548855,10
"Choice set 100 (uniform)",4000,246.6,0.8,0.816886597094716,10
"Choice set 100 (uniform)",4500,217.3,1,0.817979014339816,10
"Choice set 100 (uniform)",5000,187,1.6,0.816784327429758,10
"Choice set 100 (uniform)",5500,163.9,2.4,0.816904129430732,10
"Choice set 100 (uniform)",6000,143.3,3.7,0.821289220554015,10
"Choice set 100 (uniform)",6500,124.7,6.2,0.815764413973823,10
"Choice set 100 (uniform)",7000,108,10.7,0.79620527880615,10
"Choice set 100 (uniform)",7500,93.1,18.7,0.78183275281788,10
"Choice set 100 (uniform)",8000,80.4,29,0.770071194552051,10
"Choice set 100 (uniform)",8500,66.8,44.1,0.750445255759442,10
"Choice set 100 (uniform)",9000,52.8,62.5,0.723958293502503,10
"Choice set 100 (uniform)",9500,43.1,88.4,0.69290763282421,10
"Choice set 100 (uniform)",10000,34.3,126.2,0.658894328914556,10
"Choice set 100 (uniform)",10500,25.3,175.4,0.617092002243812,10
"Choice set 100 (uniform)",11000,18.6,243.7,0.573808785809967,10
"Choice set 100 (uniform)",11500,13.3,323.6,0.552418408398714,10
"Choice set 100 (uniform)",12000,8.4,421.8,0.519962495487841,10
"Choice set 100 (uniform)",12500,3.9,553.8,0.475003715154093,10
"Choice set 100 (uniform)",13000,1.7,708.3,0.458255189501268,10
"Choice set 100 (uniform)",13500,0.5,855.3,0.524096342447674,10
"Choice set 100 (uniform)",14000,0,951.6,0.724589235352737,10
"Choice set 100 (uniform)",14500,0,981.111111111111,0.913472573870288,9
"Choice set 100 (uniform)",15000,0,987.142857142857,0.980077883616809,7
"Goldilocks",500,753.6,0,0.582504958843929,10
"Goldilocks",1000,577.9,0,0.584081157863826,10
"Goldilocks",1500,441,0,0.584823877523492,10
"Goldilocks",2000,331.7,0,0.571873655460441,10
"Goldilocks",2500,244.8,0,0.56939171580903,10
"Goldilocks",3000,176.2,0,0.559186945809112,10
"Goldilocks",3500,129.5,0,0.552876791207765,10
"Goldilocks",4000,85.3,0.1,0.535008968885856,10
"Goldilocks",4500,53.1,2.8,0.510853020010178,10
"Goldilocks",5000,32.7,12.3,0.475894136259134,10
"Goldilocks",5500,18.7,46.6,0.446786118506417,10
"Goldilocks",6000,7.5,129.8,0.384153674679756,10
"Goldilocks",6500,1.7,318,0.283813085579269,10
"Goldilocks",7000,0.1,592.6,0.231033367257006,10
"Goldilocks",7500,0,838.9,0.369323677369168,10
"Goldilocks",8000,0,958.4,0.720438571428571,10
"Goldilocks",8500,0,984,0.945933333333333,10
"Unrestricted active",500,790.3,0,0.760180674920433,10
"Unrestricted active",1000,665.5,0,0.810800027842548,10
"Unrestricted active",1500,577,0,0.830167213448249,10
"Unrestricted active",2000,503.9,0,0.832316911348863,10
"Unrestricted active",2500,445.9,0.2,0.843457240852708,10
"Unrestricted active",3000,390.3,0.5,0.844167857447419,10
"Unrestricted active",3500,343.7,0.6,0.837561801738728,10
"Unrestricted active",4000,304.5,0.7,0.841809662444484,10
"Unrestricted active",4500,269.2,0.9,0.841139445623155,10
"Unrestricted active",5000,240.2,1.1,0.83954208136651,10
"Unrestricted active",5500,214.9,1.2,0.84193096588611,10
"Unrestricted active",6000,191.5,1.5,0.848947560065448,10
"Unrestricted active",6500,170.2,2.2,0.83875512589903,10
"Unrestricted active",7000,151.6,3.6,0.841078420105213,10
"Unrestricted active",7500,133.5,4.7,0.836730393248037,10
"Unrestricted active",8000,117.6,7.8,0.828864459138952,10
"Unrestricted active",8500,103.7,14.3,0.811375779804489,10
"Unrestricted active",9000,89.9,22.4,0.795517908469889,10
"Unrestricted active",9500,76.4,34.1,0.774760241484688,10
"Unrestricted active",10000,63.2,51.4,0.739351931891488,10
"Unrestricted active",10500,50.2,74.8,0.714091755965273,10
"Unrestricted active",11000,39.4,107,0.679576056130528,10
"Unrestricted active",11500,30.2,147.8,0.641551107135423,10
"Unrestricted active",12000,22.7,206.1,0.593239954558981,10
"Unrestricted active",12500,15.7,277.8,0.564862358714174,10
"Unrestricted active",13000,9.4,373.2,0.517377099116303,10
"Unrestricted active",13500,5.2,490.2,0.49202427126424,10
"Unrestricted active",14000,3,633.1,0.447161172396957,10
"Unrestricted active",14500,1.1,781.8,0.499151139712976,10
"Unrestricted active",15000,0.3,898.7,0.645272731750195,10
"Unrestricted active",15500,0.2,962.3,0.822594119558349,10
"Unrestricted active",16000,0,980,0.914105574734586,6
