"a","C","context","active","n","n_censored","reached10","reached50","mean50","mean90","mean99","se99"
0,10,"Random","Active",30,0,30,30,13178.1666666667,18866.1666666667,19966.2666666667,1.81179617065074
0,10,"Random","Passive",30,0,30,30,16849.8666666667,39037.9,66549.4333333333,194.156156392565
0,100,"Random","Active",30,0,30,30,18242.8666666667,25024.9333333333,26261.3333333333,8.96895454297042
0,100,"Random","Passive",30,0,30,30,22971.1666666667,49197.3666666667,80047.8333333333,214.590623802054
1,10,"Familiar","Active",30,0,30,30,18380.8,25846.1,27135.9666666667,19.3969119081075
1,10,"Familiar","Passive",30,0,30,30,95117.9,283897,534835,2045.2343108326
1,10,"Random","Active",30,0,30,30,21422.2666666667,32143.9,34391.9,34.8656979931813
1,10,"Random","Passive",30,0,30,30,114012.5,391690.333333333,830514.9,3560.99716963997
1,100,"Familiar","Active",30,0,30,30,102627.033333333,112014.733333333,113584.133333333,169.561169468634
1,100,"Familiar","Passive",30,0,30,30,280582.966666667,522529.566666667,866781.266666667,6084.83562692891
1,100,"Random","Active",10,10,0,0,NA,NA,NA,NA
1,100,"Random","Passive",10,10,0,0,NA,NA,NA,NA
