scene,rater1,rater2,rater3,rater4,rater5,mean,variance,,,,,
amusement_arcade             ,5,5,5,5,5,5,0,,,,,
amusement_park               ,5,5,5,5,5,5,0,,,,,
aquarium                     ,5,5,5,5,5,5,0,,,,,
aquatic_theater              ,5,5,5,5,5,5,0,,,,,
ball_pit                     ,5,5,5,5,5,5,0,,,,,
candy_store                  ,5,5,5,5,5,5,0,,,,,
carrousel                    ,5,5,5,5,5,5,0,,,,,
childs_room                  ,5,5,5,5,5,5,0,,,,,
circus_tent/indoor           ,5,5,5,5,5,5,0,,,,,
circus_tent/outdoor          ,5,5,5,5,5,5,0,,,,,
classroom                    ,5,5,5,5,5,5,0,,,,,
day_care_center              ,5,5,5,5,5,5,0,,,,,
kindergarden_classroom       ,5,5,5,5,5,5,0,,,,,
moon_bounce                  ,5,5,5,5,5,5,0,,,,,
playground                   ,5,5,5,5,5,5,0,,,,,
playroom                     ,5,5,5,5,5,5,0,,,,,
toyshop                      ,5,5,5,5,5,5,0,,,,,
tree_house                   ,5,5,5,5,5,5,0,,,,,
water_park                   ,5,5,5,5,5,5,0,,,,,
zoo                          ,5,5,5,5,5,5,0,,,,,
airport_terminal             ,5,5,4,5,5,4.8,0.2,,,,,
ice_cream_parlor             ,5,5,4,5,5,4.8,0.2,,,,,
ice_skating_rink/indoor      ,5,5,4,5,5,4.8,0.2,,,,,
ice_skating_rink/outdoor     ,5,5,4,5,5,4.8,0.2,,,,,
natural_history_museum       ,5,5,4,5,5,4.8,0.2,,,,,
roller_skating_rink/indoor   ,5,5,4,5,5,4.8,0.2,,,,,
roller_skating_rink/outdoor  ,5,5,4,5,5,4.8,0.2,,,,,
botanical_garden             ,5,5,4,4,5,4.6,0.3,,,,,
gymnasium/indoor             ,5,5,4,4,5,4.6,0.3,,,,,
gymnasium_outdoor            ,5,5,4,4,5,4.6,0.3,,,,,
nursery                      ,5,5,4,4,5,4.6,0.3,,,,,
planetarium/indoor           ,5,5,4,4,5,4.6,0.3,,,,,
planetarium/outdoor          ,5,5,4,4,5,4.6,0.3,,,,,
maternity_ward               ,5,5,3,5,5,4.6,0.8,,,,,
park                         ,5,5,3,5,5,4.6,0.8,,,,,
schoolhouse                  ,5,5,5,5,3,4.6,0.8,,,,,
bunk_bed                     ,4,5,4,4,5,4.4,0.3,,,,,
arcade                       ,5,4,4,5,4,4.4,0.3,,,,,
athletic_field/indoor        ,5,4,4,5,4,4.4,0.3,,,,,
athletic_field/outdoor       ,5,4,4,5,4,4.4,0.3,,,,,
bowling_alley                ,5,4,4,5,4,4.4,0.3,,,,,
breakfast_table              ,5,4,4,5,4,4.4,0.3,,,,,
car_interior/backseat        ,5,4,4,5,4,4.4,0.3,,,,,
fastfood_restaurant          ,5,4,4,5,4,4.4,0.3,,,,,
mini_golf_course/indoor      ,5,4,4,5,4,4.4,0.3,,,,,
mini_golf_course/outdoor     ,5,4,4,5,4,4.4,0.3,,,,,
residential_neighborhood     ,5,4,4,5,4,4.4,0.3,,,,,
city                         ,4,5,3,5,5,4.4,0.8,,,,,
picnic_area                  ,5,5,3,4,5,4.4,0.8,,,,,
campsite                     ,5,5,4,3,5,4.4,0.8,,,,,
sandbox                      ,5,5,5,5,2,4.4,1.8,,,,,
schoolyard                   ,5,5,5,5,2,4.4,1.8,,,,,
apartment_building/outdoor   ,5,4,4,4,4,4.2,0.2,,,,,
arena/basketball             ,5,4,4,4,4,4.2,0.2,,,,,
arena/soccer                 ,5,4,4,4,4,4.2,0.2,,,,,
baseball_field               ,5,4,4,4,4,4.2,0.2,,,,,
basketball_court/indoor      ,5,4,4,4,4,4.2,0.2,,,,,
basketball_court/outdoor     ,5,4,4,4,4,4.2,0.2,,,,,
stadium/outdoor              ,5,4,4,4,4,4.2,0.2,,,,,
stadium/soccer               ,5,4,4,4,4,4.2,0.2,,,,,
yard                         ,5,4,4,4,4,4.2,0.2,,,,,
beach_house                  ,5,4,3,5,4,4.2,0.7,,,,,
science_museum               ,5,5,4,4,3,4.2,0.7,,,,,
shopping_mall/indoor         ,5,4,3,5,4,4.2,0.7,,,,,
shopping_mall/outdoor        ,5,4,3,5,4,4.2,0.7,,,,,
airport/airport              ,5,5,4,5,2,4.2,1.7,,,,,
airport/entrance             ,5,5,4,5,2,4.2,1.7,,,,,
beach                        ,5,5,4,5,2,4.2,1.7,,,,,
lab_classroom                ,2,5,4,5,5,4.2,1.7,,,,,
arena/football               ,5,4,4,3,4,4,0.5,,,,,
arena/performance            ,5,4,4,3,4,4,0.5,,,,,
buffet                       ,5,4,3,4,4,4,0.5,,,,,
football_field               ,5,4,4,3,4,4,0.5,,,,,
martial_arts_gym             ,5,4,3,4,4,4,0.5,,,,,
museum/indoor                ,5,4,4,3,4,4,0.5,,,,,
museum/outdoor               ,5,4,4,3,4,4,0.5,,,,,
pet_shop                     ,4,4,3,5,4,4,0.5,,,,,
pizzeria                     ,5,4,4,3,4,4,0.5,,,,,
pizzeria_outdoor             ,5,4,4,3,4,4,0.5,,,,,
resort                       ,5,4,4,3,4,4,0.5,,,,,
restaurant                   ,5,4,3,4,4,4,0.5,,,,,
village                      ,5,4,3,4,4,4,0.5,,,,,
bath_indoor                  ,5,3,3,5,4,4,1,,,,,
boardwalk                    ,4,5,3,5,3,4,1,,,,,
cafeteria                    ,5,3,4,5,3,4,1,,,,,
movie_theater/indoor         ,5,3,4,5,3,4,1,,,,,
movie_theater/outdoor        ,5,3,4,5,3,4,1,,,,,
shower                       ,5,3,3,5,4,4,1,,,,,
arena/hockey                 ,4,4,4,3,4,3.8,0.2,,,,,
atrium/home                  ,4,4,3,4,4,3.8,0.2,,,,,
atrium/public                ,4,4,3,4,4,3.8,0.2,,,,,
coast                        ,4,4,3,4,4,3.8,0.2,,,,,
fountain                     ,4,4,4,3,4,3.8,0.2,,,,,
swimming_pool/indoor         ,4,4,4,3,4,3.8,0.2,,,,,
swimming_pool/outdoor        ,4,4,4,3,4,3.8,0.2,,,,,
theater/indoor_procenium     ,4,4,4,3,4,3.8,0.2,,,,,
theater/indoor_round         ,4,4,4,3,4,3.8,0.2,,,,,
theater/indoor_seats         ,4,4,4,3,4,3.8,0.2,,,,,
theater/outdoor              ,4,4,4,3,4,3.8,0.2,,,,,
volleyball_court/indoor      ,4,4,4,3,4,3.8,0.2,,,,,
volleyball_court/outdoor     ,4,4,4,3,4,3.8,0.2,,,,,
airport_ticket_counter       ,4,4,3,3,5,3.8,0.7,,,,,
bath_outdoor                 ,4,3,3,5,4,3.8,0.7,,,,,
bedroom                      ,5,3,3,4,4,3.8,0.7,,,,,
bookstore                    ,5,4,3,3,4,3.8,0.7,,,,,
bus_interior                 ,5,4,3,3,4,3.8,0.7,,,,,
food_court                   ,5,3,4,4,3,3.8,0.7,,,,,
hedge_maze                   ,5,4,3,3,4,3.8,0.7,,,,,
lavatory                     ,5,4,3,3,4,3.8,0.7,,,,,
library/indoor               ,5,4,3,3,4,3.8,0.7,,,,,
library/outdoor              ,5,4,3,3,4,3.8,0.7,,,,,
loo                          ,5,4,3,3,4,3.8,0.7,,,,,
market/indoor                ,5,4,3,3,4,3.8,0.7,,,,,
market/outdoor               ,5,4,3,3,4,3.8,0.7,,,,,
rest_area                    ,5,4,3,3,4,3.8,0.7,,,,,
rest_stop                    ,5,4,3,3,4,3.8,0.7,,,,,
restaurant_patio             ,5,4,3,3,4,3.8,0.7,,,,,
television_room              ,5,3,4,4,3,3.8,0.7,,,,,
train_interior               ,5,4,3,3,4,3.8,0.7,,,,,
underwater/pool              ,4,3,4,5,3,3.8,0.7,,,,,
water_fountain               ,4,3,4,5,3,3.8,0.7,,,,,
house                        ,5,3,3,5,3,3.8,1.2,,,,,
living_room                  ,5,3,3,5,3,3.8,1.2,,,,,
shower_room                  ,5,3,3,5,3,3.8,1.2,,,,,
stadium/baseball             ,5,4,4,4,2,3.8,1.2,,,,,
stadium/football             ,5,4,4,4,2,3.8,1.2,,,,,
student_center               ,5,3,3,5,3,3.8,1.2,,,,,
airplane_cabin               ,5,3,2,5,4,3.8,1.7,,,,,
bleachers/indoor             ,5,3,4,5,2,3.8,1.7,,,,,
bleachers/outdoor            ,5,3,4,5,2,3.8,1.7,,,,,
amphitheater                 ,4,4,3,3,4,3.6,0.3,,,,,
amphitheater_indoor          ,4,4,3,3,4,3.6,0.3,,,,,
arch                         ,3,4,3,4,4,3.6,0.3,,,,,
dinette/home                 ,3,4,3,4,4,3.6,0.3,,,,,
farm                         ,4,4,3,3,4,3.6,0.3,,,,,
general_store/indoor         ,4,4,3,3,4,3.6,0.3,,,,,
general_store/outdoor        ,4,4,3,3,4,3.6,0.3,,,,,
gift_shop                    ,3,4,4,3,4,3.6,0.3,,,,,
handball_court               ,4,3,4,4,3,3.6,0.3,,,,,
laundromat                   ,4,4,3,3,4,3.6,0.3,,,,,
ranch                        ,4,4,3,3,4,3.6,0.3,,,,,
ranch_house                  ,4,4,3,3,4,3.6,0.3,,,,,
sporting_goods_store         ,4,3,4,4,3,3.6,0.3,,,,,
store                        ,4,4,3,3,4,3.6,0.3,,,,,
art_school                   ,5,3,3,4,3,3.6,0.8,,,,,
assembly_hall                ,4,3,3,5,3,3.6,0.8,,,,,
auditorium                   ,5,3,3,4,3,3.6,0.8,,,,,
back_porch                   ,5,3,3,4,3,3.6,0.8,,,,,
ballet                       ,4,3,3,3,5,3.6,0.8,,,,,
barbeque                     ,4,4,4,4,2,3.6,0.8,,,,,
bedchamber                   ,5,3,3,3,4,3.6,0.8,,,,,
boat_deck                    ,5,4,3,3,3,3.6,0.8,,,,,
brooklet                     ,5,3,4,3,3,3.6,0.8,,,,,
dance_school                 ,5,3,3,4,3,3.6,0.8,,,,,
ferryboat/passenger_deck     ,5,3,3,4,3,3.6,0.8,,,,,
hammock                      ,5,3,4,3,3,3.6,0.8,,,,,
home_theater                 ,5,3,4,3,3,3.6,0.8,,,,,
hotel/outdoor                ,5,3,3,4,3,3.6,0.8,,,,,
hotel_breakfast_area         ,5,3,3,4,3,3.6,0.8,,,,,
lawn                         ,5,3,3,4,3,3.6,0.8,,,,,
oceanfront                   ,5,3,3,4,3,3.6,0.8,,,,,
recreation_room              ,5,3,4,3,3,3.6,0.8,,,,,
restroom/indoor              ,5,3,3,4,3,3.6,0.8,,,,,
restroom/outdoor             ,5,3,3,4,3,3.6,0.8,,,,,
tennis_court/indoor          ,4,4,4,2,4,3.6,0.8,,,,,
tennis_court/outdoor         ,4,4,4,2,4,3.6,0.8,,,,,
tent/indoor                  ,5,3,4,3,3,3.6,0.8,,,,,
tent/outdoor                 ,5,3,4,3,3,3.6,0.8,,,,,
art_gallery                  ,5,4,2,3,4,3.6,1.3,,,,,
badminton_court/indoor       ,5,4,3,2,4,3.6,1.3,,,,,
kitchen                      ,5,4,3,2,4,3.6,1.3,,,,,
kitchenette                  ,5,4,3,2,4,3.6,1.3,,,,,
trailer_park                 ,5,4,3,2,4,3.6,1.3,,,,,
bathroom                     ,5,3,3,5,2,3.6,1.8,,,,,
game_room                    ,5,2,5,4,2,3.6,2.3,,,,,
labyrinth/indoor             ,4,5,3,1,5,3.6,2.8,,,,,
labyrinth/outdoor            ,4,5,3,1,5,3.6,2.8,,,,,
bay                          ,4,3,3,4,3,3.4,0.3,,,,,
bridge                       ,3,4,3,3,4,3.4,0.3,,,,,
clothing_store               ,4,3,3,4,3,3.4,0.3,,,,,
dentists_office              ,4,3,3,4,3,3.4,0.3,,,,,
department_store             ,4,3,3,4,3,3.4,0.3,,,,,
diner/indoor                 ,3,4,3,3,4,3.4,0.3,,,,,
diner/outdoor                ,3,4,3,3,4,3.4,0.3,,,,,
downtown                     ,3,4,3,3,4,3.4,0.3,,,,,
kraal                        ,3,4,3,3,4,3.4,0.3,,,,,
parade_ground                ,4,3,3,4,3,3.4,0.3,,,,,
pedestrian_overpass/indoor   ,4,3,3,4,3,3.4,0.3,,,,,
pedestrian_overpass/outdoor  ,4,3,3,4,3,3.4,0.3,,,,,
pier                         ,4,3,3,4,3,3.4,0.3,,,,,
roof_garden                  ,3,4,3,3,4,3.4,0.3,,,,,
safari_park                  ,3,4,3,3,4,3.4,0.3,,,,,
salad_bar                    ,4,3,3,4,3,3.4,0.3,,,,,
shopfront                    ,4,3,3,3,4,3.4,0.3,,,,,
subway_interior              ,3,4,3,3,4,3.4,0.3,,,,,
subway_station/platform      ,3,4,3,3,4,3.4,0.3,,,,,
supermarket                  ,4,3,3,4,3,3.4,0.3,,,,,
balcony/interior             ,3,3,3,3,5,3.4,0.8,,,,,
boathouse                    ,4,4,3,2,4,3.4,0.8,,,,,
bus_shelter                  ,4,4,3,2,4,3.4,0.8,,,,,
bus_station/indoor           ,4,4,3,2,4,3.4,0.8,,,,,
bus_station/outdoor          ,4,4,3,2,4,3.4,0.8,,,,,
castle                       ,4,4,2,3,4,3.4,0.8,,,,,
cathedral/indoor             ,4,4,2,3,4,3.4,0.8,,,,,
cathedral/outdoor            ,4,4,2,3,4,3.4,0.8,,,,,
dinette/vehicle              ,2,4,3,4,4,3.4,0.8,,,,,
flea_market/indoor           ,4,4,3,2,4,3.4,0.8,,,,,
flea_market/outdoor          ,4,4,3,2,4,3.4,0.8,,,,,
igloo                        ,4,4,3,2,4,3.4,0.8,,,,,
kiosk/indoor                 ,4,4,3,2,4,3.4,0.8,,,,,
kiosk/outdoor                ,4,4,3,2,4,3.4,0.8,,,,,
lido_deck/indoor             ,3,3,3,5,3,3.4,0.8,,,,,
lido_deck/outdoor            ,3,3,3,5,3,3.4,0.8,,,,,
lyceum                       ,3,3,3,5,3,3.4,0.8,,,,,
promenade                    ,4,4,3,2,4,3.4,0.8,,,,,
promenade_deck               ,4,4,3,2,4,3.4,0.8,,,,,
skywalk/indoor               ,3,3,3,3,5,3.4,0.8,,,,,
skywalk/outdoor              ,3,3,3,3,5,3.4,0.8,,,,,
cottage                      ,5,3,3,3,3,3.4,0.8,,,,,
cottage_garden               ,5,3,3,3,3,3.4,0.8,,,,,
hallway                      ,5,3,3,3,3,3.4,0.8,,,,,
hotel_room                   ,5,3,3,3,3,3.4,0.8,,,,,
lake/natural                 ,5,3,3,3,3,3.4,0.8,,,,,
patio                        ,5,3,3,3,3,3.4,0.8,,,,,
patio_indoor                 ,5,3,3,3,3,3.4,0.8,,,,,
plaza                        ,5,3,3,3,3,3.4,0.8,,,,,
porch                        ,5,3,3,3,3,3.4,0.8,,,,,
reading_room                 ,5,3,3,3,3,3.4,0.8,,,,,
reception                    ,5,3,3,3,3,3.4,0.8,,,,,
reception_room               ,5,3,3,3,3,3.4,0.8,,,,,
sun_deck                     ,5,3,3,3,3,3.4,0.8,,,,,
train_station/outdoor        ,5,3,3,3,3,3.4,0.8,,,,,
train_station/platform       ,5,3,3,3,3,3.4,0.8,,,,,
waiting_room                 ,5,3,3,3,3,3.4,0.8,,,,,
washroom                     ,5,3,3,3,3,3.4,0.8,,,,,
barbershop                   ,4,2,3,3,5,3.4,1.3,,,,,
barn                         ,4,2,3,3,5,3.4,1.3,,,,,
bakery/shop                  ,5,4,3,3,2,3.4,1.3,,,,,
seaside                      ,5,4,3,3,2,3.4,1.3,,,,,
shore                        ,5,3,3,4,2,3.4,1.3,,,,,
van_interior                 ,5,3,2,4,3,3.4,1.3,,,,,
campus                       ,4,2,4,5,2,3.4,1.8,,,,,
videostore                   ,4,2,4,5,2,3.4,1.8,,,,,
alcove                       ,3,4,3,3,3,3.2,0.2,,,,,
bridle_path                  ,4,3,3,3,3,3.2,0.2,,,,,
building_complex             ,4,3,3,3,3,3.2,0.2,,,,,
chair_lift                   ,4,3,3,3,3,3.2,0.2,,,,,
chalet                       ,4,3,3,3,3,3.2,0.2,,,,,
corn_field                   ,4,3,3,3,3,3.2,0.2,,,,,
country_house                ,4,3,3,3,3,3.2,0.2,,,,,
dining_car                   ,4,3,3,3,3,3.2,0.2,,,,,
dining_hall                  ,4,3,3,3,3,3.2,0.2,,,,,
dining_room                  ,4,3,3,3,3,3.2,0.2,,,,,
dressing_room                ,4,3,3,3,3,3.2,0.2,,,,,
driveway                     ,4,3,3,3,3,3.2,0.2,,,,,
drugstore                    ,4,3,3,3,3,3.2,0.2,,,,,
elevator/interior            ,4,3,3,3,3,3.2,0.2,,,,,
elevator_lobby               ,4,3,3,3,3,3.2,0.2,,,,,
entrance_hall                ,4,3,3,3,3,3.2,0.2,,,,,
entranceway_indoor           ,4,3,3,3,3,3.2,0.2,,,,,
entranceway_outdoor          ,4,3,3,3,3,3.2,0.2,,,,,
entryway_outdoor             ,4,3,3,3,3,3.2,0.2,,,,,
farm_building                ,4,3,3,3,3,3.2,0.2,,,,,
farmhouse                    ,4,3,3,3,3,3.2,0.2,,,,,
flight_of_stairs/urban       ,4,3,3,3,3,3.2,0.2,,,,,
florist_shop/indoor          ,4,3,3,3,3,3.2,0.2,,,,,
florist_shop/outdoor         ,4,3,3,3,3,3.2,0.2,,,,,
flowerbed                    ,4,3,3,3,3,3.2,0.2,,,,,
foothill                     ,4,3,3,3,3,3.2,0.2,,,,,
greengrocery                 ,4,3,3,3,3,3.2,0.2,,,,,
heath                        ,4,3,3,3,3,3.2,0.2,,,,,
hedgerow                     ,4,3,3,3,3,3.2,0.2,,,,,
housing_estate               ,4,3,3,3,3,3.2,0.2,,,,,
housing_project              ,4,3,3,3,3,3.2,0.2,,,,,
japanese_garden              ,4,3,3,3,3,3.2,0.2,,,,,
mesa                         ,4,3,3,3,3,3.2,0.2,,,,,
mobile_home                  ,4,3,3,3,3,3.2,0.2,,,,,
newsstand/outdoor            ,4,3,3,3,3,3.2,0.2,,,,,
orchard                      ,4,3,3,3,3,3.2,0.2,,,,,
piano_store                  ,4,3,3,3,3,3.2,0.2,,,,,
pueblo                       ,4,3,3,3,3,3.2,0.2,,,,,
riding_arena                 ,4,3,3,3,3,3.2,0.2,,,,,
stage/indoor                 ,4,3,3,3,3,3.2,0.2,,,,,
stage/outdoor                ,4,3,3,3,3,3.2,0.2,,,,,
staircase                    ,4,3,3,3,3,3.2,0.2,,,,,
teashop                      ,4,3,3,3,3,3.2,0.2,,,,,
ticket_window/indoor         ,4,3,3,3,3,3.2,0.2,,,,,
ticket_window/outdoor        ,4,3,3,3,3,3.2,0.2,,,,,
town_house                   ,4,3,3,3,3,3.2,0.2,,,,,
window_seat                  ,4,3,3,3,3,3.2,0.2,,,,,
dining_area                  ,3,3,3,4,3,3.2,0.2,,,,,
doorway/indoor               ,3,3,3,4,3,3.2,0.2,,,,,
doorway/outdoor              ,3,3,3,4,3,3.2,0.2,,,,,
escalator/indoor             ,3,3,3,4,3,3.2,0.2,,,,,
escalator/outdoor            ,3,3,3,4,3,3.2,0.2,,,,,
fishpond                     ,3,3,4,3,3,3.2,0.2,,,,,
strip_mall                   ,3,3,3,4,3,3.2,0.2,,,,,
acropolis                    ,3,4,2,3,4,3.2,0.7,,,,,
arena/rodeo                  ,2,4,3,3,4,3.2,0.7,,,,,
awning_deck                  ,4,3,2,4,3,3.2,0.7,,,,,
basement                     ,4,3,3,4,2,3.2,0.7,,,,,
batting_cage/outdoor         ,3,2,3,4,4,3.2,0.7,,,,,
bazaar/indoor                ,4,4,3,2,3,3.2,0.7,,,,,
hardware_store               ,3,4,3,2,4,3.2,0.7,,,,,
mountain_snowy               ,3,4,3,2,4,3.2,0.7,,,,,
sidewalk                     ,4,3,3,4,2,3.2,0.7,,,,,
snowbank                     ,3,2,3,4,4,3.2,0.7,,,,,
subway_station/corridor      ,3,4,3,2,4,3.2,0.7,,,,,
track/indoor                 ,3,4,3,2,4,3.2,0.7,,,,,
track/outdoor                ,3,4,3,2,4,3.2,0.7,,,,,
arbor                        ,5,3,2,3,3,3.2,1.2,,,,,
cabin/indoor                 ,5,3,3,2,3,3.2,1.2,,,,,
cabin/outdoor                ,5,3,3,2,3,3.2,1.2,,,,,
convenience_store/indoor     ,4,4,2,2,4,3.2,1.2,,,,,
convenience_store/outdoor    ,4,4,2,2,4,3.2,1.2,,,,,
inn/indoor                   ,5,3,3,2,3,3.2,1.2,,,,,
inn/outdoor                  ,5,3,3,2,3,3.2,1.2,,,,,
lake/artificial              ,5,3,3,2,3,3.2,1.2,,,,,
manufactured_home            ,5,2,3,3,3,3.2,1.2,,,,,
meadow                       ,5,3,3,2,3,3.2,1.2,,,,,
pavilion                     ,5,3,3,2,3,3.2,1.2,,,,,
t-bar_lift                   ,4,4,2,2,4,3.2,1.2,,,,,
badminton_court/outdoor      ,5,4,3,2,2,3.2,1.7,,,,,
youth_hostel                 ,3,4,4,1,4,3.2,1.7,,,,,
baggage_claim                ,5,4,3,3,1,3.2,2.2,,,,,
crawl_space                  ,2,5,2,2,5,3.2,2.7,,,,,
party_tent/indoor            ,5,4,2,1,4,3.2,2.7,,,,,
party_tent/outdoor           ,5,4,2,1,4,3.2,2.7,,,,,
bubble_chamber               ,2,5,3,1,5,3.2,3.2,,,,,
archipelago                  ,3,3,3,3,3,3,0,,,,,
balcony/exterior             ,3,3,3,3,3,3,0,,,,,
building_facade              ,3,3,3,3,3,3,0,,,,,
computer_room                ,3,3,3,3,3,3,0,,,,,
corridor                     ,3,3,3,3,3,3,0,,,,,
country_road                 ,3,3,3,3,3,3,0,,,,,
elevator/door                ,3,3,3,3,3,3,0,,,,,
elevator/exterior            ,3,3,3,3,3,3,0,,,,,
exhibition_hall              ,3,3,3,3,3,3,0,,,,,
ferryboat/indoor             ,3,3,3,3,3,3,0,,,,,
fishmarket                   ,3,3,3,3,3,3,0,,,,,
front_porch                  ,3,3,3,3,3,3,0,,,,,
garage/indoor                ,3,3,3,3,3,3,0,,,,,
garage/outdoor               ,3,3,3,3,3,3,0,,,,,
garden                       ,3,3,3,3,3,3,0,,,,,
gate                         ,3,3,3,3,3,3,0,,,,,
loft                         ,3,3,3,3,3,3,0,,,,,
mosque/indoor                ,3,3,3,3,3,3,0,,,,,
mosque/outdoor               ,3,3,3,3,3,3,0,,,,,
pavement                     ,3,3,3,3,3,3,0,,,,,
pawnshop                     ,3,3,3,3,3,3,0,,,,,
pawnshop_outdoor             ,3,3,3,3,3,3,0,,,,,
pharmacy                     ,3,3,3,3,3,3,0,,,,,
podium/indoor                ,3,3,3,3,3,3,0,,,,,
podium/outdoor               ,3,3,3,3,3,3,0,,,,,
pontoon_bridge               ,3,3,3,3,3,3,0,,,,,
raft                         ,3,3,3,3,3,3,0,,,,,
sandbar                      ,3,3,3,3,3,3,0,,,,,
stage_set                    ,3,3,3,3,3,3,0,,,,,
synagogue/indoor             ,3,3,3,3,3,3,0,,,,,
synagogue/outdoor            ,3,3,3,3,3,3,0,,,,,
train_station/station        ,3,3,3,3,3,3,0,,,,,
veterinarians_office         ,3,3,3,3,3,3,0,,,,,
attic                        ,4,3,2,3,3,3,0.5,,,,,
back_entrance                ,3,3,2,4,3,3,0.5,,,,,
balustrade                   ,3,3,2,3,4,3,0.5,,,,,
barnyard                     ,4,2,3,3,3,3,0.5,,,,,
basilica                     ,4,3,3,2,3,3,0.5,,,,,
batting_cage/indoor          ,3,2,3,4,3,3,0.5,,,,,
booth/indoor                 ,4,3,2,3,3,3,0.5,,,,,
booth_outdoor                ,4,3,2,3,3,3,0.5,,,,,
box_seat                     ,4,3,3,2,3,3,0.5,,,,,
cabin_cruiser                ,4,3,3,2,3,3,0.5,,,,,
canteen                      ,4,3,3,2,3,3,0.5,,,,,
checkout_counter             ,4,3,2,3,3,3,0.5,,,,,
closet                       ,4,3,2,3,3,3,0.5,,,,,
courtyard                    ,4,3,3,2,3,3,0.5,,,,,
departure_lounge             ,4,3,3,2,3,3,0.5,,,,,
dorm_room                    ,4,3,3,2,3,3,0.5,,,,,
fitting_room/exterior        ,3,3,2,4,3,3,0.5,,,,,
fitting_room/interior        ,3,3,2,4,3,3,0.5,,,,,
flight_of_stairs/natural     ,4,3,3,2,3,3,0.5,,,,,
gas_station                  ,4,3,2,3,3,3,0.5,,,,,
guesthouse                   ,4,3,3,2,3,3,0.5,,,,,
hospital                     ,4,3,2,3,3,3,0.5,,,,,
natural_spring               ,4,3,3,2,3,3,0.5,,,,,
newsstand/indoor             ,4,3,3,2,3,3,0.5,,,,,
palace                       ,4,3,3,2,3,3,0.5,,,,,
palace_hall                  ,4,3,3,2,3,3,0.5,,,,,
river                        ,4,3,3,2,3,3,0.5,,,,,
ski_lodge                    ,3,4,3,2,3,3,0.5,,,,,
ski_resort                   ,3,4,3,2,3,3,0.5,,,,,
ski_slope                    ,3,4,3,3,2,3,0.5,,,,,
snack_bar                    ,3,3,3,4,2,3,0.5,,,,,
terrace_farm                 ,4,3,3,2,3,3,0.5,,,,,
thriftshop                   ,4,3,2,3,3,3,0.5,,,,,
upper_balcony                ,2,3,3,4,3,3,0.5,,,,,
alley                        ,2,4,3,2,4,3,1,,,,,
bamboo_forest                ,4,2,2,3,4,3,1,,,,,
baptistry/outdoor            ,4,2,2,3,4,3,1,,,,,
bazaar/outdoor               ,4,4,3,2,2,3,1,,,,,
beauty_salon                 ,4,2,3,2,4,3,1,,,,,
church/indoor                ,4,2,3,4,2,3,1,,,,,
church/outdoor               ,4,2,3,4,2,3,1,,,,,
galley                       ,3,4,2,2,4,3,1,,,,,
lecture_room                 ,4,2,4,3,2,3,1,,,,,
music_store                  ,4,2,3,4,2,3,1,,,,,
pantry                       ,4,2,3,4,2,3,1,,,,,
rock_garden                  ,2,4,3,2,4,3,1,,,,,
shoe_shop                    ,4,2,3,2,4,3,1,,,,,
swimming_hole                ,4,2,4,3,2,3,1,,,,,
cabana                       ,5,3,2,2,3,3,1.5,,,,,
delicatessen                 ,5,2,3,3,2,3,1.5,,,,,
gazebo/exterior              ,5,2,3,3,2,3,1.5,,,,,
gazebo/interior              ,5,2,3,3,2,3,1.5,,,,,
lobby                        ,5,2,3,3,2,3,1.5,,,,,
ocean                        ,5,2,3,3,2,3,1.5,,,,,
study_hall                   ,5,2,3,3,2,3,1.5,,,,,
vegetable_garden             ,5,2,3,3,2,3,1.5,,,,,
walkway                      ,5,2,3,3,2,3,1.5,,,,,
woodland                     ,5,2,2,3,3,3,1.5,,,,,
washhouse/indoor             ,5,3,3,1,3,3,2,,,,,
washhouse/outdoor            ,5,3,3,1,3,3,2,,,,,
barndoor                     ,3,2,3,3,3,2.8,0.2,,,,,
coast_road                   ,2,3,3,3,3,2.8,0.2,,,,,
road                         ,2,3,3,3,3,2.8,0.2,,,,,
rope_bridge                  ,2,3,3,3,3,2.8,0.2,,,,,
street                       ,2,3,3,3,3,2.8,0.2,,,,,
sunroom                      ,2,3,3,3,3,2.8,0.2,,,,,
arrival_gate/indoor          ,3,3,3,2,3,2.8,0.2,,,,,
arrival_gate/outdoor         ,3,3,3,2,3,2.8,0.2,,,,,
backstairs                   ,3,3,2,3,3,2.8,0.2,,,,,
backstairs_indoor            ,3,3,2,3,3,2.8,0.2,,,,,
bayou                        ,3,3,3,2,3,2.8,0.2,,,,,
bog                          ,3,3,3,2,3,2.8,0.2,,,,,
bus_depot/indoor             ,3,3,3,2,3,2.8,0.2,,,,,
bus_depot/outdoor            ,3,3,3,2,3,2.8,0.2,,,,,
canyon                       ,3,3,2,3,3,2.8,0.2,,,,,
cellar                       ,3,3,2,3,3,2.8,0.2,,,,,
corner                       ,3,3,2,3,3,2.8,0.2,,,,,
corral                       ,3,3,2,3,3,2.8,0.2,,,,,
dacha                        ,3,3,2,3,3,2.8,0.2,,,,,
deck-house_boat_deck_house   ,3,3,3,2,3,2.8,0.2,,,,,
deck-house_deck_house        ,3,3,3,2,3,2.8,0.2,,,,,
embassy                      ,3,3,2,3,3,2.8,0.2,,,,,
fairway                      ,3,3,2,3,3,2.8,0.2,,,,,
great_hall                   ,3,3,3,2,3,2.8,0.2,,,,,
hacienda                     ,3,3,3,2,3,2.8,0.2,,,,,
harbor                       ,3,3,3,2,3,2.8,0.2,,,,,
jetty                        ,3,3,3,2,3,2.8,0.2,,,,,
joss_house                   ,3,3,3,2,3,2.8,0.2,,,,,
lagoon                       ,3,3,3,2,3,2.8,0.2,,,,,
lighthouse                   ,3,3,3,2,3,2.8,0.2,,,,,
marsh                        ,3,3,3,2,3,2.8,0.2,,,,,
piste_road                   ,3,3,3,2,3,2.8,0.2,,,,,
quonset_hut/indoor           ,3,3,3,2,3,2.8,0.2,,,,,
quonset_hut/outdoor          ,3,3,3,2,3,2.8,0.2,,,,,
roundhouse                   ,3,3,3,2,3,2.8,0.2,,,,,
shed                         ,3,3,3,3,2,2.8,0.2,,,,,
stable                       ,3,3,3,3,2,2.8,0.2,,,,,
television_studio            ,3,3,3,2,3,2.8,0.2,,,,,
temple/east_asia             ,3,3,3,2,3,2.8,0.2,,,,,
temple/south_asia            ,3,3,3,2,3,2.8,0.2,,,,,
temple/western               ,3,3,3,2,3,2.8,0.2,,,,,
zen_garden                   ,3,3,3,2,3,2.8,0.2,,,,,
bistro/indoor                ,4,3,3,2,2,2.8,0.7,,,,,
bistro/outdoor               ,4,3,3,2,2,2.8,0.7,,,,,
bomb_shelter/indoor          ,4,3,2,2,3,2.8,0.7,,,,,
bookshelf                    ,4,3,2,2,3,2.8,0.7,,,,,
chapel                       ,4,2,3,3,2,2.8,0.7,,,,,
coffee_shop                  ,4,3,2,2,3,2.8,0.7,,,,,
creek                        ,4,2,3,3,2,2.8,0.7,,,,,
dance_floor                  ,4,3,2,2,3,2.8,0.7,,,,,
diving_board                 ,3,2,3,4,2,2.8,0.7,,,,,
field/cultivated             ,4,2,3,3,2,2.8,0.7,,,,,
field_house                  ,4,2,3,3,2,2.8,0.7,,,,,
fjord                        ,4,2,3,3,2,2.8,0.7,,,,,
floating_dock                ,3,2,4,3,2,2.8,0.7,,,,,
forest/broadleaf             ,4,2,3,3,2,2.8,0.7,,,,,
forest/needleleaf            ,4,2,3,3,2,2.8,0.7,,,,,
forest_path                  ,4,2,3,3,2,2.8,0.7,,,,,
glade                        ,4,2,3,3,2,2.8,0.7,,,,,
greenhouse/indoor            ,4,2,3,3,2,2.8,0.7,,,,,
greenhouse/outdoor           ,4,2,3,3,2,2.8,0.7,,,,,
grove                        ,4,2,3,3,2,2.8,0.7,,,,,
hayfield                     ,4,2,3,3,2,2.8,0.7,,,,,
hearth                       ,4,2,3,3,2,2.8,0.7,,,,,
herb_garden                  ,4,2,3,3,2,2.8,0.7,,,,,
hill                         ,4,2,3,3,2,2.8,0.7,,,,,
hillock                      ,4,2,3,3,2,2.8,0.7,,,,,
hollow                       ,4,2,3,3,2,2.8,0.7,,,,,
hospital_room                ,4,3,2,2,3,2.8,0.7,,,,,
locker_room                  ,4,2,3,3,2,2.8,0.7,,,,,
mansion                      ,4,2,3,2,3,2.8,0.7,,,,,
mess_hall                    ,4,2,3,3,2,2.8,0.7,,,,,
mezzanine                    ,4,2,3,3,2,2.8,0.7,,,,,
nook                         ,4,3,2,2,3,2.8,0.7,,,,,
pasture                      ,4,3,2,2,3,2.8,0.7,,,,,
pond                         ,4,2,3,3,2,2.8,0.7,,,,,
poolroom/home                ,4,2,2,3,3,2.8,0.7,,,,,
portrait_studio              ,4,2,3,3,2,2.8,0.7,,,,,
putting_green                ,4,2,3,3,2,2.8,0.7,,,,,
skyscraper                   ,3,2,3,2,4,2.8,0.7,,,,,
slum                         ,2,4,3,3,2,2.8,0.7,,,,,
snowfield                    ,3,2,3,4,2,2.8,0.7,,,,,
stall                        ,4,3,2,2,3,2.8,0.7,,,,,
strand                       ,4,3,2,2,3,2.8,0.7,,,,,
teahouse                     ,4,2,3,3,2,2.8,0.7,,,,,
tearoom                      ,4,2,3,3,2,2.8,0.7,,,,,
ticket_booth                 ,4,2,3,3,2,2.8,0.7,,,,,
topiary_garden               ,4,2,3,3,2,2.8,0.7,,,,,
tree_farm                    ,4,2,3,3,2,2.8,0.7,,,,,
underwater/ocean_shallow     ,3,2,4,3,2,2.8,0.7,,,,,
valley                       ,4,2,3,3,2,2.8,0.7,,,,,
bank/indoor                  ,4,2,2,2,4,2.8,1.2,,,,,
bank/outdoor                 ,4,2,2,2,4,2.8,1.2,,,,,
veranda                      ,4,3,3,1,3,2.8,1.2,,,,,
art_studio                   ,5,2,2,3,2,2.8,1.7,,,,,
banquet_hall                 ,3,2,2,2,5,2.8,1.7,,,,,
bathhouse                    ,4,2,3,1,4,2.8,1.7,,,,,
bathhouse_outdoor            ,4,2,3,1,4,2.8,1.7,,,,,
hut                          ,5,2,3,2,2,2.8,1.7,,,,,
motel                        ,5,2,3,2,2,2.8,1.7,,,,,
parkway                      ,5,2,3,2,2,2.8,1.7,,,,,
artists_loft                 ,3,3,2,2,3,2.6,0.3,,,,,
auto_showroom                ,3,3,2,2,3,2.6,0.3,,,,,
basin_outdoor                ,3,3,3,2,2,2.6,0.3,,,,,
batters_box                  ,3,2,2,3,3,2.6,0.3,,,,,
bicycle_racks                ,2,3,2,3,3,2.6,0.3,,,,,
bow_window/indoor            ,3,3,2,2,3,2.6,0.3,,,,,
bow_window/outdoor           ,3,3,2,2,3,2.6,0.3,,,,,
cemetery                     ,3,3,2,2,3,2.6,0.3,,,,,
cubicle/library              ,3,2,3,3,2,2.6,0.3,,,,,
dairy/indoor                 ,2,3,3,2,3,2.6,0.3,,,,,
dairy/outdoor                ,2,3,3,2,3,2.6,0.3,,,,,
dock                         ,3,2,3,3,2,2.6,0.3,,,,,
dugout                       ,3,2,3,3,2,2.6,0.3,,,,,
fabric_store                 ,3,2,3,3,2,2.6,0.3,,,,,
fence                        ,3,2,3,3,2,2.6,0.3,,,,,
flatlet                      ,3,3,2,2,3,2.6,0.3,,,,,
flume_indoor                 ,3,2,3,3,2,2.6,0.3,,,,,
fly_bridge                   ,3,2,3,3,2,2.6,0.3,,,,,
forecourt                    ,3,2,3,3,2,2.6,0.3,,,,,
foreshore                    ,3,2,3,3,2,2.6,0.3,,,,,
freeway                      ,2,3,2,3,3,2.6,0.3,,,,,
geodesic_dome/indoor         ,3,2,3,3,2,2.6,0.3,,,,,
geodesic_dome/outdoor        ,3,2,3,3,2,2.6,0.3,,,,,
grape_arbor                  ,3,2,3,3,2,2.6,0.3,,,,,
hayloft                      ,3,2,3,3,2,2.6,0.3,,,,,
heronry                      ,3,2,3,3,2,2.6,0.3,,,,,
highway                      ,2,3,2,3,3,2.6,0.3,,,,,
kennel/indoor                ,3,3,2,2,3,2.6,0.3,,,,,
kennel/outdoor               ,3,3,2,2,3,2.6,0.3,,,,,
laboratorywet                ,2,3,2,3,3,2.6,0.3,,,,,
landing                      ,3,2,3,3,2,2.6,0.3,,,,,
layby                        ,3,2,3,3,2,2.6,0.3,,,,,
loggia/outdoor               ,3,2,3,3,2,2.6,0.3,,,,,
mission                      ,3,2,3,3,2,2.6,0.3,,,,,
oast_house                   ,3,2,3,2,3,2.6,0.3,,,,,
observation_station          ,3,2,3,2,3,2.6,0.3,,,,,
observatory/indoor           ,3,2,3,3,2,2.6,0.3,,,,,
observatory/outdoor          ,3,2,3,3,2,2.6,0.3,,,,,
observatory_post             ,3,2,3,2,3,2.6,0.3,,,,,
outcropping                  ,3,2,3,3,2,2.6,0.3,,,,,
parking_garage/indoor        ,3,2,3,3,2,2.6,0.3,,,,,
parking_garage/outdoor       ,3,2,3,3,2,2.6,0.3,,,,,
parking_lot                  ,3,2,3,3,2,2.6,0.3,,,,,
passage/outdoor              ,3,3,2,2,3,2.6,0.3,,,,,
pitchers_mound               ,3,2,3,3,2,2.6,0.3,,,,,
print_shop                   ,3,2,3,2,3,2.6,0.3,,,,,
ramp                         ,3,2,3,3,2,2.6,0.3,,,,,
rectory                      ,3,2,3,3,2,2.6,0.3,,,,,
revolving_door               ,3,2,3,3,2,2.6,0.3,,,,,
salon                        ,3,2,3,3,2,2.6,0.3,,,,,
semidesert                   ,3,2,3,2,3,2.6,0.3,,,,,
sewing_room                  ,3,2,3,2,3,2.6,0.3,,,,,
shelter_tent                 ,3,3,3,2,2,2.6,0.3,,,,,
shrine                       ,3,2,3,2,3,2.6,0.3,,,,,
stone_circle                 ,3,2,3,3,2,2.6,0.3,,,,,
storm_cellar                 ,2,3,2,3,3,2.6,0.3,,,,,
sushi_bar                    ,3,2,2,3,3,2.6,0.3,,,,,
tract_housing                ,3,3,2,2,3,2.6,0.3,,,,,
waterscape                   ,3,2,3,3,2,2.6,0.3,,,,,
wetland                      ,3,2,3,2,3,2.6,0.3,,,,,
wheat_field                  ,3,2,3,2,3,2.6,0.3,,,,,
windmill                     ,3,2,3,3,2,2.6,0.3,,,,,
ballroom                     ,3,2,2,2,4,2.6,0.8,,,,,
baptistry/indoor             ,4,2,2,3,2,2.6,0.8,,,,,
breakroom                    ,4,2,3,2,2,2.6,0.8,,,,,
bullpen                      ,3,3,3,1,3,2.6,0.8,,,,,
car_interior/frontseat       ,4,2,2,3,2,2.6,0.8,,,,,
carport/freestanding         ,4,2,2,3,2,2.6,0.8,,,,,
carport/indoor               ,4,2,2,3,2,2.6,0.8,,,,,
carport/outdoor              ,4,2,2,3,2,2.6,0.8,,,,,
crosswalk                    ,2,2,3,4,2,2.6,0.8,,,,,
field/wild                   ,4,2,3,2,2,2.6,0.8,,,,,
field_tent_indoor            ,3,2,4,2,2,2.6,0.8,,,,,
field_tent_outdoor           ,3,2,4,2,2,2.6,0.8,,,,,
forest_road                  ,4,2,3,2,2,2.6,0.8,,,,,
glen                         ,4,2,3,2,2,2.6,0.8,,,,,
golf_course                  ,4,2,3,2,2,2.6,0.8,,,,,
grotto                       ,4,2,3,2,2,2.6,0.8,,,,,
hot_spring                   ,4,2,3,2,2,2.6,0.8,,,,,
hot_tub/indoor               ,4,2,2,3,2,2.6,0.8,,,,,
hot_tub/outdoor              ,4,2,2,3,2,2.6,0.8,,,,,
jacuzzi/indoor               ,4,2,2,3,2,2.6,0.8,,,,,
jacuzzi/outdoor              ,4,2,2,3,2,2.6,0.8,,,,,
lean-to                      ,4,2,3,2,2,2.6,0.8,,,,,
lean-to_tent                 ,4,2,3,2,2,2.6,0.8,,,,,
lookout_station/indoor       ,3,3,3,1,3,2.6,0.8,,,,,
lookout_station/outdoor      ,3,3,3,1,3,2.6,0.8,,,,,
moor                         ,4,2,3,2,2,2.6,0.8,,,,,
nursing_home                 ,4,2,2,3,2,2.6,0.8,,,,,
nursing_home_outdoor         ,4,2,2,3,2,2.6,0.8,,,,,
oasis                        ,4,2,3,2,2,2.6,0.8,,,,,
outhouse/indoor              ,4,2,3,2,2,2.6,0.8,,,,,
outhouse/outdoor             ,4,2,3,2,2,2.6,0.8,,,,,
pagoda                       ,4,2,3,2,2,2.6,0.8,,,,,
penthouse                    ,4,2,3,2,2,2.6,0.8,,,,,
plantation_house             ,4,2,3,2,2,2.6,0.8,,,,,
preserve                     ,4,2,3,2,2,2.6,0.8,,,,,
security_check_point         ,3,2,2,2,4,2.6,0.8,,,,,
shelter                      ,3,3,3,3,1,2.6,0.8,,,,,
shelter_deck                 ,3,3,3,3,1,2.6,0.8,,,,,
squash_court                 ,4,2,3,2,2,2.6,0.8,,,,,
tea_garden                   ,4,2,3,2,2,2.6,0.8,,,,,
temple/mesoamerican          ,3,3,3,1,3,2.6,0.8,,,,,
vestibule                    ,4,2,3,2,2,2.6,0.8,,,,,
vestry                       ,4,2,3,2,2,2.6,0.8,,,,,
victory_garden               ,4,2,3,2,2,2.6,0.8,,,,,
vineyard                     ,4,2,2,3,2,2.6,0.8,,,,,
access_road                  ,3,3,2,1,4,2.6,1.3,,,,,
bakery/kitchen               ,3,4,3,2,1,2.6,1.3,,,,,
pub/outdoor                  ,4,3,2,1,3,2.6,1.3,,,,,
abbey                        ,4,2,2,1,4,2.6,1.8,,,,,
vinery                       ,5,2,2,2,2,2.6,1.8,,,,,
archive                      ,3,2,3,2,2,2.4,0.3,,,,,
backdrop                     ,3,2,2,3,2,2.4,0.3,,,,,
backroom                     ,3,2,3,2,2,2.4,0.3,,,,,
backstage                    ,3,2,3,2,2,2.4,0.3,,,,,
bottomland                   ,3,2,3,2,2,2.4,0.3,,,,,
bulkhead                     ,3,2,3,2,2,2.4,0.3,,,,,
butchers_shop                ,3,2,2,3,2,2.4,0.3,,,,,
butte                        ,3,2,2,3,2,2.4,0.3,,,,,
caravansary                  ,2,3,2,2,3,2.4,0.3,,,,,
cavern/indoor                ,2,3,2,2,3,2.4,0.3,,,,,
cavern/outdoor               ,2,3,2,2,3,2.4,0.3,,,,,
chicken_coop/indoor          ,3,2,2,3,2,2.4,0.3,,,,,
chicken_coop/outdoor         ,3,2,2,3,2,2.4,0.3,,,,,
choir_loft/exterior          ,3,2,2,3,2,2.4,0.3,,,,,
choir_loft/interior          ,3,2,2,3,2,2.4,0.3,,,,,
clean_room                   ,2,2,3,3,2,2.4,0.3,,,,,
cockpit                      ,2,3,2,2,3,2.4,0.3,,,,,
courthouse                   ,3,2,2,3,2,2.4,0.3,,,,,
covered_bridge/exterior      ,3,2,3,2,2,2.4,0.3,,,,,
covered_bridge/interior      ,3,2,3,2,2,2.4,0.3,,,,,
dirt_track                   ,3,2,3,2,2,2.4,0.3,,,,,
donjon                       ,3,2,3,2,2,2.4,0.3,,,,,
dress_shop                   ,3,2,3,2,2,2.4,0.3,,,,,
estaminet                    ,3,2,2,3,2,2.4,0.3,,,,,
feed_bunk                    ,3,2,3,2,2,2.4,0.3,,,,,
field_road                   ,3,2,3,2,2,2.4,0.3,,,,,
fireplace                    ,3,2,3,2,2,2.4,0.3,,,,,
flashflood                   ,3,2,2,3,2,2.4,0.3,,,,,
floating_dry_dock            ,3,2,3,2,2,2.4,0.3,,,,,
flood_plain                  ,3,2,2,3,2,2.4,0.3,,,,,
gorge                        ,2,2,3,3,2,2.4,0.3,,,,,
guildhall                    ,3,2,3,2,2,2.4,0.3,,,,,
gulch                        ,3,2,3,2,2,2.4,0.3,,,,,
hat_shop                     ,3,2,3,2,2,2.4,0.3,,,,,
hatchway                     ,3,2,3,2,2,2.4,0.3,,,,,
hen_yard                     ,3,2,3,2,2,2.4,0.3,,,,,
hutment                      ,3,2,3,2,2,2.4,0.3,,,,,
ice_shelf                    ,2,3,2,2,3,2.4,0.3,,,,,
islet                        ,3,2,3,2,2,2.4,0.3,,,,,
jewelry_shop                 ,3,2,3,2,2,2.4,0.3,,,,,
jungle                       ,3,2,3,2,2,2.4,0.3,,,,,
lift_bridge                  ,3,2,3,2,2,2.4,0.3,,,,,
loge                         ,3,2,3,2,2,2.4,0.3,,,,,
mastaba                      ,3,2,3,2,2,2.4,0.3,,,,,
mausoleum                    ,2,3,2,2,3,2.4,0.3,,,,,
medina                       ,3,2,3,2,2,2.4,0.3,,,,,
megalith                     ,3,2,3,2,2,2.4,0.3,,,,,
mens_store_outdoor           ,3,2,3,2,2,2.4,0.3,,,,,
merlon                       ,3,2,3,2,2,2.4,0.3,,,,,
mews                         ,3,2,3,2,2,2.4,0.3,,,,,
millpond                     ,3,2,3,2,2,2.4,0.3,,,,,
millrace                     ,3,2,3,2,2,2.4,0.3,,,,,
moat/dry                     ,3,2,3,2,2,2.4,0.3,,,,,
moat/water                   ,3,2,3,2,2,2.4,0.3,,,,,
mountain                     ,3,2,3,2,2,2.4,0.3,,,,,
mountain_path                ,3,2,3,2,2,2.4,0.3,,,,,
mountain_road                ,3,2,3,2,2,2.4,0.3,,,,,
mudflat                      ,3,2,3,2,2,2.4,0.3,,,,,
music_studio                 ,3,2,3,2,2,2.4,0.3,,,,,
one-way_street               ,2,2,3,3,2,2.4,0.3,,,,,
outbuilding                  ,3,2,2,3,2,2.4,0.3,,,,,
palestra                     ,3,2,3,2,2,2.4,0.3,,,,,
pallet/indoor                ,3,2,3,2,2,2.4,0.3,,,,,
parlor                       ,3,2,3,2,2,2.4,0.3,,,,,
perfume_shop                 ,3,2,3,2,2,2.4,0.3,,,,,
phone_booth                  ,3,2,3,2,2,2.4,0.3,,,,,
pinetum                      ,3,2,3,2,2,2.4,0.3,,,,,
poop_deck                    ,3,2,2,3,2,2.4,0.3,,,,,
portico                      ,3,2,3,2,2,2.4,0.3,,,,,
postern                      ,3,2,3,2,2,2.4,0.3,,,,,
powder_room                  ,3,2,3,2,2,2.4,0.3,,,,,
priory                       ,3,2,3,2,2,2.4,0.3,,,,,
racecourse                   ,3,2,3,2,2,2.4,0.3,,,,,
raceway                      ,3,2,3,2,2,2.4,0.3,,,,,
rainforest                   ,3,2,3,2,2,2.4,0.3,,,,,
rift_valley                  ,3,2,3,2,2,2.4,0.3,,,,,
root_cellar                  ,3,2,2,3,2,2.4,0.3,,,,,
sauna                        ,3,2,2,3,2,2.4,0.3,,,,,
savanna                      ,3,2,3,2,2,2.4,0.3,,,,,
science_laboratory           ,3,2,2,3,2,2.4,0.3,,,,,
scriptorium                  ,3,2,3,2,2,2.4,0.3,,,,,
scullery                     ,2,3,3,2,2,2.4,0.3,,,,,
ski_jump                     ,3,2,3,2,2,2.4,0.3,,,,,
spa/massage_room             ,3,2,2,2,3,2.4,0.3,,,,,
spa/mineral_bath             ,3,2,2,2,3,2.4,0.3,,,,,
storage_room                 ,3,2,2,2,3,2.4,0.3,,,,,
tower                        ,3,2,3,2,2,2.4,0.3,,,,,
trestle_bridge               ,3,2,3,2,2,2.4,0.3,,,,,
underwater/coral_reef        ,3,2,2,3,2,2.4,0.3,,,,,
waterfall/cascade            ,2,2,3,3,2,2.4,0.3,,,,,
waterway                     ,2,2,3,2,3,2.4,0.3,,,,,
wave                         ,2,2,3,3,2,2.4,0.3,,,,,
wharf                        ,3,2,3,2,2,2.4,0.3,,,,,
wind_farm                    ,3,2,2,2,3,2.4,0.3,,,,,
wrestling_ring/indoor        ,3,2,3,2,2,2.4,0.3,,,,,
ziggurat                     ,3,2,2,3,2,2.4,0.3,,,,,
aqueduct                     ,3,3,2,1,3,2.4,0.8,,,,,
artists_loft/questionable    ,3,3,2,1,3,2.4,0.8,,,,,
beer_garden                  ,3,3,2,1,3,2.4,0.8,,,,,
brickyard/indoor             ,2,2,4,2,2,2.4,0.8,,,,,
brickyard/outdoor            ,2,2,4,2,2,2.4,0.8,,,,,
canal/natural                ,3,3,2,1,3,2.4,0.8,,,,,
canal/urban                  ,3,3,2,1,3,2.4,0.8,,,,,
dam                          ,1,3,3,2,3,2.4,0.8,,,,,
seawall                      ,2,2,2,2,4,2.4,0.8,,,,,
suite                        ,2,3,3,1,3,2.4,0.8,,,,,
cybercafe                    ,4,2,2,2,2,2.4,0.8,,,,,
formal_garden                ,4,2,2,2,2,2.4,0.8,,,,,
home_office                  ,4,2,2,2,2,2.4,0.8,,,,,
monastery/indoor             ,4,2,2,2,2,2.4,0.8,,,,,
monastery/outdoor            ,4,2,2,2,2,2.4,0.8,,,,,
nunnery                      ,4,2,2,2,2,2.4,0.8,,,,,
optician                     ,4,2,2,2,2,2.4,0.8,,,,,
poolroom/establishment       ,4,2,2,2,2,2.4,0.8,,,,,
rice_paddy                   ,4,2,2,2,2,2.4,0.8,,,,,
traffic_island               ,4,2,2,2,2,2.4,0.8,,,,,
backwoods                    ,4,1,3,2,2,2.4,1.3,,,,,
scrubland                    ,4,2,3,2,1,2.4,1.3,,,,,
student_residence            ,4,2,3,1,2,2.4,1.3,,,,,
anechoic_chamber             ,3,2,2,2,2,2.2,0.2,,,,,
apse/indoor                  ,3,2,2,2,2,2.2,0.2,,,,,
apse/outdoor                 ,3,2,2,2,2,2.2,0.2,,,,,
archaelogical_excavation     ,3,2,2,2,2,2.2,0.2,,,,,
backstage_outdoor            ,3,2,2,2,2,2.2,0.2,,,,,
chaparral                    ,3,2,2,2,2,2.2,0.2,,,,,
chicken_farm/indoor          ,3,2,2,2,2,2.2,0.2,,,,,
chicken_farm/outdoor         ,3,2,2,2,2,2.2,0.2,,,,,
chuck_wagon                  ,3,2,2,2,2,2.2,0.2,,,,,
cloister/indoor              ,3,2,2,2,2,2.2,0.2,,,,,
cloister/outdoor             ,3,2,2,2,2,2.2,0.2,,,,,
conference_center            ,3,2,2,2,2,2.2,0.2,,,,,
conference_hall              ,3,2,2,2,2,2.2,0.2,,,,,
conference_room              ,3,2,2,2,2,2.2,0.2,,,,,
confessional                 ,3,2,2,2,2,2.2,0.2,,,,,
courtroom                    ,3,2,2,2,2,2.2,0.2,,,,,
cubicle/office               ,3,2,2,2,2,2.2,0.2,,,,,
customhouse                  ,3,2,2,2,2,2.2,0.2,,,,,
ditch                        ,3,2,2,2,2,2.2,0.2,,,,,
driving_range/indoor         ,3,2,2,2,2,2.2,0.2,,,,,
driving_range/outdoor        ,3,2,2,2,2,2.2,0.2,,,,,
dry_dock                     ,3,2,2,2,2,2.2,0.2,,,,,
embankment                   ,3,2,2,2,2,2.2,0.2,,,,,
fort                         ,3,2,2,2,2,2.2,0.2,,,,,
fortress                     ,3,2,2,2,2,2.2,0.2,,,,,
gangplank                    ,3,2,2,2,2,2.2,0.2,,,,,
howdah                       ,3,2,2,2,2,2.2,0.2,,,,,
hunting_lodge/indoor         ,3,2,2,2,2,2.2,0.2,,,,,
hunting_lodge/outdoor        ,3,2,2,2,2,2.2,0.2,,,,,
inlet                        ,3,2,2,2,2,2.2,0.2,,,,,
limousine_interior           ,3,2,2,2,2,2.2,0.2,,,,,
mansard                      ,3,2,2,2,2,2.2,0.2,,,,,
mental_institution/indoor    ,3,2,2,2,2,2.2,0.2,,,,,
mental_institution/outdoor   ,3,2,2,2,2,2.2,0.2,,,,,
morass                       ,3,2,2,2,2,2.2,0.2,,,,,
orlop_deck                   ,3,2,2,2,2,2.2,0.2,,,,,
pilothouse/indoor            ,3,2,2,2,2,2.2,0.2,,,,,
pilothouse/outdoor           ,3,2,2,2,2,2.2,0.2,,,,,
pulpit                       ,3,2,2,2,2,2.2,0.2,,,,,
refectory                    ,3,2,2,2,2,2.2,0.2,,,,,
repair_shop                  ,3,2,2,2,2,2.2,0.2,,,,,
taxistand                    ,3,2,2,2,2,2.2,0.2,,,,,
taxiway                      ,3,2,2,2,2,2.2,0.2,,,,,
throne_room                  ,3,2,2,2,2,2.2,0.2,,,,,
truck_stop                   ,3,2,2,2,2,2.2,0.2,,,,,
velodrome/indoor             ,3,2,2,2,2,2.2,0.2,,,,,
velodrome/outdoor            ,3,2,2,2,2,2.2,0.2,,,,,
bypass                       ,2,2,2,3,2,2.2,0.2,,,,,
crevasse                     ,2,2,3,2,2,2.2,0.2,,,,,
desert/sand                  ,2,2,3,2,2,2.2,0.2,,,,,
desert/vegetation            ,2,2,3,2,2,2.2,0.2,,,,,
desert_road                  ,2,2,3,2,2,2.2,0.2,,,,,
flying_buttress              ,2,2,3,2,2,2.2,0.2,,,,,
glacier                      ,2,2,2,3,2,2.2,0.2,,,,,
hangar/indoor                ,2,2,3,2,2,2.2,0.2,,,,,
hangar/outdoor               ,2,2,3,2,2,2.2,0.2,,,,,
heliport                     ,2,2,3,2,2,2.2,0.2,,,,,
jetliner/outside             ,2,2,3,2,2,2.2,0.2,,,,,
jumbo_jet/outdoor            ,2,2,3,2,2,2.2,0.2,,,,,
meat_house                   ,2,2,3,2,2,2.2,0.2,,,,,
open-hearth_furnace          ,2,2,2,3,2,2.2,0.2,,,,,
quadrangle                   ,2,2,3,2,2,2.2,0.2,,,,,
rain-wash                    ,2,2,3,2,2,2.2,0.2,,,,,
restaurant_kitchen           ,2,2,3,2,2,2.2,0.2,,,,,
road_cut                     ,2,2,3,2,2,2.2,0.2,,,,,
rock_arch                    ,2,2,3,2,2,2.2,0.2,,,,,
roundabout                   ,2,2,3,2,2,2.2,0.2,,,,,
ruin                         ,2,2,2,3,2,2.2,0.2,,,,,
sea_cliff                    ,2,2,2,3,2,2.2,0.2,,,,,
signal_box                   ,2,2,3,2,2,2.2,0.2,,,,,
spillway                     ,2,2,3,2,2,2.2,0.2,,,,,
swamp                        ,2,2,3,2,2,2.2,0.2,,,,,
water_mill                   ,2,2,3,2,2,2.2,0.2,,,,,
waterfall/block              ,2,2,2,3,2,2.2,0.2,,,,,
waterfall/fan                ,2,2,2,2,3,2.2,0.2,,,,,
workshop                     ,2,2,2,2,3,2.2,0.2,,,,,
wrestling_ring/outdoor       ,2,2,3,2,2,2.2,0.2,,,,,
boxing_ring                  ,2,3,1,2,3,2.2,0.7,,,,,
bullring                     ,1,3,2,2,3,2.2,0.7,,,,,
catacomb                     ,2,3,1,2,3,2.2,0.7,,,,,
dolmen                       ,3,2,3,1,2,2.2,0.7,,,,,
gatehouse                    ,3,2,3,1,2,2.2,0.7,,,,,
granary                      ,3,2,3,1,2,2.2,0.7,,,,,
hatchery                     ,3,2,3,1,2,2.2,0.7,,,,,
imaret                       ,3,2,3,1,2,2.2,0.7,,,,,
lower_deck                   ,3,2,3,1,2,2.2,0.7,,,,,
mill                         ,3,2,3,1,2,2.2,0.7,,,,,
rotisserie                   ,2,3,2,1,3,2.2,0.7,,,,,
shrubbery                    ,3,2,3,2,1,2.2,0.7,,,,,
weighbridge                  ,3,2,3,1,2,2.2,0.7,,,,,
widows_walk_indoor           ,1,2,3,2,3,2.2,0.7,,,,,
winery                       ,3,2,2,1,3,2.2,0.7,,,,,
air_base                     ,2,2,1,2,4,2.2,1.2,,,,,
estuary                      ,3,1,3,3,1,2.2,1.2,,,,,
hoodoo                       ,3,1,3,3,1,2.2,1.2,,,,,
luggage_van                  ,4,2,2,1,2,2.2,1.2,,,,,
penalty_box                  ,3,1,3,3,1,2.2,1.2,,,,,
pub/indoor                   ,4,2,2,1,2,2.2,1.2,,,,,
pumping_station              ,4,2,2,1,2,2.2,1.2,,,,,
shipyard/outdoor             ,2,2,2,1,4,2.2,1.2,,,,,
airfield                     ,1,1,2,2,5,2.2,2.7,,,,,
belfry                       ,2,2,2,2,2,2,0,,,,,
berth                        ,2,2,2,2,2,2,0,,,,,
berth_deck                   ,2,2,2,2,2,2,0,,,,,
bric-a-brac                  ,2,2,2,2,2,2,0,,,,,
byroad                       ,2,2,2,2,2,2,0,,,,,
car_dealership               ,2,2,2,2,2,2,0,,,,,
cheese_factory               ,2,2,2,2,2,2,0,,,,,
cloakroom/room               ,2,2,2,2,2,2,0,,,,,
clock_tower/indoor           ,2,2,2,2,2,2,0,,,,,
darkroom                     ,2,2,2,2,2,2,0,,,,,
editing_room                 ,2,2,2,2,2,2,0,,,,,
escarpment                   ,2,2,2,2,2,2,0,,,,,
fire_station                 ,2,2,2,2,2,2,0,,,,,
fish_farm                    ,2,2,2,2,2,2,0,,,,,
funeral_chapel               ,2,2,2,2,2,2,0,,,,,
funeral_home                 ,2,2,2,2,2,2,0,,,,,
grave                        ,2,2,2,2,2,2,0,,,,,
junk_pile                    ,2,2,2,2,2,2,0,,,,,
junkyard                     ,2,2,2,2,2,2,0,,,,,
landing_deck                 ,2,2,2,2,2,2,0,,,,,
operating_room               ,2,2,2,2,2,2,0,,,,,
operating_table              ,2,2,2,2,2,2,0,,,,,
organ_loft/exterior          ,2,2,2,2,2,2,0,,,,,
organ_loft/interior          ,2,2,2,2,2,2,0,,,,,
oyster_farm                  ,2,2,2,2,2,2,0,,,,,
pig_farm                     ,2,2,2,2,2,2,0,,,,,
police_station               ,2,2,2,2,2,2,0,,,,,
roof                         ,2,2,2,2,2,2,0,,,,,
rubble                       ,2,2,2,2,2,2,0,,,,,
supply_chamber               ,2,2,2,2,2,2,0,,,,,
threshing_floor              ,2,2,2,2,2,2,0,,,,,
toll_plaza                   ,2,2,2,2,2,2,0,,,,,
trellis                      ,2,2,2,2,2,2,0,,,,,
tundra                       ,2,2,2,2,2,2,0,,,,,
waterfall/cataract           ,2,2,2,2,2,2,0,,,,,
whispering_gallery           ,2,2,2,2,2,2,0,,,,,
workroom                     ,2,2,2,2,2,2,0,,,,,
badlands                     ,2,2,2,1,3,2,0.5,,,,,
beer_hall                    ,2,2,2,1,3,2,0.5,,,,,
bindery                      ,2,2,2,1,3,2,0.5,,,,,
cliff                        ,1,2,2,3,2,2,0.5,,,,,
earth_fissure                ,1,2,2,3,2,2,0.5,,,,,
embrasure                    ,3,2,2,1,2,2,0.5,,,,,
firing_range/outdoor         ,1,2,2,3,2,2,0.5,,,,,
flood                        ,1,2,2,3,2,2,0.5,,,,,
guardhouse                   ,2,2,3,1,2,2,0.5,,,,,
guardroom                    ,2,2,3,1,2,2,0.5,,,,,
head_shop                    ,3,2,2,1,2,2,0.5,,,,,
levee                        ,3,2,2,1,2,2,0.5,,,,,
loading_dock                 ,2,2,3,1,2,2,0.5,,,,,
lock_chamber                 ,3,2,2,1,2,2,0.5,,,,,
overpass                     ,1,2,3,2,2,2,0.5,,,,,
sacristy                     ,3,2,2,1,2,2,0.5,,,,,
sanatorium                   ,3,2,2,1,2,2,0.5,,,,,
sand_trap                    ,3,2,2,1,2,2,0.5,,,,,
server_room                  ,2,1,2,2,3,2,0.5,,,,,
shipping_room                ,3,2,2,1,2,2,0.5,,,,,
sinkhole                     ,2,2,2,1,3,2,0.5,,,,,
starting_gate                ,3,2,2,1,2,2,0.5,,,,,
stateroom                    ,3,2,2,1,2,2,0.5,,,,,
streetcar_track              ,2,2,3,1,2,2,0.5,,,,,
sugar_refinery               ,3,2,2,1,2,2,0.5,,,,,
tidal_basin                  ,2,2,3,1,2,2,0.5,,,,,
tiltyard                     ,3,2,2,1,2,2,0.5,,,,,
train_railway                ,3,2,2,1,2,2,0.5,,,,,
turkish_bath                 ,3,2,2,1,2,2,0.5,,,,,
watchtower                   ,1,2,3,2,2,2,0.5,,,,,
water_gate                   ,1,2,3,2,2,2,0.5,,,,,
waterfall/plunge             ,1,2,2,3,2,2,0.5,,,,,
widows_walk/exterior         ,1,2,3,2,2,2,0.5,,,,,
widows_walk/interior         ,1,2,3,2,2,2,0.5,,,,,
ice_floe                     ,1,3,2,1,3,2,1,,,,,
menhir                       ,3,1,3,2,1,2,1,,,,,
office_building              ,3,1,2,3,1,2,1,,,,,
palisade                     ,3,1,3,2,1,2,1,,,,,
aircraft_carrier_object      ,1,1,1,2,5,2,3,,,,,
bank_vault                   ,1,2,1,1,5,2,3,,,,,
auto_racing_paddock          ,2,2,1,2,2,1.8,0.2,,,,,
battlement                   ,2,2,1,2,2,1.8,0.2,,,,,
bookbindery                  ,2,2,2,1,2,1.8,0.2,,,,,
brewery/outdoor              ,2,2,2,1,2,1.8,0.2,,,,,
casino/indoor                ,2,2,2,1,2,1.8,0.2,,,,,
casino/outdoor               ,2,2,2,1,2,1.8,0.2,,,,,
cloakroom/booth              ,2,2,2,1,2,1.8,0.2,,,,,
factory/indoor               ,2,2,2,1,2,1.8,0.2,,,,,
factory/outdoor              ,2,2,2,1,2,1.8,0.2,,,,,
furnace_room                 ,2,2,2,1,2,1.8,0.2,,,,,
garbage_dump                 ,2,2,2,1,2,1.8,0.2,,,,,
landfill                     ,2,2,1,2,2,1.8,0.2,,,,,
launchpad                    ,2,2,2,1,2,1.8,0.2,,,,,
lumberyard/indoor            ,2,2,2,1,2,1.8,0.2,,,,,
lumberyard/outdoor           ,2,2,2,1,2,1.8,0.2,,,,,
machine_shop                 ,2,2,2,1,2,1.8,0.2,,,,,
saloon                       ,2,2,2,1,2,1.8,0.2,,,,,
salt_plain                   ,2,2,2,1,2,1.8,0.2,,,,,
sky                          ,2,2,2,1,2,1.8,0.2,,,,,
steam_plant/outdoor          ,2,2,2,1,2,1.8,0.2,,,,,
tannery                      ,2,2,2,1,2,1.8,0.2,,,,,
tidal_river                  ,2,2,2,1,2,1.8,0.2,,,,,
tollbooth                    ,2,2,2,1,2,1.8,0.2,,,,,
tollgate                     ,2,2,2,1,2,1.8,0.2,,,,,
trading_floor                ,2,2,1,2,2,1.8,0.2,,,,,
tunnel/waterway              ,2,2,2,1,2,1.8,0.2,,,,,
underwater/ocean_deep        ,2,2,2,1,2,1.8,0.2,,,,,
vat                          ,2,2,2,1,2,1.8,0.2,,,,,
viaduct                      ,2,2,2,1,2,1.8,0.2,,,,,
warehouse/outdoor            ,2,2,2,1,2,1.8,0.2,,,,,
witness_stand                ,2,2,1,2,2,1.8,0.2,,,,,
army_base                    ,1,2,2,2,2,1.8,0.2,,,,,
catwalk                      ,1,2,2,2,2,1.8,0.2,,,,,
elevated_catwalk             ,1,2,2,2,2,1.8,0.2,,,,,
firing_range/indoor          ,1,2,2,2,2,1.8,0.2,,,,,
railroad_track               ,1,2,2,2,2,1.8,0.2,,,,,
rolling_mill                 ,1,2,2,2,2,1.8,0.2,,,,,
thunderhead                  ,1,2,2,2,2,1.8,0.2,,,,,
tunnel/road_indoor           ,1,2,2,2,2,1.8,0.2,,,,,
tunnel/road_outdoor          ,1,2,2,2,2,1.8,0.2,,,,,
utility_room                 ,1,2,2,2,2,1.8,0.2,,,,,
volcano                      ,1,2,2,2,2,1.8,0.2,,,,,
waterfall/frozen             ,1,2,2,2,2,1.8,0.2,,,,,
windstorm                    ,1,2,2,2,2,1.8,0.2,,,,,
bathyscape                   ,3,1,2,1,2,1.8,0.7,,,,,
betting_shop                 ,2,1,2,1,3,1.8,0.7,,,,,
biology_laboratory           ,1,2,1,2,3,1.8,0.7,,,,,
forklift                     ,3,2,1,1,2,1.8,0.7,,,,,
ghost_town                   ,2,1,2,3,1,1.8,0.7,,,,,
lair                         ,3,2,1,1,2,1.8,0.7,,,,,
naval_base                   ,3,1,2,2,1,1.8,0.7,,,,,
newsroom                     ,3,1,2,2,1,1.8,0.7,,,,,
office                       ,3,1,2,2,1,1.8,0.7,,,,,
office_cubicles              ,3,1,2,2,1,1.8,0.7,,,,,
orchestra_pit                ,2,1,2,3,1,1.8,0.7,,,,,
oyster_bar                   ,3,1,2,2,1,1.8,0.7,,,,,
retaining_wall               ,3,1,2,2,1,1.8,0.7,,,,,
sawmill                      ,2,1,2,1,3,1.8,0.7,,,,,
sewer                        ,2,1,1,2,3,1.8,0.7,,,,,
wet_bar                      ,1,2,2,1,3,1.8,0.7,,,,,
irrigation_ditch             ,3,1,3,1,1,1.8,1.2,,,,,
barrack                      ,1,2,1,1,4,1.8,1.7,,,,,
armory                       ,1,2,2,1,2,1.6,0.3,,,,,
auto_factory                 ,1,2,2,1,2,1.6,0.3,,,,,
bell_foundry                 ,1,2,1,2,2,1.6,0.3,,,,,
burial_chamber               ,1,2,1,2,2,1.6,0.3,,,,,
crane                        ,1,2,2,1,2,1.6,0.3,,,,,
discotheque                  ,2,1,2,2,1,1.6,0.3,,,,,
distillery                   ,1,2,2,1,2,1.6,0.3,,,,,
elevator/freight_elevator    ,2,1,2,2,1,1.6,0.3,,,,,
engine_room                  ,2,1,2,2,1,1.6,0.3,,,,,
excavation                   ,2,1,2,2,1,1.6,0.3,,,,,
ferryboat/cargo_deck         ,2,1,2,2,1,1.6,0.3,,,,,
fire_escape                  ,2,1,2,2,1,1.6,0.3,,,,,
firebreak                    ,2,1,2,2,1,1.6,0.3,,,,,
iceberg                      ,1,2,2,1,2,1.6,0.3,,,,,
incinerator/indoor           ,1,2,2,1,2,1.6,0.3,,,,,
incinerator/outdoor          ,1,2,2,1,2,1.6,0.3,,,,,
industrial_area              ,2,2,1,1,2,1.6,0.3,,,,,
industrial_park              ,2,2,1,1,2,1.6,0.3,,,,,
kasbah                       ,2,2,1,1,2,1.6,0.3,,,,,
landing_strip                ,2,1,2,2,1,1.6,0.3,,,,,
military_headquarters        ,2,1,2,2,1,1.6,0.3,,,,,
military_hospital            ,2,1,2,2,1,1.6,0.3,,,,,
morgue                       ,1,2,2,1,2,1.6,0.3,,,,,
ossuary                      ,2,1,2,2,1,1.6,0.3,,,,,
quicksand                    ,1,2,2,1,2,1.6,0.3,,,,,
railway_yard                 ,2,1,2,2,1,1.6,0.3,,,,,
recycling_plant/indoor       ,2,1,2,2,1,1.6,0.3,,,,,
recycling_plant/outdoor      ,2,1,2,2,1,1.6,0.3,,,,,
runway                       ,1,2,2,1,2,1.6,0.3,,,,,
strip_mine                   ,2,2,1,1,2,1.6,0.3,,,,,
submarine_interior           ,2,1,2,2,1,1.6,0.3,,,,,
tobacco_shop/indoor          ,2,2,1,1,2,1.6,0.3,,,,,
trench                       ,2,1,2,2,1,1.6,0.3,,,,,
tunnel/rail_indoor           ,1,2,2,1,2,1.6,0.3,,,,,
tunnel/rail_outdoor          ,1,2,2,1,2,1.6,0.3,,,,,
ventilation_shaft            ,1,2,2,1,2,1.6,0.3,,,,,
walk_in_freezer              ,1,2,2,1,2,1.6,0.3,,,,,
warehouse/indoor             ,1,2,2,1,2,1.6,0.3,,,,,
water_tower                  ,1,2,1,2,2,1.6,0.3,,,,,
wine_cellar/barrel_storage   ,2,2,1,1,2,1.6,0.3,,,,,
call_center                  ,2,1,3,1,1,1.6,0.8,,,,,
cardroom                     ,3,1,2,1,1,1.6,0.8,,,,,
drainage_ditch               ,2,1,3,1,1,1.6,0.8,,,,,
juke_joint                   ,3,1,2,1,1,1.6,0.8,,,,,
paper_mill                   ,2,1,3,1,1,1.6,0.8,,,,,
tomb                         ,3,1,1,2,1,1.6,0.8,,,,,
watering_hole                ,1,1,3,2,1,1.6,0.8,,,,,
airlock                      ,1,2,1,1,2,1.4,0.3,,,,,
assembly_line                ,1,2,1,1,2,1.4,0.3,,,,,
assembly_plant               ,1,2,1,1,2,1.4,0.3,,,,,
auto_mechanics/indoor        ,1,2,1,1,2,1.4,0.3,,,,,
auto_mechanics/outdoor       ,1,2,1,1,2,1.4,0.3,,,,,
bar                          ,2,1,1,1,2,1.4,0.3,,,,,
brewery/indoor               ,2,1,2,1,1,1.4,0.3,,,,,
control_room                 ,1,2,1,1,2,1.4,0.3,,,,,
electrical_substation        ,1,2,1,1,2,1.4,0.3,,,,,
fire_trench                  ,2,1,2,1,1,1.4,0.3,,,,,
foundry/indoor               ,1,2,1,1,2,1.4,0.3,,,,,
foundry/outdoor              ,1,2,1,1,2,1.4,0.3,,,,,
gun_store                    ,1,1,2,2,1,1.4,0.3,,,,,
insane_asylum                ,1,2,1,1,2,1.4,0.3,,,,,
legislative_chamber          ,2,1,2,1,1,1.4,0.3,,,,,
military_hut                 ,2,1,2,1,1,1.4,0.3,,,,,
military_tent                ,2,1,2,1,1,1.4,0.3,,,,,
packaging_plant              ,2,1,2,1,1,1.4,0.3,,,,,
physics_laboratory           ,1,1,2,2,1,1.4,0.3,,,,,
power_plant/indoor           ,2,1,2,1,1,1.4,0.3,,,,,
power_plant/outdoor          ,2,1,2,1,1,1.4,0.3,,,,,
pump_room                    ,2,1,2,1,1,1.4,0.3,,,,,
steel_mill/indoor            ,2,1,2,1,1,1.4,0.3,,,,,
steel_mill/outdoor           ,2,1,2,1,1,1.4,0.3,,,,,
tap_house                    ,2,1,2,1,1,1.4,0.3,,,,,
voting_booth                 ,2,1,2,1,1,1.4,0.3,,,,,
war_room                     ,1,2,1,1,2,1.4,0.3,,,,,
wine_cellar/bottle_storage   ,1,2,1,1,2,1.4,0.3,,,,,
battlefield                  ,1,1,1,1,3,1.4,0.8,,,,,
gasworks                     ,3,1,1,1,1,1.4,0.8,,,,,
manhole                      ,3,1,1,1,1,1.4,0.8,,,,,
chemistry_lab                ,1,1,1,2,1,1.2,0.2,,,,,
forest_fire                  ,1,1,1,2,1,1.2,0.2,,,,,
gun_deck/indoor              ,1,1,2,1,1,1.2,0.2,,,,,
gun_deck/outdoor             ,1,1,2,1,1,1.2,0.2,,,,,
jail/indoor                  ,1,1,1,2,1,1.2,0.2,,,,,
jail/outdoor                 ,1,1,1,2,1,1.2,0.2,,,,,
mine                         ,1,1,2,1,1,1.2,0.2,,,,,
particle_accelerator         ,1,1,2,1,1,1.2,0.2,,,,,
cocktail_lounge              ,2,1,1,1,1,1.2,0.2,,,,,
gas_well                     ,2,1,1,1,1,1.2,0.2,,,,,
jury_box                     ,2,1,1,1,1,1.2,0.2,,,,,
liquor_store/indoor          ,2,1,1,1,1,1.2,0.2,,,,,
liquor_store/outdoor         ,2,1,1,1,1,1.2,0.2,,,,,
nightclub                    ,2,1,1,1,1,1.2,0.2,,,,,
nuclear_power_plant/indoor   ,2,1,1,1,1,1.2,0.2,,,,,
nuclear_power_plant/outdoor  ,2,1,1,1,1,1.2,0.2,,,,,
nuclear_submarine/outdoor    ,2,1,1,1,1,1.2,0.2,,,,,
cargo_container_interior     ,1,1,1,1,1,1,0,,,,,
cargo_deck/airplane          ,1,1,1,1,1,1,0,,,,,
cargo_deck/boat              ,1,1,1,1,1,1,0,,,,,
cargo_helicopter             ,1,1,1,1,1,1,0,,,,,
chemical_plant               ,1,1,1,1,1,1,0,,,,,
construction_site            ,1,1,1,1,1,1,0,,,,,
control_tower/indoor         ,1,1,1,1,1,1,0,,,,,
control_tower/outdoor        ,1,1,1,1,1,1,0,,,,,
drill_rig                    ,1,1,1,1,1,1,0,,,,,
elevator_shaft               ,1,1,1,1,1,1,0,,,,,
gallows                      ,1,1,1,1,1,1,0,,,,,
jail_cell                    ,1,1,1,1,1,1,0,,,,,
lava_flow                    ,1,1,1,1,1,1,0,,,,,
mineshaft                    ,1,1,1,1,1,1,0,,,,,
oil_refinery/indoor          ,1,1,1,1,1,1,0,,,,,
oil_refinery/outdoor         ,1,1,1,1,1,1,0,,,,,
oil_well                     ,1,1,1,1,1,1,0,,,,,
oilrig                       ,1,1,1,1,1,1,0,,,,,
torture_chamber              ,1,1,1,1,1,1,0,,,,,
water_treatment_plant/indoor ,1,1,1,1,1,1,0,,,,,
water_treatment_plant/outdoor,1,1,1,1,1,1,0,,,,,