Scene,rater1,rater2,rater3,rater4,rater5,rater6,rater7,avg,var,,"How often could you find children here? 1: Never, 2: Rarely, 3: Sometimes, 4: Often, 5: Very often"
amusement_park               ,5,5,5,5,5,5,5,5.00,0.00,,
aquarium                     ,5,5,5,5,5,5,5,5.00,0.00,,
candy_store                  ,5,5,5,5,5,5,5,5.00,0.00,,
carrousel                    ,5,5,5,5,5,5,5,5.00,0.00,,
childs_room                  ,5,5,5,5,5,5,5,5.00,0.00,,
classroom                    ,5,5,5,5,5,5,5,5.00,0.00,,
day_care_center              ,5,5,5,5,5,5,5,5.00,0.00,,
kindergarden_classroom       ,5,5,5,5,5,5,5,5.00,0.00,,
playground                   ,5,5,5,5,5,5,5,5.00,0.00,,
playroom                     ,5,5,5,5,5,5,5,5.00,0.00,,
toyshop                      ,5,5,5,5,5,5,5,5.00,0.00,,
water_park                   ,5,5,5,5,5,5,5,5.00,0.00,,
zoo                          ,5,5,5,5,5,5,5,5.00,0.00,,
aquatic_theater              ,5,5,5,5,5,5,4,4.86,0.14,,
circus_tent/indoor           ,5,5,5,5,5,5,4,4.86,0.14,,
circus_tent/outdoor          ,5,5,5,5,5,5,4,4.86,0.14,,
ice_cream_parlor             ,5,5,4,5,5,5,5,4.86,0.14,,
ice_skating_rink/indoor      ,5,5,4,5,5,5,5,4.86,0.14,,
ice_skating_rink/outdoor     ,5,5,4,5,5,5,5,4.86,0.14,,
roller_skating_rink/indoor   ,5,5,4,5,5,5,5,4.86,0.14,,
roller_skating_rink/outdoor  ,5,5,4,5,5,5,5,4.86,0.14,,
airport_terminal             ,5,5,4,5,5,5,4,4.71,0.24,,
natural_history_museum       ,5,5,4,5,5,5,4,4.71,0.24,,
botanical_garden             ,5,5,4,4,5,5,5,4.71,0.24,,
nursery                      ,5,5,4,4,5,5,5,4.71,0.24,,
ball_pit                     ,5,5,5,5,5,5,3,4.71,0.57,,
maternity_ward               ,5,5,3,5,5,5,5,4.71,0.57,,
park                         ,5,5,3,5,5,5,5,4.71,0.57,,
schoolhouse                  ,5,5,5,5,3,5,5,4.71,0.57,,
tree_house                   ,5,5,5,5,5,5,3,4.71,0.57,,
bunk_bed                     ,4,5,4,4,5,5,5,4.57,0.29,,
gymnasium/indoor             ,5,5,4,4,5,5,4,4.57,0.29,,
gymnasium_outdoor            ,5,5,4,4,5,5,4,4.57,0.29,,
planetarium/indoor           ,5,5,4,4,5,5,4,4.57,0.29,,
planetarium/outdoor          ,5,5,4,4,5,5,4,4.57,0.29,,
picnic_area                  ,5,5,3,4,5,5,5,4.57,0.62,,
city                         ,4,5,3,5,5,5,5,4.57,0.62,,
amusement_arcade             ,5,5,5,5,5,5,2,4.57,1.29,,
sandbox                      ,5,5,5,5,2,5,5,4.57,1.29,,
schoolyard                   ,5,5,5,5,2,5,5,4.57,1.29,,
breakfast_table              ,5,4,4,5,4,4,5,4.43,0.29,,
car_interior/backseat        ,5,4,4,5,4,4,5,4.43,0.29,,
residential_neighborhood     ,5,4,4,5,4,4,5,4.43,0.29,,
beach                        ,5,5,4,5,2,5,5,4.43,1.29,,
moon_bounce                  ,5,5,5,5,5,5,1,4.43,2.29,,
apartment_building/outdoor   ,5,4,4,4,4,4,5,4.29,0.24,,
fastfood_restaurant          ,5,4,4,5,4,4,4,4.29,0.24,,
science_museum               ,5,5,4,4,3,5,4,4.29,0.57,,
campsite                     ,5,5,4,3,5,5,3,4.29,0.90,,
airport/airport              ,5,5,4,5,2,5,4,4.29,1.24,,
airport/entrance             ,5,5,4,5,2,5,4,4.29,1.24,,
museum/indoor                ,5,4,4,3,4,4,5,4.14,0.48,,
beach_house                  ,5,4,3,5,4,4,4,4.14,0.48,,
restaurant                   ,5,4,3,4,4,4,5,4.14,0.48,,
shopping_mall/indoor         ,5,4,3,5,4,4,4,4.14,0.48,,
shopping_mall/outdoor        ,5,4,3,5,4,4,4,4.14,0.48,,
village                      ,5,4,3,4,4,4,5,4.14,0.48,,
arcade                       ,5,4,4,5,4,4,3,4.14,0.48,,
mini_golf_course/indoor      ,5,4,4,5,4,4,3,4.14,0.48,,
mini_golf_course/outdoor     ,5,4,4,5,4,4,3,4.14,0.48,,
arena/performance            ,5,4,4,3,4,4,4,4.00,0.33,,
museum/outdoor               ,5,4,4,3,4,4,4,4.00,0.33,,
pizzeria                     ,5,4,4,3,4,4,4,4.00,0.33,,
pizzeria_outdoor             ,5,4,4,3,4,4,4,4.00,0.33,,
resort                       ,5,4,4,3,4,4,4,4.00,0.33,,
arena/basketball             ,5,4,4,4,4,4,3,4.00,0.33,,
arena/soccer                 ,5,4,4,4,4,4,3,4.00,0.33,,
baseball_field               ,5,4,4,4,4,4,3,4.00,0.33,,
basketball_court/outdoor     ,5,4,4,4,4,4,3,4.00,0.33,,
buffet                       ,5,4,3,4,4,4,4,4.00,0.33,,
martial_arts_gym             ,5,4,3,4,4,4,4,4.00,0.33,,
pet_shop                     ,4,4,3,5,4,4,4,4.00,0.33,,
stadium/outdoor              ,5,4,4,4,4,4,3,4.00,0.33,,
stadium/soccer               ,5,4,4,4,4,4,3,4.00,0.33,,
yard                         ,5,4,4,4,4,4,3,4.00,0.33,,
swimming_pool/indoor         ,4,4,4,3,4,4,5,4.00,0.33,,
swimming_pool/outdoor        ,4,4,4,3,4,4,5,4.00,0.33,,
loo                          ,5,4,3,3,4,4,5,4.00,0.67,,
market/indoor                ,5,4,3,3,4,4,5,4.00,0.67,,
market/outdoor               ,5,4,3,3,4,4,5,4.00,0.67,,
restaurant_patio             ,5,4,3,3,4,4,5,4.00,0.67,,
boardwalk                    ,4,5,3,5,3,5,3,4.00,1.00,,
cafeteria                    ,5,3,4,5,3,3,5,4.00,1.00,,
movie_theater/indoor         ,5,3,4,5,3,3,5,4.00,1.00,,
athletic_field/indoor        ,5,4,4,5,4,4,2,4.00,1.00,,
athletic_field/outdoor       ,5,4,4,5,4,4,2,4.00,1.00,,
bowling_alley                ,5,4,4,5,4,4,2,4.00,1.00,,
atrium/home                  ,4,4,3,4,4,4,4,3.86,0.14,,
atrium/public                ,4,4,3,4,4,4,4,3.86,0.14,,
coast                        ,4,4,3,4,4,4,4,3.86,0.14,,
arena/hockey                 ,4,4,4,3,4,4,4,3.86,0.14,,
fountain                     ,4,4,4,3,4,4,4,3.86,0.14,,
theater/indoor_procenium     ,4,4,4,3,4,4,4,3.86,0.14,,
theater/indoor_seats         ,4,4,4,3,4,4,4,3.86,0.14,,
theater/outdoor              ,4,4,4,3,4,4,4,3.86,0.14,,
dinette/home                 ,3,4,3,4,4,4,5,3.86,0.48,,
arena/football               ,5,4,4,3,4,4,3,3.86,0.48,,
bus_interior                 ,5,4,3,3,4,4,4,3.86,0.48,,
football_field               ,5,4,4,3,4,4,3,3.86,0.48,,
library/outdoor              ,5,4,3,3,4,4,4,3.86,0.48,,
rest_area                    ,5,4,3,3,4,4,4,3.86,0.48,,
bedroom                      ,5,3,3,4,4,3,5,3.86,0.81,,
food_court                   ,5,3,4,4,3,3,5,3.86,0.81,,
stadium/baseball             ,5,4,4,4,2,4,4,3.86,0.81,,
basketball_court/indoor      ,5,4,4,4,4,4,2,3.86,0.81,,
bath_indoor                  ,5,3,3,5,4,3,4,3.86,0.81,,
movie_theater/outdoor        ,5,3,4,5,3,3,4,3.86,0.81,,
house                        ,5,3,3,5,3,3,5,3.86,1.14,,
living_room                  ,5,3,3,5,3,3,5,3.86,1.14,,
student_center               ,5,3,3,5,3,3,5,3.86,1.14,,
labyrinth/indoor             ,4,5,3,1,5,5,4,3.86,2.14,,
labyrinth/outdoor            ,4,5,3,1,5,5,4,3.86,2.14,,
lab_classroom                ,2,5,4,5,5,5,1,3.86,2.81,,
general_store/indoor         ,4,4,3,3,4,4,4,3.71,0.24,,
general_store/outdoor        ,4,4,3,3,4,4,4,3.71,0.24,,
gift_shop                    ,3,4,4,3,4,4,4,3.71,0.24,,
store                        ,4,4,3,3,4,4,4,3.71,0.24,,
theater/indoor_round         ,4,4,4,3,4,4,3,3.71,0.24,,
volleyball_court/outdoor     ,4,4,4,3,4,4,3,3.71,0.24,,
airport_ticket_counter       ,4,4,3,3,5,4,3,3.71,0.57,,
bookstore                    ,5,4,3,3,4,4,3,3.71,0.57,,
hedge_maze                   ,5,4,3,3,4,4,3,3.71,0.57,,
lavatory                     ,5,4,3,3,4,4,3,3.71,0.57,,
library/indoor               ,5,4,3,3,4,4,3,3.71,0.57,,
rest_stop                    ,5,4,3,3,4,4,3,3.71,0.57,,
train_interior               ,5,4,3,3,4,4,3,3.71,0.57,,
television_room              ,5,3,4,4,3,3,4,3.71,0.57,,
underwater/pool              ,4,3,4,5,3,3,4,3.71,0.57,,
water_fountain               ,4,3,4,5,3,3,4,3.71,0.57,,
safari_park                  ,3,4,3,3,4,4,5,3.71,0.57,,
kitchen                      ,5,4,3,2,4,4,4,3.71,0.90,,
stadium/football             ,5,4,4,4,2,4,3,3.71,0.90,,
dance_school                 ,5,3,3,4,3,3,5,3.71,0.90,,
home_theater                 ,5,3,4,3,3,3,5,3.71,0.90,,
lawn                         ,5,3,3,4,3,3,5,3.71,0.90,,
shower                       ,5,3,3,5,4,3,3,3.71,0.90,,
airplane_cabin               ,5,3,2,5,4,3,4,3.71,1.24,,
bathroom                     ,5,3,3,5,2,3,5,3.71,1.57,,
amphitheater                 ,4,4,3,3,4,4,3,3.57,0.29,,
amphitheater_indoor          ,4,4,3,3,4,4,3,3.57,0.29,,
arch                         ,3,4,3,4,4,4,3,3.57,0.29,,
bridge                       ,3,4,3,3,4,4,4,3.57,0.29,,
diner/indoor                 ,3,4,3,3,4,4,4,3.57,0.29,,
diner/outdoor                ,3,4,3,3,4,4,4,3.57,0.29,,
downtown                     ,3,4,3,3,4,4,4,3.57,0.29,,
kraal                        ,3,4,3,3,4,4,4,3.57,0.29,,
sporting_goods_store         ,4,3,4,4,3,3,4,3.57,0.29,,
bath_outdoor                 ,4,3,3,5,4,3,3,3.57,0.62,,
volleyball_court/indoor      ,4,4,4,3,4,4,2,3.57,0.62,,
auditorium                   ,5,3,3,4,3,3,4,3.57,0.62,,
back_porch                   ,5,3,3,4,3,3,4,3.57,0.62,,
ballet                       ,4,3,3,3,5,3,4,3.57,0.62,,
bus_shelter                  ,4,4,3,2,4,4,4,3.57,0.62,,
bus_station/indoor           ,4,4,3,2,4,4,4,3.57,0.62,,
bus_station/outdoor          ,4,4,3,2,4,4,4,3.57,0.62,,
hammock                      ,5,3,4,3,3,3,4,3.57,0.62,,
hotel_breakfast_area         ,5,3,3,4,3,3,4,3.57,0.62,,
promenade                    ,4,4,3,2,4,4,4,3.57,0.62,,
restroom/indoor              ,5,3,3,4,3,3,4,3.57,0.62,,
restroom/outdoor             ,5,3,3,4,3,3,4,3.57,0.62,,
barbeque                     ,4,4,4,4,2,4,3,3.57,0.62,,
boat_deck                    ,5,4,3,3,3,4,3,3.57,0.62,,
department_store             ,4,3,3,4,3,3,5,3.57,0.62,,
pier                         ,4,3,3,4,3,3,5,3.57,0.62,,
supermarket                  ,4,3,3,4,3,3,5,3.57,0.62,,
tennis_court/indoor          ,4,4,4,2,4,4,3,3.57,0.62,,
tennis_court/outdoor         ,4,4,4,2,4,4,3,3.57,0.62,,
bakery/shop                  ,5,4,3,3,2,4,4,3.57,0.95,,
seaside                      ,5,4,3,3,2,4,4,3.57,0.95,,
shower_room                  ,5,3,3,5,3,3,3,3.57,0.95,,
track/outdoor                ,3,4,3,2,4,4,5,3.57,0.95,,
badminton_court/indoor       ,5,4,3,2,4,4,3,3.57,0.95,,
kitchenette                  ,5,4,3,2,4,4,3,3.57,0.95,,
trailer_park                 ,5,4,3,2,4,4,3,3.57,0.95,,
lyceum                       ,3,3,3,5,3,3,5,3.57,0.95,,
bleachers/indoor             ,5,3,4,5,2,3,3,3.57,1.29,,
bleachers/outdoor            ,5,3,4,5,2,3,3,3.57,1.29,,
clothing_store               ,4,3,3,4,3,3,4,3.43,0.29,,
dentists_office              ,4,3,3,4,3,3,4,3.43,0.29,,
roof_garden                  ,3,4,3,3,4,4,3,3.43,0.29,,
subway_interior              ,3,4,3,3,4,4,3,3.43,0.29,,
subway_station/platform      ,3,4,3,3,4,4,3,3.43,0.29,,
bazaar/indoor                ,4,4,3,2,3,4,4,3.43,0.62,,
dining_area                  ,3,3,3,4,3,3,5,3.43,0.62,,
dining_room                  ,4,3,3,3,3,3,5,3.43,0.62,,
housing_estate               ,4,3,3,3,3,3,5,3.43,0.62,,
pueblo                       ,4,3,3,3,3,3,5,3.43,0.62,,
track/indoor                 ,3,4,3,2,4,4,4,3.43,0.62,,
art_school                   ,5,3,3,4,3,3,3,3.43,0.62,,
bedchamber                   ,5,3,3,3,4,3,3,3.43,0.62,,
boathouse                    ,4,4,3,2,4,4,3,3.43,0.62,,
brooklet                     ,5,3,4,3,3,3,3,3.43,0.62,,
dinette/vehicle              ,2,4,3,4,4,4,3,3.43,0.62,,
flea_market/indoor           ,4,4,3,2,4,4,3,3.43,0.62,,
flea_market/outdoor          ,4,4,3,2,4,4,3,3.43,0.62,,
hotel/outdoor                ,5,3,3,4,3,3,3,3.43,0.62,,
promenade_deck               ,4,4,3,2,4,4,3,3.43,0.62,,
recreation_room              ,5,3,4,3,3,3,3,3.43,0.62,,
tent/outdoor                 ,5,3,4,3,3,3,3,3.43,0.62,,
balcony/interior             ,3,3,3,3,5,3,4,3.43,0.62,,
castle                       ,4,4,2,3,4,4,3,3.43,0.62,,
cathedral/indoor             ,4,4,2,3,4,4,3,3.43,0.62,,
cathedral/outdoor            ,4,4,2,3,4,4,3,3.43,0.62,,
cottage                      ,5,3,3,3,3,3,4,3.43,0.62,,
farm                         ,4,4,3,3,4,4,2,3.43,0.62,,
hotel_room                   ,5,3,3,3,3,3,4,3.43,0.62,,
laundromat                   ,4,4,3,3,4,4,2,3.43,0.62,,
plaza                        ,5,3,3,3,3,3,4,3.43,0.62,,
porch                        ,5,3,3,3,3,3,4,3.43,0.62,,
ranch                        ,4,4,3,3,4,4,2,3.43,0.62,,
ranch_house                  ,4,4,3,3,4,4,2,3.43,0.62,,
washroom                     ,5,3,3,3,3,3,4,3.43,0.62,,
convenience_store/indoor     ,4,4,2,2,4,4,4,3.43,0.95,,
convenience_store/outdoor    ,4,4,2,2,4,4,4,3.43,0.95,,
art_gallery                  ,5,4,2,3,4,4,2,3.43,1.29,,
cabin/indoor                 ,5,3,3,2,3,3,5,3.43,1.29,,
cabin/outdoor                ,5,3,3,2,3,3,5,3.43,1.29,,
game_room                    ,5,2,5,4,2,2,4,3.43,1.95,,
party_tent/indoor            ,5,4,2,1,4,4,4,3.43,1.95,,
party_tent/outdoor           ,5,4,2,1,4,4,4,3.43,1.95,,
bay                          ,4,3,3,4,3,3,3,3.29,0.24,,
pedestrian_overpass/indoor   ,4,3,3,4,3,3,3,3.29,0.24,,
pedestrian_overpass/outdoor  ,4,3,3,4,3,3,3,3.29,0.24,,
salad_bar                    ,4,3,3,4,3,3,3,3.29,0.24,,
building_complex             ,4,3,3,3,3,3,4,3.29,0.24,,
chair_lift                   ,4,3,3,3,3,3,4,3.29,0.24,,
chalet                       ,4,3,3,3,3,3,4,3.29,0.24,,
country_house                ,4,3,3,3,3,3,4,3.29,0.24,,
dining_hall                  ,4,3,3,3,3,3,4,3.29,0.24,,
driveway                     ,4,3,3,3,3,3,4,3.29,0.24,,
elevator_lobby               ,4,3,3,3,3,3,4,3.29,0.24,,
entranceway_indoor           ,4,3,3,3,3,3,4,3.29,0.24,,
entranceway_outdoor          ,4,3,3,3,3,3,4,3.29,0.24,,
flight_of_stairs/urban       ,4,3,3,3,3,3,4,3.29,0.24,,
greengrocery                 ,4,3,3,3,3,3,4,3.29,0.24,,
japanese_garden              ,4,3,3,3,3,3,4,3.29,0.24,,
alcove                       ,3,4,3,3,3,4,3,3.29,0.24,,
shopfront                    ,4,3,3,3,4,3,3,3.29,0.24,,
awning_deck                  ,4,3,2,4,3,3,4,3.29,0.57,,
acropolis                    ,3,4,2,3,4,4,3,3.29,0.57,,
cottage_garden               ,5,3,3,3,3,3,3,3.29,0.57,,
hallway                      ,5,3,3,3,3,3,3,3.29,0.57,,
lake/natural                 ,5,3,3,3,3,3,3,3.29,0.57,,
patio                        ,5,3,3,3,3,3,3,3.29,0.57,,
patio_indoor                 ,5,3,3,3,3,3,3,3.29,0.57,,
reception_room               ,5,3,3,3,3,3,3,3.29,0.57,,
sidewalk                     ,4,3,3,4,2,3,4,3.29,0.57,,
subway_station/corridor      ,3,4,3,2,4,4,3,3.29,0.57,,
sun_deck                     ,5,3,3,3,3,3,3,3.29,0.57,,
train_station/outdoor        ,5,3,3,3,3,3,3,3.29,0.57,,
train_station/platform       ,5,3,3,3,3,3,3,3.29,0.57,,
waiting_room                 ,5,3,3,3,3,3,3,3.29,0.57,,
garden                       ,3,3,3,3,3,3,5,3.29,0.57,,
handball_court               ,4,3,4,4,3,3,2,3.29,0.57,,
ski_lodge                    ,3,4,3,2,3,4,4,3.29,0.57,,
ski_resort                   ,3,4,3,2,3,4,4,3.29,0.57,,
synagogue/indoor             ,3,3,3,3,3,3,5,3.29,0.57,,
synagogue/outdoor            ,3,3,3,3,3,3,5,3.29,0.57,,
lake/artificial              ,5,3,3,2,3,3,4,3.29,0.90,,
meadow                       ,5,3,3,2,3,3,4,3.29,0.90,,
van_interior                 ,5,3,2,4,3,3,3,3.29,0.90,,
assembly_hall                ,4,3,3,5,3,3,2,3.29,0.90,,
bazaar/outdoor               ,4,4,3,2,2,4,4,3.29,0.90,,
ferryboat/passenger_deck     ,5,3,3,4,3,3,2,3.29,0.90,,
hospital                     ,4,3,2,3,3,3,5,3.29,0.90,,
kiosk/indoor                 ,4,4,3,2,4,4,2,3.29,0.90,,
kiosk/outdoor                ,4,4,3,2,4,4,2,3.29,0.90,,
oceanfront                   ,5,3,3,4,3,3,2,3.29,0.90,,
tent/indoor                  ,5,3,4,3,3,3,2,3.29,0.90,,
badminton_court/outdoor      ,5,4,3,2,2,4,3,3.29,1.24,,
campus                       ,4,2,4,5,2,2,4,3.29,1.57,,
baggage_claim                ,5,4,3,3,1,4,3,3.29,1.57,,
doorway/indoor               ,3,3,3,4,3,3,3,3.14,0.14,,
doorway/outdoor              ,3,3,3,4,3,3,3,3.14,0.14,,
escalator/indoor             ,3,3,3,4,3,3,3,3.14,0.14,,
escalator/outdoor            ,3,3,3,4,3,3,3,3.14,0.14,,
strip_mall                   ,3,3,3,4,3,3,3,3.14,0.14,,
dining_car                   ,4,3,3,3,3,3,3,3.14,0.14,,
elevator/interior            ,4,3,3,3,3,3,3,3.14,0.14,,
entrance_hall                ,4,3,3,3,3,3,3,3.14,0.14,,
entryway_outdoor             ,4,3,3,3,3,3,3,3.14,0.14,,
flowerbed                    ,4,3,3,3,3,3,3,3.14,0.14,,
mobile_home                  ,4,3,3,3,3,3,3,3.14,0.14,,
stage/indoor                 ,4,3,3,3,3,3,3,3.14,0.14,,
stage/outdoor                ,4,3,3,3,3,3,3,3.14,0.14,,
staircase                    ,4,3,3,3,3,3,3,3.14,0.14,,
teashop                      ,4,3,3,3,3,3,3,3.14,0.14,,
ticket_window/indoor         ,4,3,3,3,3,3,3,3.14,0.14,,
ticket_window/outdoor        ,4,3,3,3,3,3,3,3.14,0.14,,
town_house                   ,4,3,3,3,3,3,3,3.14,0.14,,
window_seat                  ,4,3,3,3,3,3,3,3.14,0.14,,
parade_ground                ,4,3,3,4,3,3,2,3.14,0.48,,
back_entrance                ,3,3,2,4,3,3,4,3.14,0.48,,
basilica                     ,4,3,3,2,3,3,4,3.14,0.48,,
cabin_cruiser                ,4,3,3,2,3,3,4,3.14,0.48,,
courtyard                    ,4,3,3,2,3,3,4,3.14,0.48,,
departure_lounge             ,4,3,3,2,3,3,4,3.14,0.48,,
ski_slope                    ,3,4,3,3,2,4,3,3.14,0.48,,
snack_bar                    ,3,3,3,4,2,3,4,3.14,0.48,,
arbor                        ,5,3,2,3,3,3,3,3.14,0.81,,
arena/rodeo                  ,2,4,3,3,4,4,2,3.14,0.81,,
hardware_store               ,3,4,3,2,4,4,2,3.14,0.81,,
inn/indoor                   ,5,3,3,2,3,3,3,3.14,0.81,,
inn/outdoor                  ,5,3,3,2,3,3,3,3.14,0.81,,
lido_deck/indoor             ,3,3,3,5,3,3,2,3.14,0.81,,
lido_deck/outdoor            ,3,3,3,5,3,3,2,3.14,0.81,,
pavilion                     ,5,3,3,2,3,3,3,3.14,0.81,,
reading_room                 ,5,3,3,3,3,3,2,3.14,0.81,,
reception                    ,5,3,3,3,3,3,2,3.14,0.81,,
skywalk/indoor               ,3,3,3,3,5,3,2,3.14,0.81,,
skywalk/outdoor              ,3,3,3,3,5,3,2,3.14,0.81,,
rock_garden                  ,2,4,3,2,4,4,3,3.14,0.81,,
shore                        ,5,3,3,4,2,3,2,3.14,1.14,,
barbershop                   ,4,2,3,3,5,2,3,3.14,1.14,,
t-bar_lift                   ,4,4,2,2,4,4,2,3.14,1.14,,
bistro/indoor                ,4,3,3,2,2,3,5,3.14,1.14,,
bistro/outdoor               ,4,3,3,2,2,3,5,3.14,1.14,,
cabana                       ,5,3,2,2,3,3,4,3.14,1.14,,
videostore                   ,4,2,4,5,2,2,3,3.14,1.48,,
church/indoor                ,4,2,3,4,2,2,5,3.14,1.48,,
igloo                        ,4,4,3,2,4,4,1,3.14,1.48,,
youth_hostel                 ,3,4,4,1,4,4,2,3.14,1.48,,
crawl_space                  ,2,5,2,2,5,5,1,3.14,3.14,,
bubble_chamber               ,2,5,3,1,5,5,1,3.14,3.48,,
balcony/exterior             ,3,3,3,3,3,3,3,3.00,0.00,,
building_facade              ,3,3,3,3,3,3,3,3.00,0.00,,
corridor                     ,3,3,3,3,3,3,3,3.00,0.00,,
country_road                 ,3,3,3,3,3,3,3,3.00,0.00,,
elevator/door                ,3,3,3,3,3,3,3,3.00,0.00,,
elevator/exterior            ,3,3,3,3,3,3,3,3.00,0.00,,
ferryboat/indoor             ,3,3,3,3,3,3,3,3.00,0.00,,
fishmarket                   ,3,3,3,3,3,3,3,3.00,0.00,,
garage/indoor                ,3,3,3,3,3,3,3,3.00,0.00,,
garage/outdoor               ,3,3,3,3,3,3,3,3.00,0.00,,
gate                         ,3,3,3,3,3,3,3,3.00,0.00,,
loft                         ,3,3,3,3,3,3,3,3.00,0.00,,
mosque/indoor                ,3,3,3,3,3,3,3,3.00,0.00,,
mosque/outdoor               ,3,3,3,3,3,3,3,3.00,0.00,,
pavement                     ,3,3,3,3,3,3,3,3.00,0.00,,
pharmacy                     ,3,3,3,3,3,3,3,3.00,0.00,,
raft                         ,3,3,3,3,3,3,3,3.00,0.00,,
sandbar                      ,3,3,3,3,3,3,3,3.00,0.00,,
train_station/station        ,3,3,3,3,3,3,3,3.00,0.00,,
booth/indoor                 ,4,3,2,3,3,3,3,3.00,0.33,,
booth_outdoor                ,4,3,2,3,3,3,3,3.00,0.33,,
canteen                      ,4,3,3,2,3,3,3,3.00,0.33,,
checkout_counter             ,4,3,2,3,3,3,3,3.00,0.33,,
dorm_room                    ,4,3,3,2,3,3,3,3.00,0.33,,
fitting_room/exterior        ,3,3,2,4,3,3,3,3.00,0.33,,
fitting_room/interior        ,3,3,2,4,3,3,3,3.00,0.33,,
flight_of_stairs/natural     ,4,3,3,2,3,3,3,3.00,0.33,,
gas_station                  ,4,3,2,3,3,3,3,3.00,0.33,,
guesthouse                   ,4,3,3,2,3,3,3,3.00,0.33,,
river                        ,4,3,3,2,3,3,3,3.00,0.33,,
thriftshop                   ,4,3,2,3,3,3,3,3.00,0.33,,
upper_balcony                ,2,3,3,4,3,3,3,3.00,0.33,,
arrival_gate/indoor          ,3,3,3,2,3,3,4,3.00,0.33,,
arrival_gate/outdoor         ,3,3,3,2,3,3,4,3.00,0.33,,
bridle_path                  ,4,3,3,3,3,3,2,3.00,0.33,,
corn_field                   ,4,3,3,3,3,3,2,3.00,0.33,,
dacha                        ,3,3,2,3,3,3,4,3.00,0.33,,
deck-house_deck_house        ,3,3,3,2,3,3,4,3.00,0.33,,
dressing_room                ,4,3,3,3,3,3,2,3.00,0.33,,
drugstore                    ,4,3,3,3,3,3,2,3.00,0.33,,
farm_building                ,4,3,3,3,3,3,2,3.00,0.33,,
farmhouse                    ,4,3,3,3,3,3,2,3.00,0.33,,
fishpond                     ,3,3,4,3,3,3,2,3.00,0.33,,
florist_shop/indoor          ,4,3,3,3,3,3,2,3.00,0.33,,
florist_shop/outdoor         ,4,3,3,3,3,3,2,3.00,0.33,,
foothill                     ,4,3,3,3,3,3,2,3.00,0.33,,
heath                        ,4,3,3,3,3,3,2,3.00,0.33,,
housing_project              ,4,3,3,3,3,3,2,3.00,0.33,,
newsstand/outdoor            ,4,3,3,3,3,3,2,3.00,0.33,,
orchard                      ,4,3,3,3,3,3,2,3.00,0.33,,
piano_store                  ,4,3,3,3,3,3,2,3.00,0.33,,
street                       ,2,3,3,3,3,3,4,3.00,0.33,,
television_studio            ,3,3,3,2,3,3,4,3.00,0.33,,
hospital_room                ,4,3,2,2,3,3,4,3.00,0.67,,
pasture                      ,4,3,2,2,3,3,4,3.00,0.67,,
slum                         ,2,4,3,3,2,4,3,3.00,0.67,,
basement                     ,4,3,3,4,2,3,2,3.00,0.67,,
bow_window/indoor            ,3,3,2,2,3,3,5,3.00,1.00,,
bow_window/outdoor           ,3,3,2,2,3,3,5,3.00,1.00,,
flatlet                      ,3,3,2,2,3,3,5,3.00,1.00,,
alley                        ,2,4,3,2,4,4,2,3.00,1.00,,
baptistry/outdoor            ,4,2,2,3,4,2,4,3.00,1.00,,
church/outdoor               ,4,2,3,4,2,2,4,3.00,1.00,,
manufactured_home            ,5,2,3,3,3,2,3,3.00,1.00,,
veranda                      ,4,3,3,1,3,3,4,3.00,1.00,,
bakery/kitchen               ,3,4,3,2,1,4,4,3.00,1.33,,
barn                         ,4,2,3,3,5,2,2,3.00,1.33,,
gazebo/exterior              ,5,2,3,3,2,2,4,3.00,1.33,,
mansion                      ,4,2,3,2,3,2,5,3.00,1.33,,
mountain_snowy               ,3,4,3,2,4,4,1,3.00,1.33,,
study_hall                   ,5,2,3,3,2,2,4,3.00,1.33,,
walkway                      ,5,2,3,3,2,2,4,3.00,1.33,,
archipelago                  ,3,3,3,3,3,3,2,2.86,0.14,,
backstairs                   ,3,3,2,3,3,3,3,2.86,0.14,,
canyon                       ,3,3,2,3,3,3,3,2.86,0.14,,
computer_room                ,3,3,3,3,3,3,2,2.86,0.14,,
corner                       ,3,3,2,3,3,3,3,2.86,0.14,,
exhibition_hall              ,3,3,3,3,3,3,2,2.86,0.14,,
front_porch                  ,3,3,3,3,3,3,2,2.86,0.14,,
pawnshop                     ,3,3,3,3,3,3,2,2.86,0.14,,
pawnshop_outdoor             ,3,3,3,3,3,3,2,2.86,0.14,,
podium/indoor                ,3,3,3,3,3,3,2,2.86,0.14,,
podium/outdoor               ,3,3,3,3,3,3,2,2.86,0.14,,
shed                         ,3,3,3,3,2,3,3,2.86,0.14,,
stage_set                    ,3,3,3,3,3,3,2,2.86,0.14,,
veterinarians_office         ,3,3,3,3,3,3,2,2.86,0.14,,
deck-house_boat_deck_house   ,3,3,3,2,3,3,3,2.86,0.14,,
hacienda                     ,3,3,3,2,3,3,3,2.86,0.14,,
quonset_hut/indoor           ,3,3,3,2,3,3,3,2.86,0.14,,
quonset_hut/outdoor          ,3,3,3,2,3,3,3,2.86,0.14,,
temple/east_asia             ,3,3,3,2,3,3,3,2.86,0.14,,
temple/south_asia            ,3,3,3,2,3,3,3,2.86,0.14,,
temple/western               ,3,3,3,2,3,3,3,2.86,0.14,,
coast_road                   ,2,3,3,3,3,3,3,2.86,0.14,,
road                         ,2,3,3,3,3,3,3,2.86,0.14,,
rope_bridge                  ,2,3,3,3,3,3,3,2.86,0.14,,
sunroom                      ,2,3,3,3,3,3,3,2.86,0.14,,
bookshelf                    ,4,3,2,2,3,3,3,2.86,0.48,,
dance_floor                  ,4,3,2,2,3,3,3,2.86,0.48,,
nook                         ,4,3,2,2,3,3,3,2.86,0.48,,
attic                        ,4,3,2,3,3,3,2,2.86,0.48,,
balustrade                   ,3,3,2,3,4,3,2,2.86,0.48,,
box_seat                     ,4,3,3,2,3,3,2,2.86,0.48,,
closet                       ,4,3,2,3,3,3,2,2.86,0.48,,
natural_spring               ,4,3,3,2,3,3,2,2.86,0.48,,
newsstand/indoor             ,4,3,3,2,3,3,2,2.86,0.48,,
palace                       ,4,3,3,2,3,3,2,2.86,0.48,,
palace_hall                  ,4,3,3,2,3,3,2,2.86,0.48,,
terrace_farm                 ,4,3,3,2,3,3,2,2.86,0.48,,
chapel                       ,4,2,3,3,2,2,4,2.86,0.81,,
pond                         ,4,2,3,3,2,2,4,2.86,0.81,,
shelter                      ,3,3,3,3,1,3,4,2.86,0.81,,
batting_cage/outdoor         ,3,2,3,4,4,2,2,2.86,0.81,,
lecture_room                 ,4,2,4,3,2,2,3,2.86,0.81,,
shoe_shop                    ,4,2,3,2,4,2,3,2.86,0.81,,
hedgerow                     ,4,3,3,3,3,3,1,2.86,0.81,,
mesa                         ,4,3,3,3,3,3,1,2.86,0.81,,
riding_arena                 ,4,3,3,3,3,3,1,2.86,0.81,,
delicatessen                 ,5,2,3,3,2,2,3,2.86,1.14,,
gazebo/interior              ,5,2,3,3,2,2,3,2.86,1.14,,
lobby                        ,5,2,3,3,2,2,3,2.86,1.14,,
vegetable_garden             ,5,2,3,3,2,2,3,2.86,1.14,,
galley                       ,3,4,2,2,4,4,1,2.86,1.48,,
hut                          ,5,2,3,2,2,2,4,2.86,1.48,,
washhouse/indoor             ,5,3,3,1,3,3,2,2.86,1.48,,
washhouse/outdoor            ,5,3,3,1,3,3,2,2.86,1.48,,
backstairs_indoor            ,3,3,2,3,3,3,2,2.71,0.24,,
cellar                       ,3,3,2,3,3,3,2,2.71,0.24,,
cemetery                     ,3,3,2,2,3,3,3,2.71,0.24,,
corral                       ,3,3,2,3,3,3,2,2.71,0.24,,
fairway                      ,3,3,2,3,3,3,2,2.71,0.24,,
passage/outdoor              ,3,3,2,2,3,3,3,2.71,0.24,,
tract_housing                ,3,3,2,2,3,3,3,2.71,0.24,,
bayou                        ,3,3,3,2,3,3,2,2.71,0.24,,
bus_depot/indoor             ,3,3,3,2,3,3,2,2.71,0.24,,
bus_depot/outdoor            ,3,3,3,2,3,3,2,2.71,0.24,,
great_hall                   ,3,3,3,2,3,3,2,2.71,0.24,,
jetty                        ,3,3,3,2,3,3,2,2.71,0.24,,
joss_house                   ,3,3,3,2,3,3,2,2.71,0.24,,
lighthouse                   ,3,3,3,2,3,3,2,2.71,0.24,,
piste_road                   ,3,3,3,2,3,3,2,2.71,0.24,,
roundhouse                   ,3,3,3,2,3,3,2,2.71,0.24,,
zen_garden                   ,3,3,3,2,3,3,2,2.71,0.24,,
barndoor                     ,3,2,3,3,3,2,3,2.71,0.24,,
basin_outdoor                ,3,3,3,2,2,3,3,2.71,0.24,,
shelter_tent                 ,3,3,3,2,2,3,3,2.71,0.24,,
coffee_shop                  ,4,3,2,2,3,3,2,2.71,0.57,,
stall                        ,4,3,2,2,3,3,2,2.71,0.57,,
strand                       ,4,3,2,2,3,3,2,2.71,0.57,,
creek                        ,4,2,3,3,2,2,3,2.71,0.57,,
field_house                  ,4,2,3,3,2,2,3,2.71,0.57,,
hill                         ,4,2,3,3,2,2,3,2.71,0.57,,
locker_room                  ,4,2,3,3,2,2,3,2.71,0.57,,
poolroom/home                ,4,2,2,3,3,2,3,2.71,0.57,,
shelter_deck                 ,3,3,3,3,1,3,3,2.71,0.57,,
teahouse                     ,4,2,3,3,2,2,3,2.71,0.57,,
tearoom                      ,4,2,3,3,2,2,3,2.71,0.57,,
temple/mesoamerican          ,3,3,3,1,3,3,3,2.71,0.57,,
ticket_booth                 ,4,2,3,3,2,2,3,2.71,0.57,,
topiary_garden               ,4,2,3,3,2,2,3,2.71,0.57,,
barnyard                     ,4,2,3,3,3,2,2,2.71,0.57,,
batting_cage/indoor          ,3,2,3,4,3,2,2,2.71,0.57,,
flume_indoor                 ,3,2,3,3,2,2,4,2.71,0.57,,
observatory/outdoor          ,3,2,3,3,2,2,4,2.71,0.57,,
pontoon_bridge               ,3,3,3,3,3,3,1,2.71,0.57,,
salon                        ,3,2,3,3,2,2,4,2.71,0.57,,
waterscape                   ,3,2,3,3,2,2,4,2.71,0.57,,
baptistry/indoor             ,4,2,2,3,2,2,4,2.71,0.90,,
breakroom                    ,4,2,3,2,2,2,4,2.71,0.90,,
crosswalk                    ,2,2,3,4,2,2,4,2.71,0.90,,
hot_spring                   ,4,2,3,2,2,2,4,2.71,0.90,,
hot_tub/outdoor              ,4,2,2,3,2,2,4,2.71,0.90,,
jacuzzi/outdoor              ,4,2,2,3,2,2,4,2.71,0.90,,
plantation_house             ,4,2,3,2,2,2,4,2.71,0.90,,
preserve                     ,4,2,3,2,2,2,4,2.71,0.90,,
security_check_point         ,3,2,2,2,4,2,4,2.71,0.90,,
suite                        ,2,3,3,1,3,3,4,2.71,0.90,,
bamboo_forest                ,4,2,2,3,4,2,2,2.71,0.90,,
bank/indoor                  ,4,2,2,2,4,2,3,2.71,0.90,,
bank/outdoor                 ,4,2,2,2,4,2,3,2.71,0.90,,
beauty_salon                 ,4,2,3,2,4,2,2,2.71,0.90,,
music_store                  ,4,2,3,4,2,2,2,2.71,0.90,,
pantry                       ,4,2,3,4,2,2,2,2.71,0.90,,
swimming_hole                ,4,2,4,3,2,2,2,2.71,0.90,,
motel                        ,5,2,3,2,2,2,3,2.71,1.24,,
snowbank                     ,3,2,3,4,4,2,1,2.71,1.24,,
banquet_hall                 ,3,2,2,2,5,2,3,2.71,1.24,,
ocean                        ,5,2,3,3,2,2,2,2.71,1.24,,
woodland                     ,5,2,2,3,3,2,2,2.71,1.24,,
sewing_room                  ,3,2,3,2,3,2,3,2.57,0.29,,
shrine                       ,3,2,3,2,3,2,3,2.57,0.29,,
sushi_bar                    ,3,2,2,3,3,2,3,2.57,0.29,,
artists_loft                 ,3,3,2,2,3,3,2,2.57,0.29,,
auto_showroom                ,3,3,2,2,3,3,2,2.57,0.29,,
caravansary                  ,2,3,2,2,3,3,3,2.57,0.29,,
dairy/outdoor                ,2,3,3,2,3,3,2,2.57,0.29,,
dock                         ,3,2,3,3,2,2,3,2.57,0.29,,
fabric_store                 ,3,2,3,3,2,2,3,2.57,0.29,,
fence                        ,3,2,3,3,2,2,3,2.57,0.29,,
kennel/indoor                ,3,3,2,2,3,3,2,2.57,0.29,,
kennel/outdoor               ,3,3,2,2,3,3,2,2.57,0.29,,
observatory/indoor           ,3,2,3,3,2,2,3,2.57,0.29,,
ramp                         ,3,2,3,3,2,2,3,2.57,0.29,,
revolving_door               ,3,2,3,3,2,2,3,2.57,0.29,,
storm_cellar                 ,2,3,2,3,3,3,2,2.57,0.29,,
bog                          ,3,3,3,2,3,3,1,2.57,0.62,,
diving_board                 ,3,2,3,4,2,2,2,2.57,0.62,,
embassy                      ,3,3,2,3,3,3,1,2.57,0.62,,
field/cultivated             ,4,2,3,3,2,2,2,2.57,0.62,,
forest/broadleaf             ,4,2,3,3,2,2,2,2.57,0.62,,
forest/needleleaf            ,4,2,3,3,2,2,2,2.57,0.62,,
forest_path                  ,4,2,3,3,2,2,2,2.57,0.62,,
greenhouse/indoor            ,4,2,3,3,2,2,2,2.57,0.62,,
greenhouse/outdoor           ,4,2,3,3,2,2,2,2.57,0.62,,
grove                        ,4,2,3,3,2,2,2,2.57,0.62,,
harbor                       ,3,3,3,2,3,3,1,2.57,0.62,,
hearth                       ,4,2,3,3,2,2,2,2.57,0.62,,
herb_garden                  ,4,2,3,3,2,2,2,2.57,0.62,,
lagoon                       ,3,3,3,2,3,3,1,2.57,0.62,,
marsh                        ,3,3,3,2,3,3,1,2.57,0.62,,
mess_hall                    ,4,2,3,3,2,2,2,2.57,0.62,,
mezzanine                    ,4,2,3,3,2,2,2,2.57,0.62,,
portrait_studio              ,4,2,3,3,2,2,2,2.57,0.62,,
putting_green                ,4,2,3,3,2,2,2,2.57,0.62,,
stable                       ,3,3,3,3,2,3,1,2.57,0.62,,
tree_farm                    ,4,2,3,3,2,2,2,2.57,0.62,,
underwater/ocean_shallow     ,3,2,4,3,2,2,2,2.57,0.62,,
valley                       ,4,2,3,3,2,2,2,2.57,0.62,,
car_interior/frontseat       ,4,2,2,3,2,2,3,2.57,0.62,,
carport/indoor               ,4,2,2,3,2,2,3,2.57,0.62,,
hot_tub/indoor               ,4,2,2,3,2,2,3,2.57,0.62,,
jacuzzi/indoor               ,4,2,2,3,2,2,3,2.57,0.62,,
penthouse                    ,4,2,3,2,2,2,3,2.57,0.62,,
skyscraper                   ,3,2,3,2,4,2,2,2.57,0.62,,
tea_garden                   ,4,2,3,2,2,2,3,2.57,0.62,,
vestibule                    ,4,2,3,2,2,2,3,2.57,0.62,,
bullpen                      ,3,3,3,1,3,3,2,2.57,0.62,,
butchers_shop                ,3,2,2,3,2,2,4,2.57,0.62,,
hat_shop                     ,3,2,3,2,2,2,4,2.57,0.62,,
hutment                      ,3,2,3,2,2,2,4,2.57,0.62,,
lookout_station/indoor       ,3,3,3,1,3,3,2,2.57,0.62,,
lookout_station/outdoor      ,3,3,3,1,3,3,2,2.57,0.62,,
one-way_street               ,2,2,3,3,2,2,4,2.57,0.62,,
pallet/indoor                ,3,2,3,2,2,2,4,2.57,0.62,,
parlor                       ,3,2,3,2,2,2,4,2.57,0.62,,
access_road                  ,3,3,2,1,4,3,2,2.57,0.95,,
bomb_shelter/indoor          ,4,3,2,2,3,3,1,2.57,0.95,,
pub/outdoor                  ,4,3,2,1,3,3,2,2.57,0.95,,
optician                     ,4,2,2,2,2,2,4,2.57,0.95,,
art_studio                   ,5,2,2,3,2,2,2,2.57,1.29,,
parkway                      ,5,2,3,2,2,2,2,2.57,1.29,,
bathhouse                    ,4,2,3,1,4,2,2,2.57,1.29,,
bathhouse_outdoor            ,4,2,3,1,4,2,2,2.57,1.29,,
student_residence            ,4,2,3,1,2,2,4,2.57,1.29,,
vinery                       ,5,2,2,2,2,2,3,2.57,1.29,,
batters_box                  ,3,2,2,3,3,2,2,2.43,0.29,,
oast_house                   ,3,2,3,2,3,2,2,2.43,0.29,,
print_shop                   ,3,2,3,2,3,2,2,2.43,0.29,,
scullery                     ,2,3,3,2,2,3,2,2.43,0.29,,
semidesert                   ,3,2,3,2,3,2,2,2.43,0.29,,
wetland                      ,3,2,3,2,3,2,2,2.43,0.29,,
wheat_field                  ,3,2,3,2,3,2,2,2.43,0.29,,
backdrop                     ,3,2,2,3,2,2,3,2.43,0.29,,
cavern/indoor                ,2,3,2,2,3,3,2,2.43,0.29,,
cavern/outdoor               ,2,3,2,2,3,3,2,2.43,0.29,,
choir_loft/exterior          ,3,2,2,3,2,2,3,2.43,0.29,,
choir_loft/interior          ,3,2,2,3,2,2,3,2.43,0.29,,
cubicle/library              ,3,2,3,3,2,2,2,2.43,0.29,,
dress_shop                   ,3,2,3,2,2,2,3,2.43,0.29,,
field_road                   ,3,2,3,2,2,2,3,2.43,0.29,,
fireplace                    ,3,2,3,2,2,2,3,2.43,0.29,,
forecourt                    ,3,2,3,3,2,2,2,2.43,0.29,,
foreshore                    ,3,2,3,3,2,2,2,2.43,0.29,,
geodesic_dome/indoor         ,3,2,3,3,2,2,2,2.43,0.29,,
geodesic_dome/outdoor        ,3,2,3,3,2,2,2,2.43,0.29,,
grape_arbor                  ,3,2,3,3,2,2,2,2.43,0.29,,
guildhall                    ,3,2,3,2,2,2,3,2.43,0.29,,
hen_yard                     ,3,2,3,2,2,2,3,2.43,0.29,,
jewelry_shop                 ,3,2,3,2,2,2,3,2.43,0.29,,
loggia/outdoor               ,3,2,3,3,2,2,2,2.43,0.29,,
medina                       ,3,2,3,2,2,2,3,2.43,0.29,,
mews                         ,3,2,3,2,2,2,3,2.43,0.29,,
mission                      ,3,2,3,3,2,2,2,2.43,0.29,,
outbuilding                  ,3,2,2,3,2,2,3,2.43,0.29,,
outcropping                  ,3,2,3,3,2,2,2,2.43,0.29,,
parking_garage/indoor        ,3,2,3,3,2,2,2,2.43,0.29,,
parking_garage/outdoor       ,3,2,3,3,2,2,2,2.43,0.29,,
parking_lot                  ,3,2,3,3,2,2,2,2.43,0.29,,
phone_booth                  ,3,2,3,2,2,2,3,2.43,0.29,,
pitchers_mound               ,3,2,3,3,2,2,2,2.43,0.29,,
portico                      ,3,2,3,2,2,2,3,2.43,0.29,,
powder_room                  ,3,2,3,2,2,2,3,2.43,0.29,,
rectory                      ,3,2,3,3,2,2,2,2.43,0.29,,
stone_circle                 ,3,2,3,3,2,2,2,2.43,0.29,,
tower                        ,3,2,3,2,2,2,3,2.43,0.29,,
waterway                     ,2,2,3,2,3,2,3,2.43,0.29,,
wharf                        ,3,2,3,2,2,2,3,2.43,0.29,,
windmill                     ,3,2,3,3,2,2,2,2.43,0.29,,
artists_loft/questionable    ,3,3,2,1,3,3,2,2.43,0.62,,
ballroom                     ,3,2,2,2,4,2,2,2.43,0.62,,
canal/urban                  ,3,3,2,1,3,3,2,2.43,0.62,,
carport/freestanding         ,4,2,2,3,2,2,2,2.43,0.62,,
carport/outdoor              ,4,2,2,3,2,2,2,2.43,0.62,,
dam                          ,1,3,3,2,3,3,2,2.43,0.62,,
field_tent_indoor            ,3,2,4,2,2,2,2,2.43,0.62,,
field_tent_outdoor           ,3,2,4,2,2,2,2,2.43,0.62,,
forest_road                  ,4,2,3,2,2,2,2,2.43,0.62,,
golf_course                  ,4,2,3,2,2,2,2,2.43,0.62,,
lean-to_tent                 ,4,2,3,2,2,2,2,2.43,0.62,,
moor                         ,4,2,3,2,2,2,2,2.43,0.62,,
nursing_home                 ,4,2,2,3,2,2,2,2.43,0.62,,
nursing_home_outdoor         ,4,2,2,3,2,2,2,2.43,0.62,,
outhouse/indoor              ,4,2,3,2,2,2,2,2.43,0.62,,
outhouse/outdoor             ,4,2,3,2,2,2,2,2.43,0.62,,
pagoda                       ,4,2,3,2,2,2,2,2.43,0.62,,
squash_court                 ,4,2,3,2,2,2,2,2.43,0.62,,
vestry                       ,4,2,3,2,2,2,2,2.43,0.62,,
victory_garden               ,4,2,3,2,2,2,2,2.43,0.62,,
vineyard                     ,4,2,2,3,2,2,2,2.43,0.62,,
bicycle_racks                ,2,3,2,3,3,3,1,2.43,0.62,,
dairy/indoor                 ,2,3,3,2,3,3,1,2.43,0.62,,
formal_garden                ,4,2,2,2,2,2,3,2.43,0.62,,
freeway                      ,2,3,2,3,3,3,1,2.43,0.62,,
highway                      ,2,3,2,3,3,3,1,2.43,0.62,,
home_office                  ,4,2,2,2,2,2,3,2.43,0.62,,
laboratorywet                ,2,3,2,3,3,3,1,2.43,0.62,,
fjord                        ,4,2,3,3,2,2,1,2.43,0.95,,
floating_dock                ,3,2,4,3,2,2,1,2.43,0.95,,
glade                        ,4,2,3,3,2,2,1,2.43,0.95,,
hayfield                     ,4,2,3,3,2,2,1,2.43,0.95,,
hillock                      ,4,2,3,3,2,2,1,2.43,0.95,,
hollow                       ,4,2,3,3,2,2,1,2.43,0.95,,
shrubbery                    ,3,2,3,2,1,2,4,2.43,0.95,,
snowfield                    ,3,2,3,4,2,2,1,2.43,0.95,,
abbey                        ,4,2,2,1,4,2,2,2.43,1.29,,
workshop                     ,2,2,2,2,3,2,3,2.29,0.24,,
backroom                     ,3,2,3,2,2,2,2,2.29,0.24,,
backstage                    ,3,2,3,2,2,2,2,2.29,0.24,,
bulkhead                     ,3,2,3,2,2,2,2,2.29,0.24,,
chicken_coop/indoor          ,3,2,2,3,2,2,2,2.29,0.24,,
chicken_coop/outdoor         ,3,2,2,3,2,2,2,2.29,0.24,,
covered_bridge/exterior      ,3,2,3,2,2,2,2,2.29,0.24,,
covered_bridge/interior      ,3,2,3,2,2,2,2,2.29,0.24,,
desert_road                  ,2,2,3,2,2,2,3,2.29,0.24,,
estaminet                    ,3,2,2,3,2,2,2,2.29,0.24,,
gorge                        ,2,2,3,3,2,2,2,2.29,0.24,,
gulch                        ,3,2,3,2,2,2,2,2.29,0.24,,
jungle                       ,3,2,3,2,2,2,2,2.29,0.24,,
loge                         ,3,2,3,2,2,2,2,2.29,0.24,,
megalith                     ,3,2,3,2,2,2,2,2.29,0.24,,
mens_store_outdoor           ,3,2,3,2,2,2,2,2.29,0.24,,
merlon                       ,3,2,3,2,2,2,2,2.29,0.24,,
millpond                     ,3,2,3,2,2,2,2,2.29,0.24,,
millrace                     ,3,2,3,2,2,2,2,2.29,0.24,,
moat/dry                     ,3,2,3,2,2,2,2,2.29,0.24,,
mountain                     ,3,2,3,2,2,2,2,2.29,0.24,,
mountain_path                ,3,2,3,2,2,2,2,2.29,0.24,,
mountain_road                ,3,2,3,2,2,2,2,2.29,0.24,,
mudflat                      ,3,2,3,2,2,2,2,2.29,0.24,,
music_studio                 ,3,2,3,2,2,2,2,2.29,0.24,,
palestra                     ,3,2,3,2,2,2,2,2.29,0.24,,
perfume_shop                 ,3,2,3,2,2,2,2,2.29,0.24,,
pinetum                      ,3,2,3,2,2,2,2,2.29,0.24,,
poop_deck                    ,3,2,2,3,2,2,2,2.29,0.24,,
postern                      ,3,2,3,2,2,2,2,2.29,0.24,,
priory                       ,3,2,3,2,2,2,2,2.29,0.24,,
quadrangle                   ,2,2,3,2,2,2,3,2.29,0.24,,
racecourse                   ,3,2,3,2,2,2,2,2.29,0.24,,
rainforest                   ,3,2,3,2,2,2,2,2.29,0.24,,
root_cellar                  ,3,2,2,3,2,2,2,2.29,0.24,,
sauna                        ,3,2,2,3,2,2,2,2.29,0.24,,
savanna                      ,3,2,3,2,2,2,2,2.29,0.24,,
scriptorium                  ,3,2,3,2,2,2,2,2.29,0.24,,
underwater/coral_reef        ,3,2,2,3,2,2,2,2.29,0.24,,
waterfall/cascade            ,2,2,3,3,2,2,2,2.29,0.24,,
wave                         ,2,2,3,3,2,2,2,2.29,0.24,,
wrestling_ring/indoor        ,3,2,3,2,2,2,2,2.29,0.24,,
apse/indoor                  ,3,2,2,2,2,2,3,2.29,0.24,,
apse/outdoor                 ,3,2,2,2,2,2,3,2.29,0.24,,
backstage_outdoor            ,3,2,2,2,2,2,3,2.29,0.24,,
bypass                       ,2,2,2,3,2,2,3,2.29,0.24,,
chicken_farm/indoor          ,3,2,2,2,2,2,3,2.29,0.24,,
chicken_farm/outdoor         ,3,2,2,2,2,2,3,2.29,0.24,,
cloister/indoor              ,3,2,2,2,2,2,3,2.29,0.24,,
cloister/outdoor             ,3,2,2,2,2,2,3,2.29,0.24,,
customhouse                  ,3,2,2,2,2,2,3,2.29,0.24,,
hunting_lodge/indoor         ,3,2,2,2,2,2,3,2.29,0.24,,
limousine_interior           ,3,2,2,2,2,2,3,2.29,0.24,,
mental_institution/outdoor   ,3,2,2,2,2,2,3,2.29,0.24,,
refectory                    ,3,2,2,2,2,2,3,2.29,0.24,,
taxistand                    ,3,2,2,2,2,2,3,2.29,0.24,,
truck_stop                   ,3,2,2,2,2,2,3,2.29,0.24,,
spa/massage_room             ,3,2,2,2,3,2,2,2.29,0.24,,
spa/mineral_bath             ,3,2,2,2,3,2,2,2.29,0.24,,
storage_room                 ,3,2,2,2,3,2,2,2.29,0.24,,
wind_farm                    ,3,2,2,2,3,2,2,2.29,0.24,,
gatehouse                    ,3,2,3,1,2,2,3,2.29,0.57,,
brickyard/indoor             ,2,2,4,2,2,2,2,2.29,0.57,,
brickyard/outdoor            ,2,2,4,2,2,2,2,2.29,0.57,,
bullring                     ,1,3,2,2,3,3,2,2.29,0.57,,
catacomb                     ,2,3,1,2,3,3,2,2.29,0.57,,
cybercafe                    ,4,2,2,2,2,2,2,2.29,0.57,,
monastery/indoor             ,4,2,2,2,2,2,2,2.29,0.57,,
monastery/outdoor            ,4,2,2,2,2,2,2,2.29,0.57,,
nunnery                      ,4,2,2,2,2,2,2,2.29,0.57,,
observation_station          ,3,2,3,2,3,2,1,2.29,0.57,,
observatory_post             ,3,2,3,2,3,2,1,2.29,0.57,,
poolroom/establishment       ,4,2,2,2,2,2,2,2.29,0.57,,
rice_paddy                   ,4,2,2,2,2,2,2,2.29,0.57,,
rotisserie                   ,2,3,2,1,3,3,2,2.29,0.57,,
seawall                      ,2,2,2,2,4,2,2,2.29,0.57,,
traffic_island               ,4,2,2,2,2,2,2,2.29,0.57,,
bric-a-brac                  ,2,2,2,2,2,2,4,2.29,0.57,,
cockpit                      ,2,3,2,2,3,3,1,2.29,0.57,,
dugout                       ,3,2,3,3,2,2,1,2.29,0.57,,
fly_bridge                   ,3,2,3,3,2,2,1,2.29,0.57,,
hayloft                      ,3,2,3,3,2,2,1,2.29,0.57,,
heronry                      ,3,2,3,3,2,2,1,2.29,0.57,,
ice_shelf                    ,2,3,2,2,3,3,1,2.29,0.57,,
landing                      ,3,2,3,3,2,2,1,2.29,0.57,,
layby                        ,3,2,3,3,2,2,1,2.29,0.57,,
mausoleum                    ,2,3,2,2,3,3,1,2.29,0.57,,
aqueduct                     ,3,3,2,1,3,3,1,2.29,0.90,,
beer_garden                  ,3,3,2,1,3,3,1,2.29,0.90,,
canal/natural                ,3,3,2,1,3,3,1,2.29,0.90,,
field/wild                   ,4,2,3,2,2,2,1,2.29,0.90,,
glen                         ,4,2,3,2,2,2,1,2.29,0.90,,
grotto                       ,4,2,3,2,2,2,1,2.29,0.90,,
lean-to                      ,4,2,3,2,2,2,1,2.29,0.90,,
oasis                        ,4,2,3,2,2,2,1,2.29,0.90,,
belfry                       ,2,2,2,2,2,2,3,2.14,0.14,,
clock_tower/indoor           ,2,2,2,2,2,2,3,2.14,0.14,,
desert/sand                  ,2,2,3,2,2,2,2,2.14,0.14,,
desert/vegetation            ,2,2,3,2,2,2,2,2.14,0.14,,
landing_deck                 ,2,2,2,2,2,2,3,2.14,0.14,,
meat_house                   ,2,2,3,2,2,2,2,2.14,0.14,,
pig_farm                     ,2,2,2,2,2,2,3,2.14,0.14,,
restaurant_kitchen           ,2,2,3,2,2,2,2,2.14,0.14,,
rock_arch                    ,2,2,3,2,2,2,2,2.14,0.14,,
roof                         ,2,2,2,2,2,2,3,2.14,0.14,,
roundabout                   ,2,2,3,2,2,2,2,2.14,0.14,,
signal_box                   ,2,2,3,2,2,2,2,2.14,0.14,,
toll_plaza                   ,2,2,2,2,2,2,3,2.14,0.14,,
trellis                      ,2,2,2,2,2,2,3,2.14,0.14,,
water_mill                   ,2,2,3,2,2,2,2,2.14,0.14,,
waterfall/fan                ,2,2,2,2,3,2,2,2.14,0.14,,
wrestling_ring/outdoor       ,2,2,3,2,2,2,2,2.14,0.14,,
ruin                         ,2,2,2,3,2,2,2,2.14,0.14,,
sea_cliff                    ,2,2,2,3,2,2,2,2.14,0.14,,
waterfall/block              ,2,2,2,3,2,2,2,2.14,0.14,,
chaparral                    ,3,2,2,2,2,2,2,2.14,0.14,,
conference_center            ,3,2,2,2,2,2,2,2.14,0.14,,
conference_hall              ,3,2,2,2,2,2,2,2.14,0.14,,
conference_room              ,3,2,2,2,2,2,2,2.14,0.14,,
confessional                 ,3,2,2,2,2,2,2,2.14,0.14,,
courtroom                    ,3,2,2,2,2,2,2,2.14,0.14,,
driving_range/indoor         ,3,2,2,2,2,2,2,2.14,0.14,,
driving_range/outdoor        ,3,2,2,2,2,2,2,2.14,0.14,,
embankment                   ,3,2,2,2,2,2,2,2.14,0.14,,
fortress                     ,3,2,2,2,2,2,2,2.14,0.14,,
gangplank                    ,3,2,2,2,2,2,2,2.14,0.14,,
howdah                       ,3,2,2,2,2,2,2,2.14,0.14,,
hunting_lodge/outdoor        ,3,2,2,2,2,2,2,2.14,0.14,,
inlet                        ,3,2,2,2,2,2,2,2.14,0.14,,
mental_institution/indoor    ,3,2,2,2,2,2,2,2.14,0.14,,
morass                       ,3,2,2,2,2,2,2,2.14,0.14,,
orlop_deck                   ,3,2,2,2,2,2,2,2.14,0.14,,
pulpit                       ,3,2,2,2,2,2,2,2.14,0.14,,
throne_room                  ,3,2,2,2,2,2,2,2.14,0.14,,
velodrome/indoor             ,3,2,2,2,2,2,2,2.14,0.14,,
velodrome/outdoor            ,3,2,2,2,2,2,2,2.14,0.14,,
archive                      ,3,2,3,2,2,2,1,2.14,0.48,,
bottomland                   ,3,2,3,2,2,2,1,2.14,0.48,,
butte                        ,3,2,2,3,2,2,1,2.14,0.48,,
clean_room                   ,2,2,3,3,2,2,1,2.14,0.48,,
courthouse                   ,3,2,2,3,2,2,1,2.14,0.48,,
dirt_track                   ,3,2,3,2,2,2,1,2.14,0.48,,
donjon                       ,3,2,3,2,2,2,1,2.14,0.48,,
feed_bunk                    ,3,2,3,2,2,2,1,2.14,0.48,,
flashflood                   ,3,2,2,3,2,2,1,2.14,0.48,,
floating_dry_dock            ,3,2,3,2,2,2,1,2.14,0.48,,
flood_plain                  ,3,2,2,3,2,2,1,2.14,0.48,,
hatchway                     ,3,2,3,2,2,2,1,2.14,0.48,,
islet                        ,3,2,3,2,2,2,1,2.14,0.48,,
lift_bridge                  ,3,2,3,2,2,2,1,2.14,0.48,,
mastaba                      ,3,2,3,2,2,2,1,2.14,0.48,,
moat/water                   ,3,2,3,2,2,2,1,2.14,0.48,,
raceway                      ,3,2,3,2,2,2,1,2.14,0.48,,
rift_valley                  ,3,2,3,2,2,2,1,2.14,0.48,,
science_laboratory           ,3,2,2,3,2,2,1,2.14,0.48,,
ski_jump                     ,3,2,3,2,2,2,1,2.14,0.48,,
trestle_bridge               ,3,2,3,2,2,2,1,2.14,0.48,,
ziggurat                     ,3,2,2,3,2,2,1,2.14,0.48,,
granary                      ,3,2,3,1,2,2,2,2.14,0.48,,
hatchery                     ,3,2,3,1,2,2,2,2.14,0.48,,
imaret                       ,3,2,3,1,2,2,2,2.14,0.48,,
lower_deck                   ,3,2,3,1,2,2,2,2.14,0.48,,
mill                         ,3,2,3,1,2,2,2,2.14,0.48,,
widows_walk_indoor           ,1,2,3,2,3,2,2,2.14,0.48,,
winery                       ,3,2,2,1,3,2,2,2.14,0.48,,
widows_walk/interior         ,1,2,3,2,2,2,3,2.14,0.48,,
boxing_ring                  ,2,3,1,2,3,3,1,2.14,0.81,,
scrubland                    ,4,2,3,2,1,2,1,2.14,1.14,,
berth_deck                   ,2,2,2,2,2,2,2,2.00,0.00,,
byroad                       ,2,2,2,2,2,2,2,2.00,0.00,,
car_dealership               ,2,2,2,2,2,2,2,2.00,0.00,,
cheese_factory               ,2,2,2,2,2,2,2,2.00,0.00,,
cloakroom/room               ,2,2,2,2,2,2,2,2.00,0.00,,
escarpment                   ,2,2,2,2,2,2,2,2.00,0.00,,
fish_farm                    ,2,2,2,2,2,2,2,2.00,0.00,,
funeral_chapel               ,2,2,2,2,2,2,2,2.00,0.00,,
funeral_home                 ,2,2,2,2,2,2,2,2.00,0.00,,
grave                        ,2,2,2,2,2,2,2,2.00,0.00,,
junk_pile                    ,2,2,2,2,2,2,2,2.00,0.00,,
junkyard                     ,2,2,2,2,2,2,2,2.00,0.00,,
operating_room               ,2,2,2,2,2,2,2,2.00,0.00,,
operating_table              ,2,2,2,2,2,2,2,2.00,0.00,,
organ_loft/exterior          ,2,2,2,2,2,2,2,2.00,0.00,,
police_station               ,2,2,2,2,2,2,2,2.00,0.00,,
threshing_floor              ,2,2,2,2,2,2,2,2.00,0.00,,
waterfall/cataract           ,2,2,2,2,2,2,2,2.00,0.00,,
whispering_gallery           ,2,2,2,2,2,2,2,2.00,0.00,,
workroom                     ,2,2,2,2,2,2,2,2.00,0.00,,
cliff                        ,1,2,2,3,2,2,2,2.00,0.33,,
overpass                     ,1,2,3,2,2,2,2,2.00,0.33,,
sacristy                     ,3,2,2,1,2,2,2,2.00,0.33,,
sanatorium                   ,3,2,2,1,2,2,2,2.00,0.33,,
sand_trap                    ,3,2,2,1,2,2,2,2.00,0.33,,
shipping_room                ,3,2,2,1,2,2,2,2.00,0.33,,
starting_gate                ,3,2,2,1,2,2,2,2.00,0.33,,
stateroom                    ,3,2,2,1,2,2,2,2.00,0.33,,
streetcar_track              ,2,2,3,1,2,2,2,2.00,0.33,,
tidal_basin                  ,2,2,3,1,2,2,2,2.00,0.33,,
tiltyard                     ,3,2,2,1,2,2,2,2.00,0.33,,
tollgate                     ,2,2,2,1,2,2,3,2.00,0.33,,
turkish_bath                 ,3,2,2,1,2,2,2,2.00,0.33,,
utility_room                 ,1,2,2,2,2,2,3,2.00,0.33,,
watchtower                   ,1,2,3,2,2,2,2,2.00,0.33,,
waterfall/plunge             ,1,2,2,3,2,2,2,2.00,0.33,,
widows_walk/exterior         ,1,2,3,2,2,2,2,2.00,0.33,,
anechoic_chamber             ,3,2,2,2,2,2,1,2.00,0.33,,
archaelogical_excavation     ,3,2,2,2,2,2,1,2.00,0.33,,
chuck_wagon                  ,3,2,2,2,2,2,1,2.00,0.33,,
crevasse                     ,2,2,3,2,2,2,1,2.00,0.33,,
cubicle/office               ,3,2,2,2,2,2,1,2.00,0.33,,
ditch                        ,3,2,2,2,2,2,1,2.00,0.33,,
dry_dock                     ,3,2,2,2,2,2,1,2.00,0.33,,
flying_buttress              ,2,2,3,2,2,2,1,2.00,0.33,,
fort                         ,3,2,2,2,2,2,1,2.00,0.33,,
glacier                      ,2,2,2,3,2,2,1,2.00,0.33,,
hangar/indoor                ,2,2,3,2,2,2,1,2.00,0.33,,
hangar/outdoor               ,2,2,3,2,2,2,1,2.00,0.33,,
heliport                     ,2,2,3,2,2,2,1,2.00,0.33,,
jetliner/outside             ,2,2,3,2,2,2,1,2.00,0.33,,
jumbo_jet/outdoor            ,2,2,3,2,2,2,1,2.00,0.33,,
mansard                      ,3,2,2,2,2,2,1,2.00,0.33,,
open-hearth_furnace          ,2,2,2,3,2,2,1,2.00,0.33,,
pilothouse/indoor            ,3,2,2,2,2,2,1,2.00,0.33,,
pilothouse/outdoor           ,3,2,2,2,2,2,1,2.00,0.33,,
rain-wash                    ,2,2,3,2,2,2,1,2.00,0.33,,
repair_shop                  ,3,2,2,2,2,2,1,2.00,0.33,,
road_cut                     ,2,2,3,2,2,2,1,2.00,0.33,,
spillway                     ,2,2,3,2,2,2,1,2.00,0.33,,
swamp                        ,2,2,3,2,2,2,1,2.00,0.33,,
taxiway                      ,3,2,2,2,2,2,1,2.00,0.33,,
dolmen                       ,3,2,3,1,2,2,1,2.00,0.67,,
weighbridge                  ,3,2,3,1,2,2,1,2.00,0.67,,
air_base                     ,2,2,1,2,4,2,1,2.00,1.00,,
ice_floe                     ,1,3,2,1,3,3,1,2.00,1.00,,
luggage_van                  ,4,2,2,1,2,2,1,2.00,1.00,,
pub/indoor                   ,4,2,2,1,2,2,1,2.00,1.00,,
pumping_station              ,4,2,2,1,2,2,1,2.00,1.00,,
shipyard/outdoor             ,2,2,2,1,4,2,1,2.00,1.00,,
penalty_box                  ,3,1,3,3,1,1,2,2.00,1.00,,
backwoods                    ,4,1,3,2,2,1,1,2.00,1.33,,
bookbindery                  ,2,2,2,1,2,2,2,1.86,0.14,,
brewery/outdoor              ,2,2,2,1,2,2,2,1.86,0.14,,
casino/indoor                ,2,2,2,1,2,2,2,1.86,0.14,,
casino/outdoor               ,2,2,2,1,2,2,2,1.86,0.14,,
catwalk                      ,1,2,2,2,2,2,2,1.86,0.14,,
cloakroom/booth              ,2,2,2,1,2,2,2,1.86,0.14,,
elevated_catwalk             ,1,2,2,2,2,2,2,1.86,0.14,,
factory/outdoor              ,2,2,2,1,2,2,2,1.86,0.14,,
furnace_room                 ,2,2,2,1,2,2,2,1.86,0.14,,
garbage_dump                 ,2,2,2,1,2,2,2,1.86,0.14,,
railroad_track               ,1,2,2,2,2,2,2,1.86,0.14,,
saloon                       ,2,2,2,1,2,2,2,1.86,0.14,,
sky                          ,2,2,2,1,2,2,2,1.86,0.14,,
tidal_river                  ,2,2,2,1,2,2,2,1.86,0.14,,
tollbooth                    ,2,2,2,1,2,2,2,1.86,0.14,,
trading_floor                ,2,2,1,2,2,2,2,1.86,0.14,,
tunnel/waterway              ,2,2,2,1,2,2,2,1.86,0.14,,
viaduct                      ,2,2,2,1,2,2,2,1.86,0.14,,
warehouse/outdoor            ,2,2,2,1,2,2,2,1.86,0.14,,
waterfall/frozen             ,1,2,2,2,2,2,2,1.86,0.14,,
witness_stand                ,2,2,1,2,2,2,2,1.86,0.14,,
berth                        ,2,2,2,2,2,2,1,1.86,0.14,,
darkroom                     ,2,2,2,2,2,2,1,1.86,0.14,,
editing_room                 ,2,2,2,2,2,2,1,1.86,0.14,,
fire_station                 ,2,2,2,2,2,2,1,1.86,0.14,,
organ_loft/interior          ,2,2,2,2,2,2,1,1.86,0.14,,
oyster_farm                  ,2,2,2,2,2,2,1,1.86,0.14,,
rubble                       ,2,2,2,2,2,2,1,1.86,0.14,,
supply_chamber               ,2,2,2,2,2,2,1,1.86,0.14,,
tundra                       ,2,2,2,2,2,2,1,1.86,0.14,,
wet_bar                      ,1,2,2,1,3,2,2,1.86,0.48,,
badlands                     ,2,2,2,1,3,2,1,1.86,0.48,,
beer_hall                    ,2,2,2,1,3,2,1,1.86,0.48,,
bindery                      ,2,2,2,1,3,2,1,1.86,0.48,,
earth_fissure                ,1,2,2,3,2,2,1,1.86,0.48,,
embrasure                    ,3,2,2,1,2,2,1,1.86,0.48,,
firing_range/outdoor         ,1,2,2,3,2,2,1,1.86,0.48,,
flood                        ,1,2,2,3,2,2,1,1.86,0.48,,
guardhouse                   ,2,2,3,1,2,2,1,1.86,0.48,,
guardroom                    ,2,2,3,1,2,2,1,1.86,0.48,,
head_shop                    ,3,2,2,1,2,2,1,1.86,0.48,,
levee                        ,3,2,2,1,2,2,1,1.86,0.48,,
loading_dock                 ,2,2,3,1,2,2,1,1.86,0.48,,
lock_chamber                 ,3,2,2,1,2,2,1,1.86,0.48,,
sinkhole                     ,2,2,2,1,3,2,1,1.86,0.48,,
sugar_refinery               ,3,2,2,1,2,2,1,1.86,0.48,,
train_railway                ,3,2,2,1,2,2,1,1.86,0.48,,
water_gate                   ,1,2,3,2,2,2,1,1.86,0.48,,
betting_shop                 ,2,1,2,1,3,1,3,1.86,0.81,,
office_building              ,3,1,2,3,1,1,2,1.86,0.81,,
palisade                     ,3,1,3,2,1,1,2,1.86,0.81,,
estuary                      ,3,1,3,3,1,1,1,1.86,1.14,,
hoodoo                       ,3,1,3,3,1,1,1,1.86,1.14,,
airfield                     ,1,1,2,2,5,1,1,1.86,2.14,,
bank_vault                   ,1,2,1,1,5,2,1,1.86,2.14,,
bell_foundry                 ,1,2,1,2,2,2,2,1.71,0.24,,
kasbah                       ,2,2,1,1,2,2,2,1.71,0.24,,
quicksand                    ,1,2,2,1,2,2,2,1.71,0.24,,
walk_in_freezer              ,1,2,2,1,2,2,2,1.71,0.24,,
warehouse/indoor             ,1,2,2,1,2,2,2,1.71,0.24,,
water_tower                  ,1,2,1,2,2,2,2,1.71,0.24,,
wine_cellar/barrel_storage   ,2,2,1,1,2,2,2,1.71,0.24,,
army_base                    ,1,2,2,2,2,2,1,1.71,0.24,,
auto_racing_paddock          ,2,2,1,2,2,2,1,1.71,0.24,,
battlement                   ,2,2,1,2,2,2,1,1.71,0.24,,
factory/indoor               ,2,2,2,1,2,2,1,1.71,0.24,,
firing_range/indoor          ,1,2,2,2,2,2,1,1.71,0.24,,
landfill                     ,2,2,1,2,2,2,1,1.71,0.24,,
launchpad                    ,2,2,2,1,2,2,1,1.71,0.24,,
lumberyard/indoor            ,2,2,2,1,2,2,1,1.71,0.24,,
lumberyard/outdoor           ,2,2,2,1,2,2,1,1.71,0.24,,
machine_shop                 ,2,2,2,1,2,2,1,1.71,0.24,,
rolling_mill                 ,1,2,2,2,2,2,1,1.71,0.24,,
salt_plain                   ,2,2,2,1,2,2,1,1.71,0.24,,
steam_plant/outdoor          ,2,2,2,1,2,2,1,1.71,0.24,,
tannery                      ,2,2,2,1,2,2,1,1.71,0.24,,
thunderhead                  ,1,2,2,2,2,2,1,1.71,0.24,,
tunnel/road_indoor           ,1,2,2,2,2,2,1,1.71,0.24,,
tunnel/road_outdoor          ,1,2,2,2,2,2,1,1.71,0.24,,
underwater/ocean_deep        ,2,2,2,1,2,2,1,1.71,0.24,,
vat                          ,2,2,2,1,2,2,1,1.71,0.24,,
volcano                      ,1,2,2,2,2,2,1,1.71,0.24,,
windstorm                    ,1,2,2,2,2,2,1,1.71,0.24,,
server_room                  ,2,1,2,2,3,1,1,1.71,0.57,,
biology_laboratory           ,1,2,1,2,3,2,1,1.71,0.57,,
forklift                     ,3,2,1,1,2,2,1,1.71,0.57,,
lair                         ,3,2,1,1,2,2,1,1.71,0.57,,
office                       ,3,1,2,2,1,1,2,1.71,0.57,,
office_cubicles              ,3,1,2,2,1,1,2,1.71,0.57,,
orchestra_pit                ,2,1,2,3,1,1,2,1.71,0.57,,
oyster_bar                   ,3,1,2,2,1,1,2,1.71,0.57,,
retaining_wall               ,3,1,2,2,1,1,2,1.71,0.57,,
irrigation_ditch             ,3,1,3,1,1,1,2,1.71,0.90,,
menhir                       ,3,1,3,2,1,1,1,1.71,0.90,,
barrack                      ,1,2,1,1,4,2,1,1.71,1.24,,
aircraft_carrier_object      ,1,1,1,2,5,1,1,1.71,2.24,,
armory                       ,1,2,2,1,2,2,1,1.57,0.29,,
auto_factory                 ,1,2,2,1,2,2,1,1.57,0.29,,
burial_chamber               ,1,2,1,2,2,2,1,1.57,0.29,,
crane                        ,1,2,2,1,2,2,1,1.57,0.29,,
distillery                   ,1,2,2,1,2,2,1,1.57,0.29,,
iceberg                      ,1,2,2,1,2,2,1,1.57,0.29,,
incinerator/indoor           ,1,2,2,1,2,2,1,1.57,0.29,,
incinerator/outdoor          ,1,2,2,1,2,2,1,1.57,0.29,,
industrial_area              ,2,2,1,1,2,2,1,1.57,0.29,,
industrial_park              ,2,2,1,1,2,2,1,1.57,0.29,,
morgue                       ,1,2,2,1,2,2,1,1.57,0.29,,
runway                       ,1,2,2,1,2,2,1,1.57,0.29,,
strip_mine                   ,2,2,1,1,2,2,1,1.57,0.29,,
tobacco_shop/indoor          ,2,2,1,1,2,2,1,1.57,0.29,,
tunnel/rail_indoor           ,1,2,2,1,2,2,1,1.57,0.29,,
tunnel/rail_outdoor          ,1,2,2,1,2,2,1,1.57,0.29,,
ventilation_shaft            ,1,2,2,1,2,2,1,1.57,0.29,,
elevator/freight_elevator    ,2,1,2,2,1,1,2,1.57,0.29,,
ferryboat/cargo_deck         ,2,1,2,2,1,1,2,1.57,0.29,,
fire_escape                  ,2,1,2,2,1,1,2,1.57,0.29,,
military_hospital            ,2,1,2,2,1,1,2,1.57,0.29,,
trench                       ,2,1,2,2,1,1,2,1.57,0.29,,
wine_cellar/bottle_storage   ,1,2,1,1,2,2,2,1.57,0.29,,
bathyscape                   ,3,1,2,1,2,1,1,1.57,0.62,,
ghost_town                   ,2,1,2,3,1,1,1,1.57,0.62,,
naval_base                   ,3,1,2,2,1,1,1,1.57,0.62,,
newsroom                     ,3,1,2,2,1,1,1,1.57,0.62,,
sawmill                      ,2,1,2,1,3,1,1,1.57,0.62,,
sewer                        ,2,1,1,2,3,1,1,1.57,0.62,,
call_center                  ,2,1,3,1,1,1,2,1.57,0.62,,
cardroom                     ,3,1,2,1,1,1,2,1.57,0.62,,
tomb                         ,3,1,1,2,1,1,2,1.57,0.62,,
watering_hole                ,1,1,3,2,1,1,2,1.57,0.62,,
brewery/indoor               ,2,1,2,1,1,1,2,1.43,0.29,,
gun_store                    ,1,1,2,2,1,1,2,1.43,0.29,,
power_plant/indoor           ,2,1,2,1,1,1,2,1.43,0.29,,
power_plant/outdoor          ,2,1,2,1,1,1,2,1.43,0.29,,
tap_house                    ,2,1,2,1,1,1,2,1.43,0.29,,
voting_booth                 ,2,1,2,1,1,1,2,1.43,0.29,,
airlock                      ,1,2,1,1,2,2,1,1.43,0.29,,
assembly_line                ,1,2,1,1,2,2,1,1.43,0.29,,
assembly_plant               ,1,2,1,1,2,2,1,1.43,0.29,,
auto_mechanics/indoor        ,1,2,1,1,2,2,1,1.43,0.29,,
auto_mechanics/outdoor       ,1,2,1,1,2,2,1,1.43,0.29,,
bar                          ,2,1,1,1,2,1,2,1.43,0.29,,
control_room                 ,1,2,1,1,2,2,1,1.43,0.29,,
discotheque                  ,2,1,2,2,1,1,1,1.43,0.29,,
electrical_substation        ,1,2,1,1,2,2,1,1.43,0.29,,
engine_room                  ,2,1,2,2,1,1,1,1.43,0.29,,
excavation                   ,2,1,2,2,1,1,1,1.43,0.29,,
firebreak                    ,2,1,2,2,1,1,1,1.43,0.29,,
foundry/indoor               ,1,2,1,1,2,2,1,1.43,0.29,,
foundry/outdoor              ,1,2,1,1,2,2,1,1.43,0.29,,
insane_asylum                ,1,2,1,1,2,2,1,1.43,0.29,,
landing_strip                ,2,1,2,2,1,1,1,1.43,0.29,,
military_headquarters        ,2,1,2,2,1,1,1,1.43,0.29,,
ossuary                      ,2,1,2,2,1,1,1,1.43,0.29,,
railway_yard                 ,2,1,2,2,1,1,1,1.43,0.29,,
recycling_plant/indoor       ,2,1,2,2,1,1,1,1.43,0.29,,
recycling_plant/outdoor      ,2,1,2,2,1,1,1,1.43,0.29,,
submarine_interior           ,2,1,2,2,1,1,1,1.43,0.29,,
war_room                     ,1,2,1,1,2,2,1,1.43,0.29,,
drainage_ditch               ,2,1,3,1,1,1,1,1.43,0.62,,
juke_joint                   ,3,1,2,1,1,1,1,1.43,0.62,,
paper_mill                   ,2,1,3,1,1,1,1,1.43,0.62,,
fire_trench                  ,2,1,2,1,1,1,1,1.29,0.24,,
legislative_chamber          ,2,1,2,1,1,1,1,1.29,0.24,,
military_hut                 ,2,1,2,1,1,1,1,1.29,0.24,,
military_tent                ,2,1,2,1,1,1,1,1.29,0.24,,
packaging_plant              ,2,1,2,1,1,1,1,1.29,0.24,,
physics_laboratory           ,1,1,2,2,1,1,1,1.29,0.24,,
pump_room                    ,2,1,2,1,1,1,1,1.29,0.24,,
steel_mill/indoor            ,2,1,2,1,1,1,1,1.29,0.24,,
steel_mill/outdoor           ,2,1,2,1,1,1,1,1.29,0.24,,
liquor_store/outdoor         ,2,1,1,1,1,1,2,1.29,0.24,,
battlefield                  ,1,1,1,1,3,1,1,1.29,0.57,,
gasworks                     ,3,1,1,1,1,1,1,1.29,0.57,,
manhole                      ,3,1,1,1,1,1,1,1.29,0.57,,
chemistry_lab                ,1,1,1,2,1,1,1,1.14,0.14,,
cocktail_lounge              ,2,1,1,1,1,1,1,1.14,0.14,,
forest_fire                  ,1,1,1,2,1,1,1,1.14,0.14,,
gas_well                     ,2,1,1,1,1,1,1,1.14,0.14,,
gun_deck/indoor              ,1,1,2,1,1,1,1,1.14,0.14,,
gun_deck/outdoor             ,1,1,2,1,1,1,1,1.14,0.14,,
jail/indoor                  ,1,1,1,2,1,1,1,1.14,0.14,,
jail/outdoor                 ,1,1,1,2,1,1,1,1.14,0.14,,
jury_box                     ,2,1,1,1,1,1,1,1.14,0.14,,
liquor_store/indoor          ,2,1,1,1,1,1,1,1.14,0.14,,
mine                         ,1,1,2,1,1,1,1,1.14,0.14,,
nightclub                    ,2,1,1,1,1,1,1,1.14,0.14,,
nuclear_power_plant/indoor   ,2,1,1,1,1,1,1,1.14,0.14,,
nuclear_power_plant/outdoor  ,2,1,1,1,1,1,1,1.14,0.14,,
nuclear_submarine/outdoor    ,2,1,1,1,1,1,1,1.14,0.14,,
particle_accelerator         ,1,1,2,1,1,1,1,1.14,0.14,,
cargo_deck/boat              ,1,1,1,1,1,1,2,1.14,0.14,,
gallows                      ,1,1,1,1,1,1,2,1.14,0.14,,
torture_chamber              ,1,1,1,1,1,1,2,1.14,0.14,,
cargo_container_interior     ,1,1,1,1,1,1,1,1.00,0.00,,
cargo_deck/airplane          ,1,1,1,1,1,1,1,1.00,0.00,,
cargo_helicopter             ,1,1,1,1,1,1,1,1.00,0.00,,
chemical_plant               ,1,1,1,1,1,1,1,1.00,0.00,,
construction_site            ,1,1,1,1,1,1,1,1.00,0.00,,
control_tower/indoor         ,1,1,1,1,1,1,1,1.00,0.00,,
control_tower/outdoor        ,1,1,1,1,1,1,1,1.00,0.00,,
drill_rig                    ,1,1,1,1,1,1,1,1.00,0.00,,
elevator_shaft               ,1,1,1,1,1,1,1,1.00,0.00,,
jail_cell                    ,1,1,1,1,1,1,1,1.00,0.00,,
lava_flow                    ,1,1,1,1,1,1,1,1.00,0.00,,
mineshaft                    ,1,1,1,1,1,1,1,1.00,0.00,,
oil_refinery/indoor          ,1,1,1,1,1,1,1,1.00,0.00,,
oil_refinery/outdoor         ,1,1,1,1,1,1,1,1.00,0.00,,
oil_well                     ,1,1,1,1,1,1,1,1.00,0.00,,
oilrig                       ,1,1,1,1,1,1,1,1.00,0.00,,
water_treatment_plant/indoor ,1,1,1,1,1,1,1,1.00,0.00,,
water_treatment_plant/outdoor,1,1,1,1,1,1,1,1.00,0.00,,