scene,rater1,rater2,rater3,rater4,rater5
abbey                        ,4,2,2,1,4
access_road                  ,3,3,2,1,4
acropolis                    ,3,4,2,3,4
air_base                     ,2,2,1,2,4
aircraft_carrier_object      ,1,1,1,2,5
airfield                     ,1,1,2,2,5
airlock                      ,1,2,1,1,2
airplane_cabin               ,5,3,2,5,4
airport/airport              ,5,5,4,5,2
airport/entrance             ,5,5,4,5,2
airport_terminal             ,5,5,4,5,5
airport_ticket_counter       ,4,4,3,3,5
alcove                       ,3,4,3,3,3
alley                        ,2,4,3,2,4
amphitheater                 ,4,4,3,3,4
amphitheater_indoor          ,4,4,3,3,4
amusement_arcade             ,5,5,5,5,5
amusement_park               ,5,5,5,5,5
anechoic_chamber             ,3,2,2,2,2
apartment_building/outdoor   ,5,4,4,4,4
apse/indoor                  ,3,2,2,2,2
apse/outdoor                 ,3,2,2,2,2
aquarium                     ,5,5,5,5,5
aquatic_theater              ,5,5,5,5,5
aqueduct                     ,3,3,2,1,3
arbor                        ,5,3,2,3,3
arcade                       ,5,4,4,5,4
arch                         ,3,4,3,4,4
archaelogical_excavation     ,3,2,2,2,2
archipelago                  ,3,3,3,3,3
archive                      ,3,2,3,2,2
arena/basketball             ,5,4,4,4,4
arena/football               ,5,4,4,3,4
arena/hockey                 ,4,4,4,3,4
arena/performance            ,5,4,4,3,4
arena/rodeo                  ,2,4,3,3,4
arena/soccer                 ,5,4,4,4,4
armory                       ,1,2,2,1,2
army_base                    ,1,2,2,2,2
arrival_gate/indoor          ,3,3,3,2,3
arrival_gate/outdoor         ,3,3,3,2,3
art_gallery                  ,5,4,2,3,4
art_school                   ,5,3,3,4,3
art_studio                   ,5,2,2,3,2
artists_loft                 ,3,3,2,2,3
artists_loft/questionable    ,3,3,2,1,3
assembly_hall                ,4,3,3,5,3
assembly_line                ,1,2,1,1,2
assembly_plant               ,1,2,1,1,2
athletic_field/indoor        ,5,4,4,5,4
athletic_field/outdoor       ,5,4,4,5,4
atrium/home                  ,4,4,3,4,4
atrium/public                ,4,4,3,4,4
attic                        ,4,3,2,3,3
auditorium                   ,5,3,3,4,3
auto_factory                 ,1,2,2,1,2
auto_mechanics/indoor        ,1,2,1,1,2
auto_mechanics/outdoor       ,1,2,1,1,2
auto_racing_paddock          ,2,2,1,2,2
auto_showroom                ,3,3,2,2,3
awning_deck                  ,4,3,2,4,3
back_entrance                ,3,3,2,4,3
back_porch                   ,5,3,3,4,3
backdrop                     ,3,2,2,3,2
backroom                     ,3,2,3,2,2
backstage                    ,3,2,3,2,2
backstage_outdoor            ,3,2,2,2,2
backstairs                   ,3,3,2,3,3
backstairs_indoor            ,3,3,2,3,3
backwoods                    ,4,1,3,2,2
badlands                     ,2,2,2,1,3
badminton_court/indoor       ,5,4,3,2,4
badminton_court/outdoor      ,5,4,3,2,2
baggage_claim                ,5,4,3,3,1
bakery/kitchen               ,3,4,3,2,1
bakery/shop                  ,5,4,3,3,2
balcony/exterior             ,3,3,3,3,3
balcony/interior             ,3,3,3,3,5
ball_pit                     ,5,5,5,5,5
ballet                       ,4,3,3,3,5
ballroom                     ,3,2,2,2,4
balustrade                   ,3,3,2,3,4
bamboo_forest                ,4,2,2,3,4
bank/indoor                  ,4,2,2,2,4
bank/outdoor                 ,4,2,2,2,4
bank_vault                   ,1,2,1,1,5
banquet_hall                 ,3,2,2,2,5
baptistry/indoor             ,4,2,2,3,2
baptistry/outdoor            ,4,2,2,3,4
bar                          ,2,1,1,1,2
barbeque                     ,4,4,4,4,2
barbershop                   ,4,2,3,3,5
barn                         ,4,2,3,3,5
barndoor                     ,3,2,3,3,3
barnyard                     ,4,2,3,3,3
barrack                      ,1,2,1,1,4
baseball_field               ,5,4,4,4,4
basement                     ,4,3,3,4,2
basilica                     ,4,3,3,2,3
basin_outdoor                ,3,3,3,2,2
basketball_court/indoor      ,5,4,4,4,4
basketball_court/outdoor     ,5,4,4,4,4
bath_indoor                  ,5,3,3,5,4
bath_outdoor                 ,4,3,3,5,4
bathhouse                    ,4,2,3,1,4
bathhouse_outdoor            ,4,2,3,1,4
bathroom                     ,5,3,3,5,2
bathyscape                   ,3,1,2,1,2
batters_box                  ,3,2,2,3,3
batting_cage/indoor          ,3,2,3,4,3
batting_cage/outdoor         ,3,2,3,4,4
battlefield                  ,1,1,1,1,3
battlement                   ,2,2,1,2,2
bay                          ,4,3,3,4,3
bayou                        ,3,3,3,2,3
bazaar/indoor                ,4,4,3,2,3
bazaar/outdoor               ,4,4,3,2,2
beach                        ,5,5,4,5,2
beach_house                  ,5,4,3,5,4
beauty_salon                 ,4,2,3,2,4
bedchamber                   ,5,3,3,3,4
bedroom                      ,5,3,3,4,4
beer_garden                  ,3,3,2,1,3
beer_hall                    ,2,2,2,1,3
belfry                       ,2,2,2,2,2
bell_foundry                 ,1,2,1,2,2
berth                        ,2,2,2,2,2
berth_deck                   ,2,2,2,2,2
betting_shop                 ,2,1,2,1,3
bicycle_racks                ,2,3,2,3,3
bindery                      ,2,2,2,1,3
biology_laboratory           ,1,2,1,2,3
bistro/indoor                ,4,3,3,2,2
bistro/outdoor               ,4,3,3,2,2
bleachers/indoor             ,5,3,4,5,2
bleachers/outdoor            ,5,3,4,5,2
boardwalk                    ,4,5,3,5,3
boat_deck                    ,5,4,3,3,3
boathouse                    ,4,4,3,2,4
bog                          ,3,3,3,2,3
bomb_shelter/indoor          ,4,3,2,2,3
bookbindery                  ,2,2,2,1,2
bookshelf                    ,4,3,2,2,3
bookstore                    ,5,4,3,3,4
booth/indoor                 ,4,3,2,3,3
booth_outdoor                ,4,3,2,3,3
botanical_garden             ,5,5,4,4,5
bottomland                   ,3,2,3,2,2
bow_window/indoor            ,3,3,2,2,3
bow_window/outdoor           ,3,3,2,2,3
bowling_alley                ,5,4,4,5,4
box_seat                     ,4,3,3,2,3
boxing_ring                  ,2,3,1,2,3
breakfast_table              ,5,4,4,5,4
breakroom                    ,4,2,3,2,2
brewery/indoor               ,2,1,2,1,1
brewery/outdoor              ,2,2,2,1,2
bric-a-brac                  ,2,2,2,2,2
brickyard/indoor             ,2,2,4,2,2
brickyard/outdoor            ,2,2,4,2,2
bridge                       ,3,4,3,3,4
bridle_path                  ,4,3,3,3,3
brooklet                     ,5,3,4,3,3
bubble_chamber               ,2,5,3,1,5
buffet                       ,5,4,3,4,4
building_complex             ,4,3,3,3,3
building_facade              ,3,3,3,3,3
bulkhead                     ,3,2,3,2,2
bullpen                      ,3,3,3,1,3
bullring                     ,1,3,2,2,3
bunk_bed                     ,4,5,4,4,5
burial_chamber               ,1,2,1,2,2
bus_depot/indoor             ,3,3,3,2,3
bus_depot/outdoor            ,3,3,3,2,3
bus_interior                 ,5,4,3,3,4
bus_shelter                  ,4,4,3,2,4
bus_station/indoor           ,4,4,3,2,4
bus_station/outdoor          ,4,4,3,2,4
butchers_shop                ,3,2,2,3,2
butte                        ,3,2,2,3,2
bypass                       ,2,2,2,3,2
byroad                       ,2,2,2,2,2
cabana                       ,5,3,2,2,3
cabin/indoor                 ,5,3,3,2,3
cabin/outdoor                ,5,3,3,2,3
cabin_cruiser                ,4,3,3,2,3
cafeteria                    ,5,3,4,5,3
call_center                  ,2,1,3,1,1
campsite                     ,5,5,4,3,5
campus                       ,4,2,4,5,2
canal/natural                ,3,3,2,1,3
canal/urban                  ,3,3,2,1,3
candy_store                  ,5,5,5,5,5
canteen                      ,4,3,3,2,3
canyon                       ,3,3,2,3,3
car_dealership               ,2,2,2,2,2
car_interior/backseat        ,5,4,4,5,4
car_interior/frontseat       ,4,2,2,3,2
caravansary                  ,2,3,2,2,3
cardroom                     ,3,1,2,1,1
cargo_container_interior     ,1,1,1,1,1
cargo_deck/airplane          ,1,1,1,1,1
cargo_deck/boat              ,1,1,1,1,1
cargo_helicopter             ,1,1,1,1,1
carport/freestanding         ,4,2,2,3,2
carport/indoor               ,4,2,2,3,2
carport/outdoor              ,4,2,2,3,2
carrousel                    ,5,5,5,5,5
casino/indoor                ,2,2,2,1,2
casino/outdoor               ,2,2,2,1,2
castle                       ,4,4,2,3,4
catacomb                     ,2,3,1,2,3
cathedral/indoor             ,4,4,2,3,4
cathedral/outdoor            ,4,4,2,3,4
catwalk                      ,1,2,2,2,2
cavern/indoor                ,2,3,2,2,3
cavern/outdoor               ,2,3,2,2,3
cellar                       ,3,3,2,3,3
cemetery                     ,3,3,2,2,3
chair_lift                   ,4,3,3,3,3
chalet                       ,4,3,3,3,3
chaparral                    ,3,2,2,2,2
chapel                       ,4,2,3,3,2
checkout_counter             ,4,3,2,3,3
cheese_factory               ,2,2,2,2,2
chemical_plant               ,1,1,1,1,1
chemistry_lab                ,1,1,1,2,1
chicken_coop/indoor          ,3,2,2,3,2
chicken_coop/outdoor         ,3,2,2,3,2
chicken_farm/indoor          ,3,2,2,2,2
chicken_farm/outdoor         ,3,2,2,2,2
childs_room                  ,5,5,5,5,5
choir_loft/exterior          ,3,2,2,3,2
choir_loft/interior          ,3,2,2,3,2
chuck_wagon                  ,3,2,2,2,2
church/indoor                ,4,2,3,4,2
church/outdoor               ,4,2,3,4,2
circus_tent/indoor           ,5,5,5,5,5
circus_tent/outdoor          ,5,5,5,5,5
city                         ,4,5,3,5,5
classroom                    ,5,5,5,5,5
clean_room                   ,2,2,3,3,2
cliff                        ,1,2,2,3,2
cloakroom/booth              ,2,2,2,1,2
cloakroom/room               ,2,2,2,2,2
clock_tower/indoor           ,2,2,2,2,2
cloister/indoor              ,3,2,2,2,2
cloister/outdoor             ,3,2,2,2,2
closet                       ,4,3,2,3,3
clothing_store               ,4,3,3,4,3
coast                        ,4,4,3,4,4
coast_road                   ,2,3,3,3,3
cockpit                      ,2,3,2,2,3
cocktail_lounge              ,2,1,1,1,1
coffee_shop                  ,4,3,2,2,3
computer_room                ,3,3,3,3,3
conference_center            ,3,2,2,2,2
conference_hall              ,3,2,2,2,2
conference_room              ,3,2,2,2,2
confessional                 ,3,2,2,2,2
construction_site            ,1,1,1,1,1
control_room                 ,1,2,1,1,2
control_tower/indoor         ,1,1,1,1,1
control_tower/outdoor        ,1,1,1,1,1
convenience_store/indoor     ,4,4,2,2,4
convenience_store/outdoor    ,4,4,2,2,4
corn_field                   ,4,3,3,3,3
corner                       ,3,3,2,3,3
corral                       ,3,3,2,3,3
corridor                     ,3,3,3,3,3
cottage                      ,5,3,3,3,3
cottage_garden               ,5,3,3,3,3
country_house                ,4,3,3,3,3
country_road                 ,3,3,3,3,3
courthouse                   ,3,2,2,3,2
courtroom                    ,3,2,2,2,2
courtyard                    ,4,3,3,2,3
covered_bridge/exterior      ,3,2,3,2,2
covered_bridge/interior      ,3,2,3,2,2
crane                        ,1,2,2,1,2
crawl_space                  ,2,5,2,2,5
creek                        ,4,2,3,3,2
crevasse                     ,2,2,3,2,2
crosswalk                    ,2,2,3,4,2
cubicle/library              ,3,2,3,3,2
cubicle/office               ,3,2,2,2,2
customhouse                  ,3,2,2,2,2
cybercafe                    ,4,2,2,2,2
dacha                        ,3,3,2,3,3
dairy/indoor                 ,2,3,3,2,3
dairy/outdoor                ,2,3,3,2,3
dam                          ,1,3,3,2,3
dance_floor                  ,4,3,2,2,3
dance_school                 ,5,3,3,4,3
darkroom                     ,2,2,2,2,2
day_care_center              ,5,5,5,5,5
deck-house_boat_deck_house   ,3,3,3,2,3
deck-house_deck_house        ,3,3,3,2,3
delicatessen                 ,5,2,3,3,2
dentists_office              ,4,3,3,4,3
department_store             ,4,3,3,4,3
departure_lounge             ,4,3,3,2,3
desert/sand                  ,2,2,3,2,2
desert/vegetation            ,2,2,3,2,2
desert_road                  ,2,2,3,2,2
diner/indoor                 ,3,4,3,3,4
diner/outdoor                ,3,4,3,3,4
dinette/home                 ,3,4,3,4,4
dinette/vehicle              ,2,4,3,4,4
dining_area                  ,3,3,3,4,3
dining_car                   ,4,3,3,3,3
dining_hall                  ,4,3,3,3,3
dining_room                  ,4,3,3,3,3
dirt_track                   ,3,2,3,2,2
discotheque                  ,2,1,2,2,1
distillery                   ,1,2,2,1,2
ditch                        ,3,2,2,2,2
diving_board                 ,3,2,3,4,2
dock                         ,3,2,3,3,2
dolmen                       ,3,2,3,1,2
donjon                       ,3,2,3,2,2
doorway/indoor               ,3,3,3,4,3
doorway/outdoor              ,3,3,3,4,3
dorm_room                    ,4,3,3,2,3
downtown                     ,3,4,3,3,4
drainage_ditch               ,2,1,3,1,1
dress_shop                   ,3,2,3,2,2
dressing_room                ,4,3,3,3,3
drill_rig                    ,1,1,1,1,1
driveway                     ,4,3,3,3,3
driving_range/indoor         ,3,2,2,2,2
driving_range/outdoor        ,3,2,2,2,2
drugstore                    ,4,3,3,3,3
dry_dock                     ,3,2,2,2,2
dugout                       ,3,2,3,3,2
earth_fissure                ,1,2,2,3,2
editing_room                 ,2,2,2,2,2
electrical_substation        ,1,2,1,1,2
elevated_catwalk             ,1,2,2,2,2
elevator/door                ,3,3,3,3,3
elevator/exterior            ,3,3,3,3,3
elevator/freight_elevator    ,2,1,2,2,1
elevator/interior            ,4,3,3,3,3
elevator_lobby               ,4,3,3,3,3
elevator_shaft               ,1,1,1,1,1
embankment                   ,3,2,2,2,2
embassy                      ,3,3,2,3,3
embrasure                    ,3,2,2,1,2
engine_room                  ,2,1,2,2,1
entrance_hall                ,4,3,3,3,3
entranceway_indoor           ,4,3,3,3,3
entranceway_outdoor          ,4,3,3,3,3
entryway_outdoor             ,4,3,3,3,3
escalator/indoor             ,3,3,3,4,3
escalator/outdoor            ,3,3,3,4,3
escarpment                   ,2,2,2,2,2
estaminet                    ,3,2,2,3,2
estuary                      ,3,1,3,3,1
excavation                   ,2,1,2,2,1
exhibition_hall              ,3,3,3,3,3
fabric_store                 ,3,2,3,3,2
factory/indoor               ,2,2,2,1,2
factory/outdoor              ,2,2,2,1,2
fairway                      ,3,3,2,3,3
farm                         ,4,4,3,3,4
farm_building                ,4,3,3,3,3
farmhouse                    ,4,3,3,3,3
fastfood_restaurant          ,5,4,4,5,4
feed_bunk                    ,3,2,3,2,2
fence                        ,3,2,3,3,2
ferryboat/cargo_deck         ,2,1,2,2,1
ferryboat/indoor             ,3,3,3,3,3
ferryboat/passenger_deck     ,5,3,3,4,3
field/cultivated             ,4,2,3,3,2
field/wild                   ,4,2,3,2,2
field_house                  ,4,2,3,3,2
field_road                   ,3,2,3,2,2
field_tent_indoor            ,3,2,4,2,2
field_tent_outdoor           ,3,2,4,2,2
fire_escape                  ,2,1,2,2,1
fire_station                 ,2,2,2,2,2
fire_trench                  ,2,1,2,1,1
firebreak                    ,2,1,2,2,1
fireplace                    ,3,2,3,2,2
firing_range/indoor          ,1,2,2,2,2
firing_range/outdoor         ,1,2,2,3,2
fish_farm                    ,2,2,2,2,2
fishmarket                   ,3,3,3,3,3
fishpond                     ,3,3,4,3,3
fitting_room/exterior        ,3,3,2,4,3
fitting_room/interior        ,3,3,2,4,3
fjord                        ,4,2,3,3,2
flashflood                   ,3,2,2,3,2
flatlet                      ,3,3,2,2,3
flea_market/indoor           ,4,4,3,2,4
flea_market/outdoor          ,4,4,3,2,4
flight_of_stairs/natural     ,4,3,3,2,3
flight_of_stairs/urban       ,4,3,3,3,3
floating_dock                ,3,2,4,3,2
floating_dry_dock            ,3,2,3,2,2
flood                        ,1,2,2,3,2
flood_plain                  ,3,2,2,3,2
florist_shop/indoor          ,4,3,3,3,3
florist_shop/outdoor         ,4,3,3,3,3
flowerbed                    ,4,3,3,3,3
flume_indoor                 ,3,2,3,3,2
fly_bridge                   ,3,2,3,3,2
flying_buttress              ,2,2,3,2,2
food_court                   ,5,3,4,4,3
football_field               ,5,4,4,3,4
foothill                     ,4,3,3,3,3
forecourt                    ,3,2,3,3,2
foreshore                    ,3,2,3,3,2
forest/broadleaf             ,4,2,3,3,2
forest/needleleaf            ,4,2,3,3,2
forest_fire                  ,1,1,1,2,1
forest_path                  ,4,2,3,3,2
forest_road                  ,4,2,3,2,2
forklift                     ,3,2,1,1,2
formal_garden                ,4,2,2,2,2
fort                         ,3,2,2,2,2
fortress                     ,3,2,2,2,2
foundry/indoor               ,1,2,1,1,2
foundry/outdoor              ,1,2,1,1,2
fountain                     ,4,4,4,3,4
freeway                      ,2,3,2,3,3
front_porch                  ,3,3,3,3,3
funeral_chapel               ,2,2,2,2,2
funeral_home                 ,2,2,2,2,2
furnace_room                 ,2,2,2,1,2
galley                       ,3,4,2,2,4
gallows                      ,1,1,1,1,1
game_room                    ,5,2,5,4,2
gangplank                    ,3,2,2,2,2
garage/indoor                ,3,3,3,3,3
garage/outdoor               ,3,3,3,3,3
garbage_dump                 ,2,2,2,1,2
garden                       ,3,3,3,3,3
gas_station                  ,4,3,2,3,3
gas_well                     ,2,1,1,1,1
gasworks                     ,3,1,1,1,1
gate                         ,3,3,3,3,3
gatehouse                    ,3,2,3,1,2
gazebo/exterior              ,5,2,3,3,2
gazebo/interior              ,5,2,3,3,2
general_store/indoor         ,4,4,3,3,4
general_store/outdoor        ,4,4,3,3,4
geodesic_dome/indoor         ,3,2,3,3,2
geodesic_dome/outdoor        ,3,2,3,3,2
ghost_town                   ,2,1,2,3,1
gift_shop                    ,3,4,4,3,4
glacier                      ,2,2,2,3,2
glade                        ,4,2,3,3,2
glen                         ,4,2,3,2,2
golf_course                  ,4,2,3,2,2
gorge                        ,2,2,3,3,2
granary                      ,3,2,3,1,2
grape_arbor                  ,3,2,3,3,2
grave                        ,2,2,2,2,2
great_hall                   ,3,3,3,2,3
greengrocery                 ,4,3,3,3,3
greenhouse/indoor            ,4,2,3,3,2
greenhouse/outdoor           ,4,2,3,3,2
grotto                       ,4,2,3,2,2
grove                        ,4,2,3,3,2
guardhouse                   ,2,2,3,1,2
guardroom                    ,2,2,3,1,2
guesthouse                   ,4,3,3,2,3
guildhall                    ,3,2,3,2,2
gulch                        ,3,2,3,2,2
gun_deck/indoor              ,1,1,2,1,1
gun_deck/outdoor             ,1,1,2,1,1
gun_store                    ,1,1,2,2,1
gymnasium/indoor             ,5,5,4,4,5
gymnasium_outdoor            ,5,5,4,4,5
hacienda                     ,3,3,3,2,3
hallway                      ,5,3,3,3,3
hammock                      ,5,3,4,3,3
handball_court               ,4,3,4,4,3
hangar/indoor                ,2,2,3,2,2
hangar/outdoor               ,2,2,3,2,2
harbor                       ,3,3,3,2,3
hardware_store               ,3,4,3,2,4
hat_shop                     ,3,2,3,2,2
hatchery                     ,3,2,3,1,2
hatchway                     ,3,2,3,2,2
hayfield                     ,4,2,3,3,2
hayloft                      ,3,2,3,3,2
head_shop                    ,3,2,2,1,2
hearth                       ,4,2,3,3,2
heath                        ,4,3,3,3,3
hedge_maze                   ,5,4,3,3,4
hedgerow                     ,4,3,3,3,3
heliport                     ,2,2,3,2,2
hen_yard                     ,3,2,3,2,2
herb_garden                  ,4,2,3,3,2
heronry                      ,3,2,3,3,2
highway                      ,2,3,2,3,3
hill                         ,4,2,3,3,2
hillock                      ,4,2,3,3,2
hollow                       ,4,2,3,3,2
home_office                  ,4,2,2,2,2
home_theater                 ,5,3,4,3,3
hoodoo                       ,3,1,3,3,1
hospital                     ,4,3,2,3,3
hospital_room                ,4,3,2,2,3
hot_spring                   ,4,2,3,2,2
hot_tub/indoor               ,4,2,2,3,2
hot_tub/outdoor              ,4,2,2,3,2
hotel/outdoor                ,5,3,3,4,3
hotel_breakfast_area         ,5,3,3,4,3
hotel_room                   ,5,3,3,3,3
house                        ,5,3,3,5,3
housing_estate               ,4,3,3,3,3
housing_project              ,4,3,3,3,3
howdah                       ,3,2,2,2,2
hunting_lodge/indoor         ,3,2,2,2,2
hunting_lodge/outdoor        ,3,2,2,2,2
hut                          ,5,2,3,2,2
hutment                      ,3,2,3,2,2
ice_cream_parlor             ,5,5,4,5,5
ice_floe                     ,1,3,2,1,3
ice_shelf                    ,2,3,2,2,3
ice_skating_rink/indoor      ,5,5,4,5,5
ice_skating_rink/outdoor     ,5,5,4,5,5
iceberg                      ,1,2,2,1,2
igloo                        ,4,4,3,2,4
imaret                       ,3,2,3,1,2
incinerator/indoor           ,1,2,2,1,2
incinerator/outdoor          ,1,2,2,1,2
industrial_area              ,2,2,1,1,2
industrial_park              ,2,2,1,1,2
inlet                        ,3,2,2,2,2
inn/indoor                   ,5,3,3,2,3
inn/outdoor                  ,5,3,3,2,3
insane_asylum                ,1,2,1,1,2
irrigation_ditch             ,3,1,3,1,1
islet                        ,3,2,3,2,2
jacuzzi/indoor               ,4,2,2,3,2
jacuzzi/outdoor              ,4,2,2,3,2
jail/indoor                  ,1,1,1,2,1
jail/outdoor                 ,1,1,1,2,1
jail_cell                    ,1,1,1,1,1
japanese_garden              ,4,3,3,3,3
jetliner/outside             ,2,2,3,2,2
jetty                        ,3,3,3,2,3
jewelry_shop                 ,3,2,3,2,2
joss_house                   ,3,3,3,2,3
juke_joint                   ,3,1,2,1,1
jumbo_jet/outdoor            ,2,2,3,2,2
jungle                       ,3,2,3,2,2
junk_pile                    ,2,2,2,2,2
junkyard                     ,2,2,2,2,2
jury_box                     ,2,1,1,1,1
kasbah                       ,2,2,1,1,2
kennel/indoor                ,3,3,2,2,3
kennel/outdoor               ,3,3,2,2,3
kindergarden_classroom       ,5,5,5,5,5
kiosk/indoor                 ,4,4,3,2,4
kiosk/outdoor                ,4,4,3,2,4
kitchen                      ,5,4,3,2,4
kitchenette                  ,5,4,3,2,4
kraal                        ,3,4,3,3,4
lab_classroom                ,2,5,4,5,5
laboratorywet                ,2,3,2,3,3
labyrinth/indoor             ,4,5,3,1,5
labyrinth/outdoor            ,4,5,3,1,5
lagoon                       ,3,3,3,2,3
lair                         ,3,2,1,1,2
lake/artificial              ,5,3,3,2,3
lake/natural                 ,5,3,3,3,3
landfill                     ,2,2,1,2,2
landing                      ,3,2,3,3,2
landing_deck                 ,2,2,2,2,2
landing_strip                ,2,1,2,2,1
launchpad                    ,2,2,2,1,2
laundromat                   ,4,4,3,3,4
lava_flow                    ,1,1,1,1,1
lavatory                     ,5,4,3,3,4
lawn                         ,5,3,3,4,3
layby                        ,3,2,3,3,2
lean-to                      ,4,2,3,2,2
lean-to_tent                 ,4,2,3,2,2
lecture_room                 ,4,2,4,3,2
legislative_chamber          ,2,1,2,1,1
levee                        ,3,2,2,1,2
library/indoor               ,5,4,3,3,4
library/outdoor              ,5,4,3,3,4
lido_deck/indoor             ,3,3,3,5,3
lido_deck/outdoor            ,3,3,3,5,3
lift_bridge                  ,3,2,3,2,2
lighthouse                   ,3,3,3,2,3
limousine_interior           ,3,2,2,2,2
liquor_store/indoor          ,2,1,1,1,1
liquor_store/outdoor         ,2,1,1,1,1
living_room                  ,5,3,3,5,3
loading_dock                 ,2,2,3,1,2
lobby                        ,5,2,3,3,2
lock_chamber                 ,3,2,2,1,2
locker_room                  ,4,2,3,3,2
loft                         ,3,3,3,3,3
loge                         ,3,2,3,2,2
loggia/outdoor               ,3,2,3,3,2
loo                          ,5,4,3,3,4
lookout_station/indoor       ,3,3,3,1,3
lookout_station/outdoor      ,3,3,3,1,3
lower_deck                   ,3,2,3,1,2
luggage_van                  ,4,2,2,1,2
lumberyard/indoor            ,2,2,2,1,2
lumberyard/outdoor           ,2,2,2,1,2
lyceum                       ,3,3,3,5,3
machine_shop                 ,2,2,2,1,2
manhole                      ,3,1,1,1,1
mansard                      ,3,2,2,2,2
mansion                      ,4,2,3,2,3
manufactured_home            ,5,2,3,3,3
market/indoor                ,5,4,3,3,4
market/outdoor               ,5,4,3,3,4
marsh                        ,3,3,3,2,3
martial_arts_gym             ,5,4,3,4,4
mastaba                      ,3,2,3,2,2
maternity_ward               ,5,5,3,5,5
mausoleum                    ,2,3,2,2,3
meadow                       ,5,3,3,2,3
meat_house                   ,2,2,3,2,2
medina                       ,3,2,3,2,2
megalith                     ,3,2,3,2,2
menhir                       ,3,1,3,2,1
mens_store_outdoor           ,3,2,3,2,2
mental_institution/indoor    ,3,2,2,2,2
mental_institution/outdoor   ,3,2,2,2,2
merlon                       ,3,2,3,2,2
mesa                         ,4,3,3,3,3
mess_hall                    ,4,2,3,3,2
mews                         ,3,2,3,2,2
mezzanine                    ,4,2,3,3,2
military_headquarters        ,2,1,2,2,1
military_hospital            ,2,1,2,2,1
military_hut                 ,2,1,2,1,1
military_tent                ,2,1,2,1,1
mill                         ,3,2,3,1,2
millpond                     ,3,2,3,2,2
millrace                     ,3,2,3,2,2
mine                         ,1,1,2,1,1
mineshaft                    ,1,1,1,1,1
mini_golf_course/indoor      ,5,4,4,5,4
mini_golf_course/outdoor     ,5,4,4,5,4
mission                      ,3,2,3,3,2
moat/dry                     ,3,2,3,2,2
moat/water                   ,3,2,3,2,2
mobile_home                  ,4,3,3,3,3
monastery/indoor             ,4,2,2,2,2
monastery/outdoor            ,4,2,2,2,2
moon_bounce                  ,5,5,5,5,5
moor                         ,4,2,3,2,2
morass                       ,3,2,2,2,2
morgue                       ,1,2,2,1,2
mosque/indoor                ,3,3,3,3,3
mosque/outdoor               ,3,3,3,3,3
motel                        ,5,2,3,2,2
mountain                     ,3,2,3,2,2
mountain_path                ,3,2,3,2,2
mountain_road                ,3,2,3,2,2
mountain_snowy               ,3,4,3,2,4
movie_theater/indoor         ,5,3,4,5,3
movie_theater/outdoor        ,5,3,4,5,3
mudflat                      ,3,2,3,2,2
museum/indoor                ,5,4,4,3,4
museum/outdoor               ,5,4,4,3,4
music_store                  ,4,2,3,4,2
music_studio                 ,3,2,3,2,2
natural_history_museum       ,5,5,4,5,5
natural_spring               ,4,3,3,2,3
naval_base                   ,3,1,2,2,1
newsroom                     ,3,1,2,2,1
newsstand/indoor             ,4,3,3,2,3
newsstand/outdoor            ,4,3,3,3,3
nightclub                    ,2,1,1,1,1
nook                         ,4,3,2,2,3
nuclear_power_plant/indoor   ,2,1,1,1,1
nuclear_power_plant/outdoor  ,2,1,1,1,1
nuclear_submarine/outdoor    ,2,1,1,1,1
nunnery                      ,4,2,2,2,2
nursery                      ,5,5,4,4,5
nursing_home                 ,4,2,2,3,2
nursing_home_outdoor         ,4,2,2,3,2
oasis                        ,4,2,3,2,2
oast_house                   ,3,2,3,2,3
observation_station          ,3,2,3,2,3
observatory/indoor           ,3,2,3,3,2
observatory/outdoor          ,3,2,3,3,2
observatory_post             ,3,2,3,2,3
ocean                        ,5,2,3,3,2
oceanfront                   ,5,3,3,4,3
office                       ,3,1,2,2,1
office_building              ,3,1,2,3,1
office_cubicles              ,3,1,2,2,1
oil_refinery/indoor          ,1,1,1,1,1
oil_refinery/outdoor         ,1,1,1,1,1
oil_well                     ,1,1,1,1,1
oilrig                       ,1,1,1,1,1
one-way_street               ,2,2,3,3,2
open-hearth_furnace          ,2,2,2,3,2
operating_room               ,2,2,2,2,2
operating_table              ,2,2,2,2,2
optician                     ,4,2,2,2,2
orchard                      ,4,3,3,3,3
orchestra_pit                ,2,1,2,3,1
organ_loft/exterior          ,2,2,2,2,2
organ_loft/interior          ,2,2,2,2,2
orlop_deck                   ,3,2,2,2,2
ossuary                      ,2,1,2,2,1
outbuilding                  ,3,2,2,3,2
outcropping                  ,3,2,3,3,2
outhouse/indoor              ,4,2,3,2,2
outhouse/outdoor             ,4,2,3,2,2
overpass                     ,1,2,3,2,2
oyster_bar                   ,3,1,2,2,1
oyster_farm                  ,2,2,2,2,2
packaging_plant              ,2,1,2,1,1
pagoda                       ,4,2,3,2,2
palace                       ,4,3,3,2,3
palace_hall                  ,4,3,3,2,3
palestra                     ,3,2,3,2,2
palisade                     ,3,1,3,2,1
pallet/indoor                ,3,2,3,2,2
pantry                       ,4,2,3,4,2
paper_mill                   ,2,1,3,1,1
parade_ground                ,4,3,3,4,3
park                         ,5,5,3,5,5
parking_garage/indoor        ,3,2,3,3,2
parking_garage/outdoor       ,3,2,3,3,2
parking_lot                  ,3,2,3,3,2
parkway                      ,5,2,3,2,2
parlor                       ,3,2,3,2,2
particle_accelerator         ,1,1,2,1,1
party_tent/indoor            ,5,4,2,1,4
party_tent/outdoor           ,5,4,2,1,4
passage/outdoor              ,3,3,2,2,3
pasture                      ,4,3,2,2,3
patio                        ,5,3,3,3,3
patio_indoor                 ,5,3,3,3,3
pavement                     ,3,3,3,3,3
pavilion                     ,5,3,3,2,3
pawnshop                     ,3,3,3,3,3
pawnshop_outdoor             ,3,3,3,3,3
pedestrian_overpass/indoor   ,4,3,3,4,3
pedestrian_overpass/outdoor  ,4,3,3,4,3
penalty_box                  ,3,1,3,3,1
penthouse                    ,4,2,3,2,2
perfume_shop                 ,3,2,3,2,2
pet_shop                     ,4,4,3,5,4
pharmacy                     ,3,3,3,3,3
phone_booth                  ,3,2,3,2,2
physics_laboratory           ,1,1,2,2,1
piano_store                  ,4,3,3,3,3
picnic_area                  ,5,5,3,4,5
pier                         ,4,3,3,4,3
pig_farm                     ,2,2,2,2,2
pilothouse/indoor            ,3,2,2,2,2
pilothouse/outdoor           ,3,2,2,2,2
pinetum                      ,3,2,3,2,2
piste_road                   ,3,3,3,2,3
pitchers_mound               ,3,2,3,3,2
pizzeria                     ,5,4,4,3,4
pizzeria_outdoor             ,5,4,4,3,4
planetarium/indoor           ,5,5,4,4,5
planetarium/outdoor          ,5,5,4,4,5
plantation_house             ,4,2,3,2,2
playground                   ,5,5,5,5,5
playroom                     ,5,5,5,5,5
plaza                        ,5,3,3,3,3
podium/indoor                ,3,3,3,3,3
podium/outdoor               ,3,3,3,3,3
police_station               ,2,2,2,2,2
pond                         ,4,2,3,3,2
pontoon_bridge               ,3,3,3,3,3
poolroom/establishment       ,4,2,2,2,2
poolroom/home                ,4,2,2,3,3
poop_deck                    ,3,2,2,3,2
porch                        ,5,3,3,3,3
portico                      ,3,2,3,2,2
portrait_studio              ,4,2,3,3,2
postern                      ,3,2,3,2,2
powder_room                  ,3,2,3,2,2
power_plant/indoor           ,2,1,2,1,1
power_plant/outdoor          ,2,1,2,1,1
preserve                     ,4,2,3,2,2
print_shop                   ,3,2,3,2,3
priory                       ,3,2,3,2,2
promenade                    ,4,4,3,2,4
promenade_deck               ,4,4,3,2,4
pub/indoor                   ,4,2,2,1,2
pub/outdoor                  ,4,3,2,1,3
pueblo                       ,4,3,3,3,3
pulpit                       ,3,2,2,2,2
pump_room                    ,2,1,2,1,1
pumping_station              ,4,2,2,1,2
putting_green                ,4,2,3,3,2
quadrangle                   ,2,2,3,2,2
quicksand                    ,1,2,2,1,2
quonset_hut/indoor           ,3,3,3,2,3
quonset_hut/outdoor          ,3,3,3,2,3
racecourse                   ,3,2,3,2,2
raceway                      ,3,2,3,2,2
raft                         ,3,3,3,3,3
railroad_track               ,1,2,2,2,2
railway_yard                 ,2,1,2,2,1
rain-wash                    ,2,2,3,2,2
rainforest                   ,3,2,3,2,2
ramp                         ,3,2,3,3,2
ranch                        ,4,4,3,3,4
ranch_house                  ,4,4,3,3,4
reading_room                 ,5,3,3,3,3
reception                    ,5,3,3,3,3
reception_room               ,5,3,3,3,3
recreation_room              ,5,3,4,3,3
rectory                      ,3,2,3,3,2
recycling_plant/indoor       ,2,1,2,2,1
recycling_plant/outdoor      ,2,1,2,2,1
refectory                    ,3,2,2,2,2
repair_shop                  ,3,2,2,2,2
residential_neighborhood     ,5,4,4,5,4
resort                       ,5,4,4,3,4
rest_area                    ,5,4,3,3,4
rest_stop                    ,5,4,3,3,4
restaurant                   ,5,4,3,4,4
restaurant_kitchen           ,2,2,3,2,2
restaurant_patio             ,5,4,3,3,4
restroom/indoor              ,5,3,3,4,3
restroom/outdoor             ,5,3,3,4,3
retaining_wall               ,3,1,2,2,1
revolving_door               ,3,2,3,3,2
rice_paddy                   ,4,2,2,2,2
riding_arena                 ,4,3,3,3,3
rift_valley                  ,3,2,3,2,2
river                        ,4,3,3,2,3
road                         ,2,3,3,3,3
road_cut                     ,2,2,3,2,2
rock_arch                    ,2,2,3,2,2
rock_garden                  ,2,4,3,2,4
roller_skating_rink/indoor   ,5,5,4,5,5
roller_skating_rink/outdoor  ,5,5,4,5,5
rolling_mill                 ,1,2,2,2,2
roof                         ,2,2,2,2,2
roof_garden                  ,3,4,3,3,4
root_cellar                  ,3,2,2,3,2
rope_bridge                  ,2,3,3,3,3
rotisserie                   ,2,3,2,1,3
roundabout                   ,2,2,3,2,2
roundhouse                   ,3,3,3,2,3
rubble                       ,2,2,2,2,2
ruin                         ,2,2,2,3,2
runway                       ,1,2,2,1,2
sacristy                     ,3,2,2,1,2
safari_park                  ,3,4,3,3,4
salad_bar                    ,4,3,3,4,3
salon                        ,3,2,3,3,2
saloon                       ,2,2,2,1,2
salt_plain                   ,2,2,2,1,2
sanatorium                   ,3,2,2,1,2
sand_trap                    ,3,2,2,1,2
sandbar                      ,3,3,3,3,3
sandbox                      ,5,5,5,5,2
sauna                        ,3,2,2,3,2
savanna                      ,3,2,3,2,2
sawmill                      ,2,1,2,1,3
schoolhouse                  ,5,5,5,5,3
schoolyard                   ,5,5,5,5,2
science_laboratory           ,3,2,2,3,2
science_museum               ,5,5,4,4,3
scriptorium                  ,3,2,3,2,2
scrubland                    ,4,2,3,2,1
scullery                     ,2,3,3,2,2
sea_cliff                    ,2,2,2,3,2
seaside                      ,5,4,3,3,2
seawall                      ,2,2,2,2,4
security_check_point         ,3,2,2,2,4
semidesert                   ,3,2,3,2,3
server_room                  ,2,1,2,2,3
sewer                        ,2,1,1,2,3
sewing_room                  ,3,2,3,2,3
shed                         ,3,3,3,3,2
shelter                      ,3,3,3,3,1
shelter_deck                 ,3,3,3,3,1
shelter_tent                 ,3,3,3,2,2
shipping_room                ,3,2,2,1,2
shipyard/outdoor             ,2,2,2,1,4
shoe_shop                    ,4,2,3,2,4
shopfront                    ,4,3,3,3,4
shopping_mall/indoor         ,5,4,3,5,4
shopping_mall/outdoor        ,5,4,3,5,4
shore                        ,5,3,3,4,2
shower                       ,5,3,3,5,4
shower_room                  ,5,3,3,5,3
shrine                       ,3,2,3,2,3
shrubbery                    ,3,2,3,2,1
sidewalk                     ,4,3,3,4,2
signal_box                   ,2,2,3,2,2
sinkhole                     ,2,2,2,1,3
ski_jump                     ,3,2,3,2,2
ski_lodge                    ,3,4,3,2,3
ski_resort                   ,3,4,3,2,3
ski_slope                    ,3,4,3,3,2
sky                          ,2,2,2,1,2
skyscraper                   ,3,2,3,2,4
skywalk/indoor               ,3,3,3,3,5
skywalk/outdoor              ,3,3,3,3,5
slum                         ,2,4,3,3,2
snack_bar                    ,3,3,3,4,2
snowbank                     ,3,2,3,4,4
snowfield                    ,3,2,3,4,2
spa/massage_room             ,3,2,2,2,3
spa/mineral_bath             ,3,2,2,2,3
spillway                     ,2,2,3,2,2
sporting_goods_store         ,4,3,4,4,3
squash_court                 ,4,2,3,2,2
stable                       ,3,3,3,3,2
stadium/baseball             ,5,4,4,4,2
stadium/football             ,5,4,4,4,2
stadium/outdoor              ,5,4,4,4,4
stadium/soccer               ,5,4,4,4,4
stage/indoor                 ,4,3,3,3,3
stage/outdoor                ,4,3,3,3,3
stage_set                    ,3,3,3,3,3
staircase                    ,4,3,3,3,3
stall                        ,4,3,2,2,3
starting_gate                ,3,2,2,1,2
stateroom                    ,3,2,2,1,2
steam_plant/outdoor          ,2,2,2,1,2
steel_mill/indoor            ,2,1,2,1,1
steel_mill/outdoor           ,2,1,2,1,1
stone_circle                 ,3,2,3,3,2
storage_room                 ,3,2,2,2,3
store                        ,4,4,3,3,4
storm_cellar                 ,2,3,2,3,3
strand                       ,4,3,2,2,3
street                       ,2,3,3,3,3
streetcar_track              ,2,2,3,1,2
strip_mall                   ,3,3,3,4,3
strip_mine                   ,2,2,1,1,2
student_center               ,5,3,3,5,3
student_residence            ,4,2,3,1,2
study_hall                   ,5,2,3,3,2
submarine_interior           ,2,1,2,2,1
subway_interior              ,3,4,3,3,4
subway_station/corridor      ,3,4,3,2,4
subway_station/platform      ,3,4,3,3,4
sugar_refinery               ,3,2,2,1,2
suite                        ,2,3,3,1,3
sun_deck                     ,5,3,3,3,3
sunroom                      ,2,3,3,3,3
supermarket                  ,4,3,3,4,3
supply_chamber               ,2,2,2,2,2
sushi_bar                    ,3,2,2,3,3
swamp                        ,2,2,3,2,2
swimming_hole                ,4,2,4,3,2
swimming_pool/indoor         ,4,4,4,3,4
swimming_pool/outdoor        ,4,4,4,3,4
synagogue/indoor             ,3,3,3,3,3
synagogue/outdoor            ,3,3,3,3,3
t-bar_lift                   ,4,4,2,2,4
tannery                      ,2,2,2,1,2
tap_house                    ,2,1,2,1,1
taxistand                    ,3,2,2,2,2
taxiway                      ,3,2,2,2,2
tea_garden                   ,4,2,3,2,2
teahouse                     ,4,2,3,3,2
tearoom                      ,4,2,3,3,2
teashop                      ,4,3,3,3,3
television_room              ,5,3,4,4,3
television_studio            ,3,3,3,2,3
temple/east_asia             ,3,3,3,2,3
temple/mesoamerican          ,3,3,3,1,3
temple/south_asia            ,3,3,3,2,3
temple/western               ,3,3,3,2,3
tennis_court/indoor          ,4,4,4,2,4
tennis_court/outdoor         ,4,4,4,2,4
tent/indoor                  ,5,3,4,3,3
tent/outdoor                 ,5,3,4,3,3
terrace_farm                 ,4,3,3,2,3
theater/indoor_procenium     ,4,4,4,3,4
theater/indoor_round         ,4,4,4,3,4
theater/indoor_seats         ,4,4,4,3,4
theater/outdoor              ,4,4,4,3,4
threshing_floor              ,2,2,2,2,2
thriftshop                   ,4,3,2,3,3
throne_room                  ,3,2,2,2,2
thunderhead                  ,1,2,2,2,2
ticket_booth                 ,4,2,3,3,2
ticket_window/indoor         ,4,3,3,3,3
ticket_window/outdoor        ,4,3,3,3,3
tidal_basin                  ,2,2,3,1,2
tidal_river                  ,2,2,2,1,2
tiltyard                     ,3,2,2,1,2
tobacco_shop/indoor          ,2,2,1,1,2
toll_plaza                   ,2,2,2,2,2
tollbooth                    ,2,2,2,1,2
tollgate                     ,2,2,2,1,2
tomb                         ,3,1,1,2,1
topiary_garden               ,4,2,3,3,2
torture_chamber              ,1,1,1,1,1
tower                        ,3,2,3,2,2
town_house                   ,4,3,3,3,3
toyshop                      ,5,5,5,5,5
track/indoor                 ,3,4,3,2,4
track/outdoor                ,3,4,3,2,4
tract_housing                ,3,3,2,2,3
trading_floor                ,2,2,1,2,2
traffic_island               ,4,2,2,2,2
trailer_park                 ,5,4,3,2,4
train_interior               ,5,4,3,3,4
train_railway                ,3,2,2,1,2
train_station/outdoor        ,5,3,3,3,3
train_station/platform       ,5,3,3,3,3
train_station/station        ,3,3,3,3,3
tree_farm                    ,4,2,3,3,2
tree_house                   ,5,5,5,5,5
trellis                      ,2,2,2,2,2
trench                       ,2,1,2,2,1
trestle_bridge               ,3,2,3,2,2
truck_stop                   ,3,2,2,2,2
tundra                       ,2,2,2,2,2
tunnel/rail_indoor           ,1,2,2,1,2
tunnel/rail_outdoor          ,1,2,2,1,2
tunnel/road_indoor           ,1,2,2,2,2
tunnel/road_outdoor          ,1,2,2,2,2
tunnel/waterway              ,2,2,2,1,2
turkish_bath                 ,3,2,2,1,2
underwater/coral_reef        ,3,2,2,3,2
underwater/ocean_deep        ,2,2,2,1,2
underwater/ocean_shallow     ,3,2,4,3,2
underwater/pool              ,4,3,4,5,3
upper_balcony                ,2,3,3,4,3
utility_room                 ,1,2,2,2,2
valley                       ,4,2,3,3,2
van_interior                 ,5,3,2,4,3
vat                          ,2,2,2,1,2
vegetable_garden             ,5,2,3,3,2
velodrome/indoor             ,3,2,2,2,2
velodrome/outdoor            ,3,2,2,2,2
ventilation_shaft            ,1,2,2,1,2
veranda                      ,4,3,3,1,3
vestibule                    ,4,2,3,2,2
vestry                       ,4,2,3,2,2
veterinarians_office         ,3,3,3,3,3
viaduct                      ,2,2,2,1,2
victory_garden               ,4,2,3,2,2
videostore                   ,4,2,4,5,2
village                      ,5,4,3,4,4
vinery                       ,5,2,2,2,2
vineyard                     ,4,2,2,3,2
volcano                      ,1,2,2,2,2
volleyball_court/indoor      ,4,4,4,3,4
volleyball_court/outdoor     ,4,4,4,3,4
voting_booth                 ,2,1,2,1,1
waiting_room                 ,5,3,3,3,3
walk_in_freezer              ,1,2,2,1,2
walkway                      ,5,2,3,3,2
war_room                     ,1,2,1,1,2
warehouse/indoor             ,1,2,2,1,2
warehouse/outdoor            ,2,2,2,1,2
washhouse/indoor             ,5,3,3,1,3
washhouse/outdoor            ,5,3,3,1,3
washroom                     ,5,3,3,3,3
watchtower                   ,1,2,3,2,2
water_fountain               ,4,3,4,5,3
water_gate                   ,1,2,3,2,2
water_mill                   ,2,2,3,2,2
water_park                   ,5,5,5,5,5
water_tower                  ,1,2,1,2,2
water_treatment_plant/indoor ,1,1,1,1,1
water_treatment_plant/outdoor,1,1,1,1,1
waterfall/block              ,2,2,2,3,2
waterfall/cascade            ,2,2,3,3,2
waterfall/cataract           ,2,2,2,2,2
waterfall/fan                ,2,2,2,2,3
waterfall/frozen             ,1,2,2,2,2
waterfall/plunge             ,1,2,2,3,2
watering_hole                ,1,1,3,2,1
waterscape                   ,3,2,3,3,2
waterway                     ,2,2,3,2,3
wave                         ,2,2,3,3,2
weighbridge                  ,3,2,3,1,2
wet_bar                      ,1,2,2,1,3
wetland                      ,3,2,3,2,3
wharf                        ,3,2,3,2,2
wheat_field                  ,3,2,3,2,3
whispering_gallery           ,2,2,2,2,2
widows_walk/exterior         ,1,2,3,2,2
widows_walk/interior         ,1,2,3,2,2
widows_walk_indoor           ,1,2,3,2,3
wind_farm                    ,3,2,2,2,3
windmill                     ,3,2,3,3,2
window_seat                  ,4,3,3,3,3
windstorm                    ,1,2,2,2,2
wine_cellar/barrel_storage   ,2,2,1,1,2
wine_cellar/bottle_storage   ,1,2,1,1,2
winery                       ,3,2,2,1,3
witness_stand                ,2,2,1,2,2
woodland                     ,5,2,2,3,3
workroom                     ,2,2,2,2,2
workshop                     ,2,2,2,2,3
wrestling_ring/indoor        ,3,2,3,2,2
wrestling_ring/outdoor       ,2,2,3,2,2
yard                         ,5,4,4,4,4
youth_hostel                 ,3,4,4,1,4
zen_garden                   ,3,3,3,2,3
ziggurat                     ,3,2,2,3,2
zoo                          ,5,5,5,5,5